QUOTE_DATE,EXPIRE_DATE,S,K,DTE_days,T_years,volatility_sigma,annualised_interest_rate_r,call_mid_price,C_BID,C_ASK,C_LAST,treasury_rate_date
02/01/19,04/01/19,157.92,100,2,0.005479452,3.25314,0.024,57.9,57.7,58.1,57.2,02/01/19
02/01/19,04/01/19,157.92,130,2,0.005479452,1.54085,0.024,28.425,27.25,29.6,27.23,02/01/19
02/01/19,04/01/19,157.92,136,2,0.005479452,1.17751,0.024,22.3,21.25,23.35,21.8,02/01/19
02/01/19,04/01/19,157.92,141,2,0.005479452,0.96019,0.024,17.355,16.25,18.46,17.8,02/01/19
02/01/19,04/01/19,157.92,142,2,0.005479452,1.00784,0.024,16.605,15.71,17.5,15.05,02/01/19
02/01/19,04/01/19,157.92,143,2,0.005479452,0.94063,0.024,15.55,14.66,16.44,14.33,02/01/19
02/01/19,04/01/19,157.92,144,2,0.005479452,0.94189,0.024,14.695,13.7,15.69,14.55,02/01/19
02/01/19,04/01/19,157.92,145,2,0.005479452,0.50978,0.024,12.825,12.6,13.05,12.4,02/01/19
02/01/19,04/01/19,157.92,146,2,0.005479452,0.80155,0.024,12.575,11.65,13.5,12.25,02/01/19
02/01/19,04/01/19,157.92,147,2,0.005479452,0.76783,0.024,11.62,10.74,12.5,10.1,02/01/19
02/01/19,04/01/19,157.92,148,2,0.005479452,0.56803,0.024,10.175,9.25,11.1,9.35,02/01/19
02/01/19,04/01/19,157.92,149,2,0.005479452,0.55928,0.024,9.275,8.85,9.7,8.45,02/01/19
02/01/19,04/01/19,157.92,150,2,0.005479452,0.45078,0.024,8.1,7.9,8.3,7.9,02/01/19
02/01/19,04/01/19,157.92,152.5,2,0.005479452,0.37001,0.024,5.695,5.65,5.74,5.6,02/01/19
02/01/19,04/01/19,157.92,155,2,0.005479452,0.32956,0.024,3.565,3.54,3.59,3.5,02/01/19
02/01/19,04/01/19,157.92,157.5,2,0.005479452,0.33081,0.024,2.025,2,2.05,2.06,02/01/19
02/01/19,04/01/19,157.92,160,2,0.005479452,0.30245,0.024,0.845,0.83,0.86,0.85,02/01/19
02/01/19,04/01/19,157.92,162.5,2,0.005479452,0.29733,0.024,0.305,0.3,0.31,0.3,02/01/19
02/01/19,04/01/19,157.92,165,2,0.005479452,0.29924,0.024,0.09,0.08,0.1,0.09,02/01/19
02/01/19,04/01/19,157.92,167.5,2,0.005479452,0.3219,0.024,0.035,0.03,0.04,0.03,02/01/19
02/01/19,04/01/19,157.92,170,2,0.005479452,0.37082,0.024,0.025,0.02,0.03,0.03,02/01/19
02/01/19,04/01/19,157.92,172.5,2,0.005479452,0.4054,0.024,0.015,0.01,0.02,0.02,02/01/19
02/01/19,04/01/19,157.92,175,2,0.005479452,0.46179,0.024,0.01,0,0.02,0.01,02/01/19
02/01/19,04/01/19,157.92,177.5,2,0.005479452,0.46131,0.024,0.01,0,0.02,0.01,02/01/19
02/01/19,04/01/19,157.92,180,2,0.005479452,0.51007,0.024,0.005,0,0.01,0.01,02/01/19
02/01/19,04/01/19,157.92,182.5,2,0.005479452,0.55745,0.024,0.01,0,0.02,0.01,02/01/19
02/01/19,04/01/19,157.92,185,2,0.005479452,0.60507,0.024,0.005,0,0.01,0.01,02/01/19
02/01/19,04/01/19,157.92,187.5,2,0.005479452,0.65058,0.024,0.01,0,0.02,0.03,02/01/19
02/01/19,04/01/19,157.92,190,2,0.005479452,0.69568,0.024,0.01,0,0.02,0.01,02/01/19
02/01/19,04/01/19,157.92,192.5,2,0.005479452,0.73962,0.024,0.01,0,0.02,0.01,02/01/19
02/01/19,04/01/19,157.92,195,2,0.005479452,0.78243,0.024,0.005,0,0.01,0.01,02/01/19
02/01/19,04/01/19,157.92,197.5,2,0.005479452,0.82507,0.024,0.005,0,0.01,0.04,02/01/19
02/01/19,04/01/19,157.92,200,2,0.005479452,0.86707,0.024,0.005,0,0.01,0.01,02/01/19
02/01/19,04/01/19,157.92,202.5,2,0.005479452,0.96715,0.024,0.015,0,0.03,0.01,02/01/19
02/01/19,04/01/19,157.92,205,2,0.005479452,1.08067,0.024,0.02,0,0.04,0.01,02/01/19
02/01/19,04/01/19,157.92,207.5,2,0.005479452,0.98807,0.024,0.005,0,0.01,0.02,02/01/19
02/01/19,04/01/19,157.92,210,2,0.005479452,1.02708,0.024,0,0,0,0.01,02/01/19
02/01/19,04/01/19,157.92,212.5,2,0.005479452,1.17731,0.024,0.015,0,0.03,0.14,02/01/19
02/01/19,04/01/19,157.92,215,2,0.005479452,1.10326,0.024,0.005,0,0.01,0.13,02/01/19
02/01/19,04/01/19,157.92,220,2,0.005479452,1.17734,0.024,0.005,0,0.01,0.01,02/01/19
02/01/19,04/01/19,157.92,225,2,0.005479452,1.24853,0.024,0,0,0,0.01,02/01/19
02/01/19,11/01/19,157.92,132,9,0.024657534,0.48114,0.024,25.85,23.85,27.85,0,02/01/19
02/01/19,11/01/19,157.92,134,9,0.024657534,0.47216,0.024,23.875,21.85,25.9,0,02/01/19
02/01/19,11/01/19,157.92,135,9,0.024657534,-0.0003,0.024,22.795,20.89,24.7,24,02/01/19
02/01/19,11/01/19,157.92,136,9,0.024657534,0.37422,0.024,21.82,19.99,23.65,0,02/01/19
02/01/19,11/01/19,157.92,137,9,0.024657534,0.39239,0.024,20.85,18.9,22.8,0,02/01/19
02/01/19,11/01/19,157.92,138,9,0.024657534,0.43222,0.024,19.93,17.96,21.9,19.85,02/01/19
02/01/19,11/01/19,157.92,139,9,0.024657534,0.42618,0.024,18.945,16.95,20.94,0,02/01/19
02/01/19,11/01/19,157.92,140,9,0.024657534,0.4576,0.024,18.075,16.65,19.5,16.6,02/01/19
02/01/19,11/01/19,157.92,141,9,0.024657534,0.35951,0.024,16.905,15.06,18.75,14.6,02/01/19
02/01/19,11/01/19,157.92,142,9,0.024657534,0.4223,0.024,16.1,15.35,16.85,13.9,02/01/19
02/01/19,11/01/19,157.92,143,9,0.024657534,0.35642,0.024,14.975,13.2,16.75,15.75,02/01/19
02/01/19,11/01/19,157.92,144,9,0.024657534,0.50606,0.024,14.675,14,15.35,13.75,02/01/19
02/01/19,11/01/19,157.92,145,9,0.024657534,0.52106,0.024,13.915,13.04,14.79,12.83,02/01/19
02/01/19,11/01/19,157.92,146,9,0.024657534,0.47708,0.024,12.825,12.2,13.45,11.85,02/01/19
02/01/19,11/01/19,157.92,147,9,0.024657534,0.39411,0.024,11.5,11.45,11.55,11,02/01/19
02/01/19,11/01/19,157.92,148,9,0.024657534,0.40134,0.024,10.695,10.65,10.74,10.1,02/01/19
02/01/19,11/01/19,157.92,149,9,0.024657534,0.39534,0.024,9.85,9.8,9.9,10.55,02/01/19
02/01/19,11/01/19,157.92,150,9,0.024657534,0.38723,0.024,9.005,8.95,9.06,8.9,02/01/19
02/01/19,11/01/19,157.92,152.5,9,0.024657534,0.36798,0.024,7,6.95,7.05,6.55,02/01/19
02/01/19,11/01/19,157.92,155,9,0.024657534,0.35686,0.024,5.245,5.2,5.29,5.2,02/01/19
02/01/19,11/01/19,157.92,157.5,9,0.024657534,0.35071,0.024,3.795,3.74,3.85,3.68,02/01/19
02/01/19,11/01/19,157.92,160,9,0.024657534,0.33083,0.024,2.48,2.46,2.5,2.44,02/01/19
02/01/19,11/01/19,157.92,162.5,9,0.024657534,0.3224,0.024,1.57,1.56,1.58,1.53,02/01/19
02/01/19,11/01/19,157.92,165,9,0.024657534,0.31651,0.024,0.92,0.91,0.93,0.9,02/01/19
02/01/19,11/01/19,157.92,167.5,9,0.024657534,0.3131,0.024,0.515,0.51,0.52,0.5,02/01/19
02/01/19,11/01/19,157.92,170,9,0.024657534,0.30985,0.024,0.275,0.27,0.28,0.25,02/01/19
02/01/19,11/01/19,157.92,172.5,9,0.024657534,0.31543,0.024,0.15,0.14,0.16,0.14,02/01/19
02/01/19,11/01/19,157.92,175,9,0.024657534,0.32345,0.024,0.09,0.08,0.1,0.08,02/01/19
02/01/19,11/01/19,157.92,177.5,9,0.024657534,0.33347,0.024,0.06,0.06,0.06,0.05,02/01/19
02/01/19,11/01/19,157.92,180,9,0.024657534,0.35146,0.024,0.035,0.03,0.04,0.03,02/01/19
02/01/19,11/01/19,157.92,182.5,9,0.024657534,0.36873,0.024,0.035,0.03,0.04,0.03,02/01/19
02/01/19,11/01/19,157.92,185,9,0.024657534,0.399,0.024,0.03,0.01,0.05,0.02,02/01/19
02/01/19,11/01/19,157.92,187.5,9,0.024657534,0.41976,0.024,0.025,0.01,0.04,0.01,02/01/19
02/01/19,11/01/19,157.92,190,9,0.024657534,0.44819,0.024,0.025,0.02,0.03,0.02,02/01/19
02/01/19,11/01/19,157.92,192.5,9,0.024657534,0.47623,0.024,0.02,0,0.04,0.02,02/01/19
02/01/19,11/01/19,157.92,195,9,0.024657534,0.49081,0.024,0.015,0.01,0.02,0.02,02/01/19
02/01/19,11/01/19,157.92,197.5,9,0.024657534,0.52842,0.024,0.025,0,0.05,0.01,02/01/19
02/01/19,11/01/19,157.92,200,9,0.024657534,0.50483,0.024,0.01,0,0.02,0.01,02/01/19
02/01/19,11/01/19,157.92,202.5,9,0.024657534,0.58068,0.024,0.025,0,0.05,0.03,02/01/19
02/01/19,11/01/19,157.92,205,9,0.024657534,0.51881,0.024,0.005,0,0.01,0.02,02/01/19
02/01/19,11/01/19,157.92,207.5,9,0.024657534,0.61516,0.024,0.02,0,0.04,0.02,02/01/19
02/01/19,11/01/19,157.92,210,9,0.024657534,0.63954,0.024,0.02,0,0.04,0.01,02/01/19
02/01/19,11/01/19,157.92,212.5,9,0.024657534,0.66257,0.024,0.02,0,0.04,0.07,02/01/19
02/01/19,11/01/19,157.92,215,9,0.024657534,0.6844,0.024,0.025,0,0.05,0.03,02/01/19
02/01/19,11/01/19,157.92,220,9,0.024657534,0.64444,0.024,0.005,0,0.01,0.01,02/01/19
02/01/19,11/01/19,157.92,225,9,0.024657534,0.77382,0.024,0.02,0,0.04,0.12,02/01/19
02/01/19,11/01/19,157.92,230,9,0.024657534,0.72234,0.024,0,0,0,0.02,02/01/19
02/01/19,11/01/19,157.92,235,9,0.024657534,0.85675,0.024,0.02,0,0.04,0.08,02/01/19
02/01/19,11/01/19,157.92,240,9,0.024657534,0.89605,0.024,0.025,0,0.05,0.02,02/01/19
02/01/19,11/01/19,157.92,245,9,0.024657534,0.93499,0.024,0.02,0,0.04,0.02,02/01/19
02/01/19,11/01/19,157.92,250,9,0.024657534,0.97375,0.024,0.02,0,0.04,0.01,02/01/19
02/01/19,18/01/19,157.92,22.5,16,0.043835616,3.39542,0.024,135.35,133.2,137.5,159,02/01/19
02/01/19,18/01/19,157.92,40,16,0.043835616,2.59419,0.024,117.905,115.91,119.9,126.4,02/01/19
02/01/19,18/01/19,157.92,42.5,16,0.043835616,0.00016,0.024,115.305,113.41,117.2,129.55,02/01/19
02/01/19,18/01/19,157.92,50,16,0.043835616,1.88612,0.024,107.825,105.75,109.9,105.4,02/01/19
02/01/19,18/01/19,157.92,75,16,0.043835616,-1.00E-05,0.024,82.805,80.8,84.81,74.08,02/01/19
02/01/19,18/01/19,157.92,95,16,0.043835616,1.37845,0.024,63.445,62.2,64.69,62.34,02/01/19
02/01/19,18/01/19,157.92,110,16,0.043835616,1.03293,0.024,48.45,47.34,49.56,48.35,02/01/19
02/01/19,18/01/19,157.92,125,16,0.043835616,0.00048,0.024,32.805,32.4,33.21,31,02/01/19
02/01/19,18/01/19,157.92,130,16,0.043835616,0.36389,0.024,27.825,27.2,28.45,28.45,02/01/19
02/01/19,18/01/19,157.92,135,16,0.043835616,0.61709,0.024,23.955,22.95,24.96,22.89,02/01/19
02/01/19,18/01/19,157.92,140,16,0.043835616,0.4268,0.024,18.42,18.1,18.74,18.15,02/01/19
02/01/19,18/01/19,157.92,142,16,0.043835616,0.40085,0.024,16.505,14.71,18.3,17.05,02/01/19
02/01/19,18/01/19,157.92,143,16,0.043835616,0.38942,0.024,15.55,14.9,16.2,15.31,02/01/19
02/01/19,18/01/19,157.92,144,16,0.043835616,0.40511,0.024,14.8,14.45,15.15,14.75,02/01/19
02/01/19,18/01/19,157.92,145,16,0.043835616,0.4325,0.024,14.2,14.16,14.24,13.55,02/01/19
02/01/19,18/01/19,157.92,146,16,0.043835616,0.43433,0.024,13.425,13.3,13.55,12.85,02/01/19
02/01/19,18/01/19,157.92,147,16,0.043835616,0.39542,0.024,12.28,12.2,12.36,12.05,02/01/19
02/01/19,18/01/19,157.92,148,16,0.043835616,0.38981,0.024,11.445,11.4,11.49,11.04,02/01/19
02/01/19,18/01/19,157.92,149,16,0.043835616,0.39267,0.024,10.73,10.71,10.75,10.3,02/01/19
02/01/19,18/01/19,157.92,150,16,0.043835616,0.38821,0.024,9.945,9.89,10,9.42,02/01/19
02/01/19,18/01/19,157.92,152.5,16,0.043835616,0.37348,0.024,8.08,8.06,8.1,7.6,02/01/19
02/01/19,18/01/19,157.92,155,16,0.043835616,0.36177,0.024,6.395,6.34,6.45,6.35,02/01/19
02/01/19,18/01/19,157.92,157.5,16,0.043835616,0.35782,0.024,4.995,4.94,5.05,4.9,02/01/19
02/01/19,18/01/19,157.92,160,16,0.043835616,0.33774,0.024,3.605,3.55,3.66,3.6,02/01/19
02/01/19,18/01/19,157.92,162.5,16,0.043835616,0.33406,0.024,2.63,2.6,2.66,2.55,02/01/19
02/01/19,18/01/19,157.92,165,16,0.043835616,0.32467,0.024,1.79,1.77,1.81,1.76,02/01/19
02/01/19,18/01/19,157.92,167.5,16,0.043835616,0.31923,0.024,1.195,1.18,1.21,1.16,02/01/19
02/01/19,18/01/19,157.92,170,16,0.043835616,0.31548,0.024,0.775,0.77,0.78,0.76,02/01/19
02/01/19,18/01/19,157.92,172.5,16,0.043835616,0.31529,0.024,0.5,0.49,0.51,0.49,02/01/19
02/01/19,18/01/19,157.92,175,16,0.043835616,0.31538,0.024,0.32,0.32,0.32,0.31,02/01/19
02/01/19,18/01/19,157.92,177.5,16,0.043835616,0.32074,0.024,0.215,0.2,0.23,0.2,02/01/19
02/01/19,18/01/19,157.92,180,16,0.043835616,0.32716,0.024,0.14,0.12,0.16,0.15,02/01/19
02/01/19,18/01/19,157.92,182.5,16,0.043835616,0.33675,0.024,0.095,0.08,0.11,0.1,02/01/19
02/01/19,18/01/19,157.92,185,16,0.043835616,0.34864,0.024,0.085,0.07,0.1,0.06,02/01/19
02/01/19,18/01/19,157.92,190,16,0.043835616,0.37818,0.024,0.055,0.05,0.06,0.05,02/01/19
02/01/19,18/01/19,157.92,195,16,0.043835616,0.40638,0.024,0.035,0.02,0.05,0.04,02/01/19
02/01/19,18/01/19,157.92,200,16,0.043835616,0.41509,0.024,0.02,0.01,0.03,0.03,02/01/19
02/01/19,18/01/19,157.92,205,16,0.043835616,0.45327,0.024,0.025,0.02,0.03,0.01,02/01/19
02/01/19,18/01/19,157.92,210,16,0.043835616,0.47565,0.024,0.015,0.01,0.02,0.01,02/01/19
02/01/19,18/01/19,157.92,215,16,0.043835616,0.49345,0.024,0.015,0,0.03,0.01,02/01/19
02/01/19,18/01/19,157.92,220,16,0.043835616,0.49451,0.024,0.005,0,0.01,0.01,02/01/19
02/01/19,18/01/19,157.92,225,16,0.043835616,0.55332,0.024,0.015,0,0.03,0.01,02/01/19
02/01/19,18/01/19,157.92,230,16,0.043835616,0.55385,0.024,0.005,0,0.01,0.01,02/01/19
02/01/19,18/01/19,157.92,235,16,0.043835616,0.58199,0.024,0,0,0,0.01,02/01/19
02/01/19,18/01/19,157.92,240,16,0.043835616,0.60975,0.024,0.005,0,0.01,0.01,02/01/19
02/01/19,18/01/19,157.92,245,16,0.043835616,0.63733,0.024,0.005,0,0.01,0.01,02/01/19
02/01/19,18/01/19,157.92,250,16,0.043835616,0.66331,0.024,0.005,0,0.01,0.01,02/01/19
02/01/19,18/01/19,157.92,255,16,0.043835616,0.68926,0.024,0.005,0,0.01,0.01,02/01/19
02/01/19,18/01/19,157.92,260,16,0.043835616,0.7152,0.024,0.005,0,0.01,0.01,02/01/19
02/01/19,18/01/19,157.92,265,16,0.043835616,0.73928,0.024,0,0,0,0.01,02/01/19
02/01/19,18/01/19,157.92,270,16,0.043835616,0.76358,0.024,0.01,0,0.02,0.01,02/01/19
02/01/19,18/01/19,157.92,275,16,0.043835616,0.7876,0.024,0.005,0,0.01,0.01,02/01/19
02/01/19,18/01/19,157.92,280,16,0.043835616,0.8107,0.024,0.005,0,0.01,0.01,02/01/19
02/01/19,18/01/19,157.92,285,16,0.043835616,0.83314,0.024,0.005,0,0.01,0.01,02/01/19
02/01/19,18/01/19,157.92,290,16,0.043835616,0.85549,0.024,0.01,0,0.02,0.01,02/01/19
02/01/19,18/01/19,157.92,295,16,0.043835616,0.87691,0.024,0.005,0,0.01,0.01,02/01/19
02/01/19,18/01/19,157.92,300,16,0.043835616,0.89745,0.024,0.005,0,0.01,0.01,02/01/19
02/01/19,18/01/19,157.92,305,16,0.043835616,0.91911,0.024,0.005,0,0.01,0.01,02/01/19
02/01/19,18/01/19,157.92,310,16,0.043835616,0.93897,0.024,0.005,0,0.01,0.02,02/01/19
02/01/19,18/01/19,157.92,315,16,0.043835616,0.95929,0.024,0,0,0,0.02,02/01/19
02/01/19,18/01/19,157.92,320,16,0.043835616,0.97959,0.024,0.005,0,0.01,0.01,02/01/19
02/01/19,18/01/19,157.92,325,16,0.043835616,0.99855,0.024,0.01,0,0.02,0.01,02/01/19
02/01/19,18/01/19,157.92,330,16,0.043835616,1.01701,0.024,0.005,0,0.01,0.06,02/01/19
02/01/19,18/01/19,157.92,335,16,0.043835616,1.03623,0.024,0,0,0,0.02,02/01/19
02/01/19,18/01/19,157.92,340,16,0.043835616,1.05414,0.024,0.005,0,0.01,0.01,02/01/19
02/01/19,18/01/19,157.92,345,16,0.043835616,1.07268,0.024,0,0,0,0.01,02/01/19
02/01/19,18/01/19,157.92,350,16,0.043835616,1.09021,0.024,0.005,0,0.01,0.01,02/01/19
02/01/19,18/01/19,157.92,355,16,0.043835616,1.2324,0.024,0.02,0,0.04,0.02,02/01/19
02/01/19,18/01/19,157.92,360,16,0.043835616,1.99406,0.024,1.065,0,2.13,0.03,02/01/19
02/01/19,18/01/19,157.92,365,16,0.043835616,1.26933,0.024,0.02,0,0.04,0.05,02/01/19
02/01/19,18/01/19,157.92,370,16,0.043835616,2.04496,0.024,1.065,0,2.13,0.01,02/01/19
02/01/19,18/01/19,157.92,375,16,0.043835616,1.1759,0.024,0.005,0,0.01,0.01,02/01/19
02/01/19,25/01/19,157.92,100,23,0.063013699,0.0004,0.024,57.8,55.85,59.75,0,02/01/19
02/01/19,25/01/19,157.92,105,23,0.063013699,0.99289,0.024,52.855,50.91,54.8,52.37,02/01/19
02/01/19,25/01/19,157.92,110,23,0.063013699,0.86044,0.024,47.845,45.89,49.8,47.43,02/01/19
02/01/19,25/01/19,157.92,115,23,0.063013699,0.74931,0.024,42.9,41,44.8,39.05,02/01/19
02/01/19,25/01/19,157.92,120,23,0.063013699,0.66565,0.024,38.025,36,40.05,34.95,02/01/19
02/01/19,25/01/19,157.92,125,23,0.063013699,0.55829,0.024,33.005,31.15,34.86,33.25,02/01/19
02/01/19,25/01/19,157.92,130,23,0.063013699,0.48973,0.024,28.12,26.19,30.05,28.07,02/01/19
02/01/19,25/01/19,157.92,135,23,0.063013699,0.47335,0.024,23.545,21.75,25.34,18.85,02/01/19
02/01/19,25/01/19,157.92,137,23,0.063013699,0.46144,0.024,21.73,20,23.46,0,02/01/19
02/01/19,25/01/19,157.92,138,23,0.063013699,0.4504,0.024,20.775,18.85,22.7,0,02/01/19
02/01/19,25/01/19,157.92,139,23,0.063013699,0.51123,0.024,20.475,19.5,21.45,0,02/01/19
02/01/19,25/01/19,157.92,140,23,0.063013699,0.51238,0.024,19.675,18.65,20.7,19.55,02/01/19
02/01/19,25/01/19,157.92,141,23,0.063013699,0.37334,0.024,17.595,15.95,19.24,0,02/01/19
02/01/19,25/01/19,157.92,142,23,0.063013699,0.49018,0.024,17.885,16.86,18.91,0,02/01/19
02/01/19,25/01/19,157.92,143,23,0.063013699,0.36513,0.024,15.825,14.15,17.5,10.27,02/01/19
02/01/19,25/01/19,157.92,144,23,0.063013699,0.4171,0.024,15.525,14.05,17,10.3,02/01/19
02/01/19,25/01/19,157.92,145,23,0.063013699,0.3646,0.024,14.175,12.6,15.75,14.68,02/01/19
02/01/19,25/01/19,157.92,146,23,0.063013699,0.37206,0.024,13.475,11.85,15.1,15.3,02/01/19
02/01/19,25/01/19,157.92,147,23,0.063013699,0.41711,0.024,13.25,12.6,13.9,13.38,02/01/19
02/01/19,25/01/19,157.92,148,23,0.063013699,0.40083,0.024,12.325,10.55,14.1,12.75,02/01/19
02/01/19,25/01/19,157.92,149,23,0.063013699,0.34606,0.024,10.9,9.8,12,11.4,02/01/19
02/01/19,25/01/19,157.92,150,23,0.063013699,0.33743,0.024,10.08,8.96,11.2,10.27,02/01/19
02/01/19,25/01/19,157.92,152.5,23,0.063013699,0.36494,0.024,8.8,8.6,9,8.35,02/01/19
02/01/19,25/01/19,157.92,155,23,0.063013699,0.34733,0.024,7.055,6.86,7.25,6.8,02/01/19
02/01/19,25/01/19,157.92,157.5,23,0.063013699,0.34336,0.024,5.68,5.56,5.8,5.4,02/01/19
02/01/19,25/01/19,157.92,160,23,0.063013699,0.32984,0.024,4.33,4.21,4.45,4.4,02/01/19
02/01/19,25/01/19,157.92,162.5,23,0.063013699,0.32688,0.024,3.32,3.24,3.4,3.15,02/01/19
02/01/19,25/01/19,157.92,165,23,0.063013699,0.31747,0.024,2.4,2.32,2.48,2.49,02/01/19
02/01/19,25/01/19,157.92,167.5,23,0.063013699,0.31232,0.024,1.73,1.64,1.82,1.7,02/01/19
02/01/19,25/01/19,157.92,170,23,0.063013699,0.31277,0.024,1.255,1.22,1.29,1.24,02/01/19
02/01/19,25/01/19,157.92,172.5,23,0.063013699,0.30609,0.024,0.825,0.77,0.88,0.83,02/01/19
02/01/19,25/01/19,157.92,175,23,0.063013699,0.30867,0.024,0.585,0.56,0.61,0.54,02/01/19
02/01/19,25/01/19,157.92,177.5,23,0.063013699,0.3048,0.024,0.375,0.33,0.42,0.47,02/01/19
02/01/19,25/01/19,157.92,180,23,0.063013699,0.30538,0.024,0.25,0.16,0.34,0.25,02/01/19
02/01/19,25/01/19,157.92,182.5,23,0.063013699,0.31806,0.024,0.21,0.18,0.24,0.2,02/01/19
02/01/19,25/01/19,157.92,185,23,0.063013699,0.33087,0.024,0.175,0.12,0.23,0.15,02/01/19
02/01/19,25/01/19,157.92,187.5,23,0.063013699,0.36212,0.024,0.195,0.08,0.31,0.12,02/01/19
02/01/19,25/01/19,157.92,190,23,0.063013699,0.33722,0.024,0.08,0.06,0.1,0.07,02/01/19
02/01/19,25/01/19,157.92,192.5,23,0.063013699,0.44879,0.024,0.345,0.05,0.64,0.08,02/01/19
02/01/19,25/01/19,157.92,195,23,0.063013699,0.35648,0.024,0.055,0.03,0.08,0.04,02/01/19
02/01/19,25/01/19,157.92,197.5,23,0.063013699,0.63302,0.024,1.085,0,2.17,0.05,02/01/19
02/01/19,25/01/19,157.92,200,23,0.063013699,0.40413,0.024,0.07,0.04,0.1,0.05,02/01/19
02/01/19,25/01/19,157.92,202.5,23,0.063013699,0.39996,0.024,0.045,0.02,0.07,0.1,02/01/19
02/01/19,25/01/19,157.92,205,23,0.063013699,0.41157,0.024,0.035,0.01,0.06,0.04,02/01/19
02/01/19,25/01/19,157.92,207.5,23,0.063013699,0.41514,0.024,0.035,0,0.07,0.08,02/01/19
02/01/19,25/01/19,157.92,210,23,0.063013699,0.45566,0.024,0.05,0,0.1,0.03,02/01/19
02/01/19,25/01/19,157.92,212.5,23,0.063013699,0.43725,0.024,0.025,0,0.05,0.16,02/01/19
02/01/19,25/01/19,157.92,215,23,0.063013699,0.55137,0.024,0.125,0,0.25,0.2,02/01/19
02/01/19,25/01/19,157.92,220,23,0.063013699,0.59646,0.024,0.155,0,0.31,0.01,02/01/19
02/01/19,25/01/19,157.92,225,23,0.063013699,0.61551,0.024,0.125,0,0.25,0.03,02/01/19
02/01/19,01/02/19,157.92,100,30,0.082191781,1.02655,0.024,57.975,55.94,60.01,57,02/01/19
02/01/19,01/02/19,157.92,105,30,0.082191781,0.90768,0.024,53.02,50.99,55.05,0,02/01/19
02/01/19,01/02/19,157.92,110,30,0.082191781,0.77206,0.024,47.93,46.1,49.76,48.6,02/01/19
02/01/19,01/02/19,157.92,115,30,0.082191781,0.70706,0.024,43.14,41.19,45.09,41.4,02/01/19
02/01/19,01/02/19,157.92,120,30,0.082191781,0.63114,0.024,38.275,36.3,40.25,0,02/01/19
02/01/19,01/02/19,157.92,125,30,0.082191781,0.57693,0.024,33.5,31.5,35.5,34.03,02/01/19
02/01/19,01/02/19,157.92,130,30,0.082191781,0.52513,0.024,28.75,26.8,30.7,29.45,02/01/19
02/01/19,01/02/19,157.92,135,30,0.082191781,0.49029,0.024,24.175,22.4,25.95,24,02/01/19
02/01/19,01/02/19,157.92,137,30,0.082191781,0.50993,0.024,22.725,21.15,24.3,0,02/01/19
02/01/19,01/02/19,157.92,138,30,0.082191781,0.50506,0.024,21.87,21.05,22.69,0,02/01/19
02/01/19,01/02/19,157.92,139,30,0.082191781,0.52851,0.024,21.375,20.3,22.45,0,02/01/19
02/01/19,01/02/19,157.92,140,30,0.082191781,0.48393,0.024,20.045,18.24,21.85,20.1,02/01/19
02/01/19,01/02/19,157.92,141,30,0.082191781,0.52424,0.024,19.8,18.8,20.8,0,02/01/19
02/01/19,01/02/19,157.92,142,30,0.082191781,0.46812,0.024,18.325,16.95,19.7,0,02/01/19
02/01/19,01/02/19,157.92,143,30,0.082191781,0.43429,0.024,17.125,16.25,18,17.8,02/01/19
02/01/19,01/02/19,157.92,144,30,0.082191781,0.47981,0.024,16.995,15.74,18.25,14.75,02/01/19
02/01/19,01/02/19,157.92,145,30,0.082191781,0.46338,0.024,16.055,14.3,17.81,15.45,02/01/19
02/01/19,01/02/19,157.92,146,30,0.082191781,0.4375,0.024,14.97,13.29,16.65,10.61,02/01/19
02/01/19,01/02/19,157.92,147,30,0.082191781,0.44026,0.024,14.33,13.81,14.85,14.7,02/01/19
02/01/19,01/02/19,157.92,148,30,0.082191781,0.46979,0.024,14.095,12.85,15.34,13.12,02/01/19
02/01/19,01/02/19,157.92,149,30,0.082191781,0.44761,0.024,13.095,11.55,14.64,12.95,02/01/19
02/01/19,01/02/19,157.92,150,30,0.082191781,0.40722,0.024,11.795,11.29,12.3,11.57,02/01/19
02/01/19,01/02/19,157.92,152.5,30,0.082191781,0.39155,0.024,9.995,9.4,10.59,10.01,02/01/19
02/01/19,01/02/19,157.92,155,30,0.082191781,0.41335,0.024,8.98,8.66,9.3,8.6,02/01/19
02/01/19,01/02/19,157.92,157.5,30,0.082191781,0.4015,0.024,7.475,7.3,7.65,7.15,02/01/19
02/01/19,01/02/19,157.92,160,30,0.082191781,0.39272,0.024,6.175,6,6.35,5.98,02/01/19
02/01/19,01/02/19,157.92,162.5,30,0.082191781,0.38607,0.024,5.05,4.95,5.15,4.9,02/01/19
02/01/19,01/02/19,157.92,165,30,0.082191781,0.37935,0.024,4.075,4,4.15,3.85,02/01/19
02/01/19,01/02/19,157.92,167.5,30,0.082191781,0.37438,0.024,3.25,3.2,3.3,3.23,02/01/19
02/01/19,01/02/19,157.92,170,30,0.082191781,0.36285,0.024,2.455,2.37,2.54,2.48,02/01/19
02/01/19,01/02/19,157.92,172.5,30,0.082191781,0.32841,0.024,1.5,1.04,1.96,1.9,02/01/19
02/01/19,01/02/19,157.92,175,30,0.082191781,0.34731,0.024,1.335,1.18,1.49,1.43,02/01/19
02/01/19,01/02/19,157.92,177.5,30,0.082191781,0.34823,0.024,1.035,0.92,1.15,1.02,02/01/19
02/01/19,01/02/19,157.92,180,30,0.082191781,0.35177,0.024,0.8,0.74,0.86,0.78,02/01/19
02/01/19,01/02/19,157.92,182.5,30,0.082191781,0.35532,0.024,0.625,0.6,0.65,0.59,02/01/19
02/01/19,01/02/19,157.92,185,30,0.082191781,0.34066,0.024,0.385,0.27,0.5,0.48,02/01/19
02/01/19,01/02/19,157.92,187.5,30,0.082191781,0.35685,0.024,0.35,0.32,0.38,0.42,02/01/19
02/01/19,01/02/19,157.92,190,30,0.082191781,0.42929,0.024,0.65,0.24,1.06,0.26,02/01/19
02/01/19,01/02/19,157.92,192.5,30,0.082191781,0.33947,0.024,0.145,0.05,0.24,0.23,02/01/19
02/01/19,01/02/19,157.92,195,30,0.082191781,0.36454,0.024,0.15,0.03,0.27,0.19,02/01/19
02/01/19,01/02/19,157.92,197.5,30,0.082191781,0.47448,0.024,0.53,0.13,0.93,0.15,02/01/19
02/01/19,01/02/19,157.92,200,30,0.082191781,0.39262,0.024,0.135,0.08,0.19,0.13,02/01/19
02/01/19,01/02/19,157.92,202.5,30,0.082191781,0.49253,0.024,0.425,0.05,0.8,0.1,02/01/19
02/01/19,01/02/19,157.92,205,30,0.082191781,0.5115,0.024,0.43,0.06,0.8,0.1,02/01/19
02/01/19,01/02/19,157.92,207.5,30,0.082191781,0.40595,0.024,0.065,0.03,0.1,0.09,02/01/19
02/01/19,08/02/19,157.92,100,37,0.101369863,0.96327,0.024,57.975,55.91,60.04,0,02/01/19
02/01/19,08/02/19,157.92,105,37,0.101369863,0.86608,0.024,53.065,51.19,54.94,0,02/01/19
02/01/19,08/02/19,157.92,110,37,0.101369863,0.76979,0.024,48.13,46.25,50.01,0,02/01/19
02/01/19,08/02/19,157.92,115,37,0.101369863,0.68718,0.024,43.2,41.35,45.05,0,02/01/19
02/01/19,08/02/19,157.92,120,37,0.101369863,0.63857,0.024,38.45,36.55,40.35,0,02/01/19
02/01/19,08/02/19,157.92,125,37,0.101369863,0.5767,0.024,33.605,31.75,35.46,33.14,02/01/19
02/01/19,08/02/19,157.92,130,37,0.101369863,0.60815,0.024,29.675,28.7,30.65,28.5,02/01/19
02/01/19,08/02/19,157.92,135,37,0.101369863,0.51163,0.024,24.525,22.91,26.14,23.22,02/01/19
02/01/19,08/02/19,157.92,137,37,0.101369863,0.46856,0.024,22.4,20.7,24.1,22.2,02/01/19
02/01/19,08/02/19,157.92,138,37,0.101369863,0.47195,0.024,21.645,19.94,23.35,0,02/01/19
02/01/19,08/02/19,157.92,139,37,0.101369863,0.45753,0.024,20.67,19.09,22.25,0,02/01/19
02/01/19,08/02/19,157.92,140,37,0.101369863,0.50377,0.024,20.55,19.05,22.05,20.55,02/01/19
02/01/19,08/02/19,157.92,141,37,0.101369863,0.48571,0.024,19.55,17.8,21.3,19.3,02/01/19
02/01/19,08/02/19,157.92,142,37,0.101369863,0.42361,0.024,17.895,16.74,19.05,0,02/01/19
02/01/19,08/02/19,157.92,143,37,0.101369863,0.50078,0.024,18.35,17.55,19.15,18.38,02/01/19
02/01/19,08/02/19,157.92,144,37,0.101369863,0.46316,0.024,17.055,15.76,18.35,0,02/01/19
02/01/19,08/02/19,157.92,145,37,0.101369863,0.45864,0.024,16.265,14.99,17.54,17.05,02/01/19
02/01/19,08/02/19,157.92,146,37,0.101369863,0.43365,0.024,15.18,14.4,15.96,0,02/01/19
02/01/19,08/02/19,157.92,147,37,0.101369863,0.45032,0.024,14.8,13.56,16.04,0,02/01/19
02/01/19,08/02/19,157.92,148,37,0.101369863,0.42104,0.024,13.63,12.8,14.46,13.95,02/01/19
02/01/19,08/02/19,157.92,149,37,0.101369863,0.44297,0.024,13.375,12.15,14.6,12.3,02/01/19
02/01/19,08/02/19,157.92,150,37,0.101369863,0.43484,0.024,12.625,12.41,12.84,12.45,02/01/19
02/01/19,08/02/19,157.92,152.5,37,0.101369863,0.42049,0.024,10.88,10.56,11.2,10.1,02/01/19
02/01/19,08/02/19,157.92,155,37,0.101369863,0.42116,0.024,9.55,9.25,9.85,9.21,02/01/19
02/01/19,08/02/19,157.92,157.5,37,0.101369863,0.40983,0.024,8.105,7.91,8.3,7.8,02/01/19
02/01/19,08/02/19,157.92,160,37,0.101369863,0.39726,0.024,6.725,6.5,6.95,6.55,02/01/19
02/01/19,08/02/19,157.92,162.5,37,0.101369863,0.40511,0.024,5.905,5.1,6.71,5.56,02/01/19
02/01/19,08/02/19,157.92,165,37,0.101369863,0.38163,0.024,4.58,4.46,4.7,4.4,02/01/19
02/01/19,08/02/19,157.92,167.5,37,0.101369863,0.39461,0.024,4.045,3.4,4.69,3.71,02/01/19
02/01/19,08/02/19,157.92,170,37,0.101369863,0.38266,0.024,3.185,2.87,3.5,2.81,02/01/19
02/01/19,08/02/19,157.92,172.5,37,0.101369863,0.36564,0.024,2.345,2.27,2.42,2.49,02/01/19
02/01/19,08/02/19,157.92,175,37,0.101369863,0.35304,0.024,1.735,1.43,2.04,1.8,02/01/19
02/01/19,08/02/19,157.92,177.5,37,0.101369863,0.37753,0.024,1.685,1.01,2.36,1.34,02/01/19
02/01/19,08/02/19,157.92,180,37,0.101369863,0.33749,0.024,0.925,0.71,1.14,1.05,02/01/19
02/01/19,08/02/19,157.92,182.5,37,0.101369863,0.33931,0.024,0.725,0.42,1.03,0.94,02/01/19
02/01/19,08/02/19,157.92,185,37,0.101369863,0.38372,0.024,0.91,0.52,1.3,0.7,02/01/19
02/01/19,08/02/19,157.92,187.5,37,0.101369863,0.38214,0.024,0.715,0.37,1.06,0.57,02/01/19
02/01/19,08/02/19,157.92,190,37,0.101369863,0.33695,0.024,0.3,0.1,0.5,0.37,02/01/19
02/01/19,08/02/19,157.92,195,37,0.101369863,0.3743,0.024,0.305,0.04,0.57,0.28,02/01/19
02/01/19,08/02/19,157.92,200,37,0.101369863,0.38908,0.024,0.23,0.05,0.41,0.18,02/01/19
02/01/19,15/02/19,157.92,50,44,0.120547945,3.09675,0.024,107.825,105.91,109.74,107.9,02/01/19
02/01/19,15/02/19,157.92,55,44,0.120547945,2.00E-05,0.024,102.805,100.91,104.7,101.75,02/01/19
02/01/19,15/02/19,157.92,60,44,0.120547945,2.34662,0.024,97.82,95.89,99.75,0,02/01/19
02/01/19,15/02/19,157.92,65,44,0.120547945,2.06746,0.024,92.875,90.9,94.85,86.9,02/01/19
02/01/19,15/02/19,157.92,70,44,0.120547945,1.82418,0.024,87.895,85.94,89.85,81.7,02/01/19
02/01/19,15/02/19,157.92,75,44,0.120547945,1.60585,0.024,82.88,80.91,84.85,92.6,02/01/19
02/01/19,15/02/19,157.92,80,44,0.120547945,1.41356,0.024,77.845,75.89,79.8,0,02/01/19
02/01/19,15/02/19,157.92,85,44,0.120547945,1.2526,0.024,72.875,70.9,74.85,68.25,02/01/19
02/01/19,15/02/19,157.92,90,44,0.120547945,1.10141,0.024,67.85,65.96,69.74,64.35,02/01/19
02/01/19,15/02/19,157.92,95,44,0.120547945,1.0543,0.024,63.395,62.45,64.34,58.66,02/01/19
02/01/19,15/02/19,157.92,100,44,0.120547945,0.94349,0.024,58.455,57.51,59.4,58.7,02/01/19
02/01/19,15/02/19,157.92,105,44,0.120547945,0.77759,0.024,53.05,51.1,55,103.55,02/01/19
02/01/19,15/02/19,157.92,110,44,0.120547945,0.73068,0.024,48.37,48.1,48.64,45.26,02/01/19
02/01/19,15/02/19,157.92,115,44,0.120547945,0.62857,0.024,43.275,41.36,45.19,43.07,02/01/19
02/01/19,15/02/19,157.92,120,44,0.120547945,0.5781,0.024,38.505,36.55,40.46,38.99,02/01/19
02/01/19,15/02/19,157.92,125,44,0.120547945,0.61078,0.024,34.525,33.5,35.55,34.05,02/01/19
02/01/19,15/02/19,157.92,130,44,0.120547945,0.56389,0.024,29.9,28.65,31.15,28.75,02/01/19
02/01/19,15/02/19,157.92,135,44,0.120547945,0.48058,0.024,24.825,24.4,25.25,24.15,02/01/19
02/01/19,15/02/19,157.92,140,44,0.120547945,0.44742,0.024,20.47,20.34,20.6,20.2,02/01/19
02/01/19,15/02/19,157.92,145,44,0.120547945,0.42543,0.024,16.525,16.45,16.6,16.05,02/01/19
02/01/19,15/02/19,157.92,150,44,0.120547945,0.4129,0.024,13.05,13,13.1,13.01,02/01/19
02/01/19,15/02/19,157.92,155,44,0.120547945,0.39278,0.024,9.82,9.79,9.85,9.8,02/01/19
02/01/19,15/02/19,157.92,160,44,0.120547945,0.37976,0.024,7.18,7.16,7.2,7.1,02/01/19
02/01/19,15/02/19,157.92,165,44,0.120547945,0.36929,0.024,5.045,5,5.09,5.01,02/01/19
02/01/19,15/02/19,157.92,170,44,0.120547945,0.35569,0.024,3.325,3.3,3.35,3.2,02/01/19
02/01/19,15/02/19,157.92,175,44,0.120547945,0.34813,0.024,2.155,2.12,2.19,2.17,02/01/19
02/01/19,15/02/19,157.92,180,44,0.120547945,0.3429,0.024,1.345,1.33,1.36,1.32,02/01/19
02/01/19,15/02/19,157.92,185,44,0.120547945,0.34027,0.024,0.82,0.81,0.83,0.82,02/01/19
02/01/19,15/02/19,157.92,190,44,0.120547945,0.34192,0.024,0.515,0.5,0.53,0.48,02/01/19
02/01/19,15/02/19,157.92,195,44,0.120547945,0.34629,0.024,0.335,0.32,0.35,0.33,02/01/19
02/01/19,15/02/19,157.92,200,44,0.120547945,0.35133,0.024,0.205,0.2,0.21,0.22,02/01/19
02/01/19,15/02/19,157.92,205,44,0.120547945,0.36245,0.024,0.155,0.15,0.16,0.16,02/01/19
02/01/19,15/02/19,157.92,210,44,0.120547945,0.37077,0.024,0.11,0.1,0.12,0.12,02/01/19
02/01/19,15/02/19,157.92,215,44,0.120547945,0.38334,0.024,0.09,0.09,0.09,0.09,02/01/19
02/01/19,15/02/19,157.92,220,44,0.120547945,0.40042,0.024,0.075,0.05,0.1,0.06,02/01/19
02/01/19,15/02/19,157.92,225,44,0.120547945,0.40385,0.024,0.05,0.04,0.06,0.06,02/01/19
02/01/19,15/02/19,157.92,230,44,0.120547945,0.42039,0.024,0.045,0.03,0.06,0.04,02/01/19
02/01/19,15/02/19,157.92,235,44,0.120547945,0.41504,0.024,0.025,0.02,0.03,0.03,02/01/19
02/01/19,15/02/19,157.92,240,44,0.120547945,0.425,0.024,0.01,0,0.02,0.03,02/01/19
02/01/19,15/02/19,157.92,245,44,0.120547945,0.45326,0.024,0.02,0.01,0.03,0.03,02/01/19
02/01/19,15/02/19,157.92,250,44,0.120547945,0.43538,0.024,0.01,0,0.02,0.02,02/01/19
02/01/19,15/02/19,157.92,255,44,0.120547945,0.45175,0.024,0.01,0,0.02,0.01,02/01/19
02/01/19,15/02/19,157.92,260,44,0.120547945,0.46712,0.024,0.015,0,0.03,0.01,02/01/19
02/01/19,15/02/19,157.92,265,44,0.120547945,0.49977,0.024,0.015,0.01,0.02,0.03,02/01/19
02/01/19,15/02/19,157.92,270,44,0.120547945,0.49813,0.024,0.01,0,0.02,0.03,02/01/19
02/01/19,15/02/19,157.92,275,44,0.120547945,0.54501,0.024,0.01,0,0.02,0.01,02/01/19
02/01/19,15/02/19,157.92,280,44,0.120547945,0.5608,0.024,0.02,0,0.04,0.03,02/01/19
02/01/19,15/02/19,157.92,285,44,0.120547945,0.57617,0.024,0.02,0,0.04,0.04,02/01/19
02/01/19,15/02/19,157.92,290,44,0.120547945,0.5588,0.024,0.015,0,0.03,0.01,02/01/19
02/01/19,15/02/19,157.92,295,44,0.120547945,0.59045,0.024,0.015,0,0.03,0.01,02/01/19
02/01/19,15/02/19,157.92,300,44,0.120547945,0.61952,0.024,0.02,0,0.04,0.01,02/01/19
02/01/19,15/02/19,157.92,310,44,0.120547945,0.64754,0.024,0.02,0,0.04,0.01,02/01/19
02/01/19,15/02/19,157.92,320,44,0.120547945,0.67422,0.024,0.025,0,0.05,0.02,02/01/19
02/01/19,15/03/19,157.92,90,71.96,0.197150685,0.87093,0.024073162,67.88,66.05,69.71,82.65,02/01/19
02/01/19,15/03/19,157.92,95,71.96,0.197150685,0.7861,0.024073162,63.02,61.05,64.99,0,02/01/19
02/01/19,15/03/19,157.92,100,71.96,0.197150685,0.81006,0.024073162,59.07,58,60.14,57.81,02/01/19
02/01/19,15/03/19,157.92,105,71.96,0.197150685,0.62573,0.024073162,53.155,51.26,55.05,52.05,02/01/19
02/01/19,15/03/19,157.92,110,71.96,0.197150685,0.57874,0.024073162,48.405,46.46,50.35,0,02/01/19
02/01/19,15/03/19,157.92,115,71.96,0.197150685,0.53589,0.024073162,43.655,41.75,45.56,39.68,02/01/19
02/01/19,15/03/19,157.92,120,71.96,0.197150685,0.56743,0.024073162,39.795,38.74,40.85,35.99,02/01/19
02/01/19,15/03/19,157.92,125,71.96,0.197150685,0.47354,0.024073162,34.41,34.21,34.61,34.84,02/01/19
02/01/19,15/03/19,157.92,130,71.96,0.197150685,0.41102,0.024073162,29.375,27.8,30.95,29.35,02/01/19
02/01/19,15/03/19,157.92,135,71.96,0.197150685,0.42804,0.024073162,25.675,25.6,25.75,26.15,02/01/19
02/01/19,15/03/19,157.92,140,71.96,0.197150685,0.41031,0.024073162,21.655,21.61,21.7,20.9,02/01/19
02/01/19,15/03/19,157.92,145,71.96,0.197150685,0.40038,0.024073162,18.02,17.95,18.09,17.57,02/01/19
02/01/19,15/03/19,157.92,150,71.96,0.197150685,0.37939,0.024073162,14.45,14.4,14.5,14.45,02/01/19
02/01/19,15/03/19,157.92,155,71.96,0.197150685,0.37036,0.024073162,11.505,11.45,11.56,11.14,02/01/19
02/01/19,15/03/19,157.92,160,71.96,0.197150685,0.35925,0.024073162,8.85,8.8,8.9,8.75,02/01/19
02/01/19,15/03/19,157.92,165,71.96,0.197150685,0.34969,0.024073162,6.65,6.6,6.7,6.6,02/01/19
02/01/19,15/03/19,157.92,170,71.96,0.197150685,0.3408,0.024073162,4.845,4.79,4.9,4.8,02/01/19
02/01/19,15/03/19,157.92,175,71.96,0.197150685,0.33208,0.024073162,3.4,3.35,3.45,3.2,02/01/19
02/01/19,15/03/19,157.92,180,71.96,0.197150685,0.32729,0.024073162,2.375,2.34,2.41,2.3,02/01/19
02/01/19,15/03/19,157.92,185,71.96,0.197150685,0.32275,0.024073162,1.6,1.56,1.64,1.55,02/01/19
02/01/19,15/03/19,157.92,190,71.96,0.197150685,0.31979,0.024073162,1.085,1.06,1.11,1.01,02/01/19
02/01/19,15/03/19,157.92,195,71.96,0.197150685,0.31976,0.024073162,0.725,0.7,0.75,0.8,02/01/19
02/01/19,15/03/19,157.92,200,71.96,0.197150685,0.32108,0.024073162,0.5,0.48,0.52,0.46,02/01/19
02/01/19,15/03/19,157.92,205,71.96,0.197150685,0.32342,0.024073162,0.35,0.34,0.36,0.34,02/01/19
02/01/19,15/03/19,157.92,210,71.96,0.197150685,0.32584,0.024073162,0.245,0.23,0.26,0.22,02/01/19
02/01/19,15/03/19,157.92,215,71.96,0.197150685,0.33404,0.024073162,0.175,0.12,0.23,0.18,02/01/19
02/01/19,15/03/19,157.92,220,71.96,0.197150685,0.34062,0.024073162,0.145,0.13,0.16,0.13,02/01/19
02/01/19,15/03/19,157.92,225,71.96,0.197150685,0.34276,0.024073162,0.095,0.09,0.1,0.1,02/01/19
02/01/19,15/03/19,157.92,230,71.96,0.197150685,0.35323,0.024073162,0.085,0.08,0.09,0.07,02/01/19
02/01/19,15/03/19,157.92,235,71.96,0.197150685,0.35782,0.024073162,0.06,0.05,0.07,0.08,02/01/19
02/01/19,15/03/19,157.92,240,71.96,0.197150685,0.35822,0.024073162,0.045,0.02,0.07,0.06,02/01/19
02/01/19,15/03/19,157.92,245,71.96,0.197150685,0.35659,0.024073162,0.03,0.02,0.04,0.07,02/01/19
02/01/19,15/03/19,157.92,250,71.96,0.197150685,0.38831,0.024073162,0.04,0.03,0.05,0.03,02/01/19
02/01/19,15/03/19,157.92,255,71.96,0.197150685,0.41668,0.024073162,0.05,0.01,0.09,0.03,02/01/19
02/01/19,15/03/19,157.92,260,71.96,0.197150685,0.40467,0.024073162,0.03,0.01,0.05,0.01,02/01/19
02/01/19,15/03/19,157.92,265,71.96,0.197150685,0.40325,0.024073162,0.025,0,0.05,0.02,02/01/19
02/01/19,15/03/19,157.92,270,71.96,0.197150685,0.41555,0.024073162,0.02,0,0.04,0.08,02/01/19
02/01/19,15/03/19,157.92,275,71.96,0.197150685,0.42797,0.024073162,0.015,0,0.03,0.03,02/01/19
02/01/19,15/03/19,157.92,280,71.96,0.197150685,0.44098,0.024073162,0.02,0.01,0.03,0.01,02/01/19
02/01/19,15/03/19,157.92,285,71.96,0.197150685,0.45223,0.024073162,0.02,0,0.04,0.05,02/01/19
02/01/19,15/03/19,157.92,290,71.96,0.197150685,0.46393,0.024073162,0.02,0,0.04,0.04,02/01/19
02/01/19,15/03/19,157.92,295,71.96,0.197150685,0.48532,0.024073162,0.025,0,0.05,0.07,02/01/19
02/01/19,15/03/19,157.92,300,71.96,0.197150685,0.49708,0.024073162,0.025,0,0.05,0.01,02/01/19
02/01/19,18/04/19,157.92,30,105.96,0.29030137,3.99607,0.024345085,128.02,126.35,129.69,0,02/01/19
02/01/19,18/04/19,157.92,50,105.96,0.29030137,2.03065,0.024345085,107.99,106.14,109.84,0,02/01/19
02/01/19,18/04/19,157.92,55,105.96,0.29030137,-0.00034,0.024345085,102.795,100.75,104.84,153.48,02/01/19
02/01/19,18/04/19,157.92,60,105.96,0.29030137,1.53712,0.024345085,97.945,96.14,99.75,108.12,02/01/19
02/01/19,18/04/19,157.92,65,105.96,0.29030137,1.33902,0.024345085,92.845,90.95,94.74,144.55,02/01/19
02/01/19,18/04/19,157.92,70,105.96,0.29030137,1.18078,0.024345085,87.87,85.95,89.79,0,02/01/19
02/01/19,18/04/19,157.92,75,105.96,0.29030137,1.05189,0.024345085,82.97,81,84.94,83.1,02/01/19
02/01/19,18/04/19,157.92,80,105.96,0.29030137,0.94584,0.024345085,78.13,76.41,79.85,0,02/01/19
02/01/19,18/04/19,157.92,85,105.96,0.29030137,0.84336,0.024345085,73.175,71.35,75,0,02/01/19
02/01/19,18/04/19,157.92,90,105.96,0.29030137,0.74085,0.024345085,68.1,66.15,70.05,0,02/01/19
02/01/19,18/04/19,157.92,95,105.96,0.29030137,0.65042,0.024345085,63.045,61.2,64.89,124.27,02/01/19
02/01/19,18/04/19,157.92,100,105.96,0.29030137,0.60403,0.024345085,58.35,56.4,60.3,58.25,02/01/19
02/01/19,18/04/19,157.92,105,105.96,0.29030137,0.55311,0.024345085,53.55,51.55,55.55,53.21,02/01/19
02/01/19,18/04/19,157.92,110,105.96,0.29030137,0.52409,0.024345085,48.95,48.75,49.15,49.2,02/01/19
02/01/19,18/04/19,157.92,115,105.96,0.29030137,0.46933,0.024345085,44,42.15,45.85,42.61,02/01/19
02/01/19,18/04/19,157.92,120,105.96,0.29030137,0.44694,0.024345085,39.48,37.66,41.3,37.45,02/01/19
02/01/19,18/04/19,157.92,125,105.96,0.29030137,0.4261,0.024345085,35.02,33.34,36.7,35,02/01/19
02/01/19,18/04/19,157.92,130,105.96,0.29030137,0.42018,0.024345085,30.98,30.8,31.16,31.5,02/01/19
02/01/19,18/04/19,157.92,135,105.96,0.29030137,0.37264,0.024345085,26.145,25.25,27.04,26.35,02/01/19
02/01/19,18/04/19,157.92,140,105.96,0.29030137,0.36885,0.024345085,22.475,21.75,23.2,22.54,02/01/19
02/01/19,18/04/19,157.92,145,105.96,0.29030137,0.37806,0.024345085,19.475,19.35,19.6,19.3,02/01/19
02/01/19,18/04/19,157.92,150,105.96,0.29030137,0.36176,0.024345085,15.995,15.8,16.19,16.7,02/01/19
02/01/19,18/04/19,157.92,155,105.96,0.29030137,0.35669,0.024345085,13.235,13.16,13.31,12.8,02/01/19
02/01/19,18/04/19,157.92,160,105.96,0.29030137,0.34498,0.024345085,10.5,10.3,10.7,10.25,02/01/19
02/01/19,18/04/19,157.92,165,105.96,0.29030137,0.33903,0.024345085,8.32,8.25,8.39,7.95,02/01/19
02/01/19,18/04/19,157.92,170,105.96,0.29030137,0.32929,0.024345085,6.355,6.21,6.5,6.1,02/01/19
02/01/19,18/04/19,157.92,175,105.96,0.29030137,0.32054,0.024345085,4.75,4.65,4.85,4.8,02/01/19
02/01/19,18/04/19,157.92,180,105.96,0.29030137,0.31653,0.024345085,3.55,3.5,3.6,3.4,02/01/19
02/01/19,18/04/19,157.92,185,105.96,0.29030137,0.31155,0.024345085,2.565,2.51,2.62,2.55,02/01/19
02/01/19,18/04/19,157.92,190,105.96,0.29030137,0.30608,0.024345085,1.815,1.74,1.89,1.75,02/01/19
02/01/19,18/04/19,157.92,195,105.96,0.29030137,0.30444,0.024345085,1.305,1.26,1.35,1.29,02/01/19
02/01/19,18/04/19,157.92,200,105.96,0.29030137,0.30031,0.024345085,0.89,0.86,0.92,0.91,02/01/19
02/01/19,18/04/19,157.92,205,105.96,0.29030137,0.30026,0.024345085,0.635,0.58,0.69,0.63,02/01/19
02/01/19,18/04/19,157.92,210,105.96,0.29030137,0.30656,0.024345085,0.5,0.46,0.54,0.47,02/01/19
02/01/19,18/04/19,157.92,215,105.96,0.29030137,0.30143,0.024345085,0.325,0.31,0.34,0.33,02/01/19
02/01/19,18/04/19,157.92,220,105.96,0.29030137,0.31,0.024345085,0.265,0.16,0.37,0.25,02/01/19
02/01/19,18/04/19,157.92,225,105.96,0.29030137,0.30464,0.024345085,0.165,0.15,0.18,0.2,02/01/19
02/01/19,18/04/19,157.92,230,105.96,0.29030137,0.31518,0.024345085,0.145,0.12,0.17,0.15,02/01/19
02/01/19,18/04/19,157.92,235,105.96,0.29030137,0.31256,0.024345085,0.1,0.07,0.13,0.08,02/01/19
02/01/19,18/04/19,157.92,240,105.96,0.29030137,0.34543,0.024345085,0.15,0.05,0.25,0.07,02/01/19
02/01/19,18/04/19,157.92,245,105.96,0.29030137,0.3249,0.024345085,0.065,0.03,0.1,0.07,02/01/19
02/01/19,18/04/19,157.92,250,105.96,0.29030137,0.34054,0.024345085,0.07,0.05,0.09,0.06,02/01/19
02/01/19,18/04/19,157.92,255,105.96,0.29030137,0.34043,0.024345085,0.05,0.02,0.08,0.05,02/01/19
02/01/19,18/04/19,157.92,260,105.96,0.29030137,0.34423,0.024345085,0.04,0.02,0.06,0.03,02/01/19
02/01/19,18/04/19,157.92,265,105.96,0.29030137,0.33916,0.024345085,0.025,0,0.05,0.02,02/01/19
02/01/19,18/04/19,157.92,270,105.96,0.29030137,0.35644,0.024345085,0.035,0.02,0.05,0.01,02/01/19
02/01/19,18/04/19,157.92,275,105.96,0.29030137,0.37275,0.024345085,0.03,0.02,0.04,0.03,02/01/19
02/01/19,18/04/19,157.92,280,105.96,0.29030137,0.36433,0.024345085,0.02,0,0.04,0.03,02/01/19
02/01/19,18/04/19,157.92,285,105.96,0.29030137,0.38158,0.024345085,0.03,0.02,0.04,0.03,02/01/19
02/01/19,18/04/19,157.92,290,105.96,0.29030137,0.39036,0.024345085,0.025,0.02,0.03,0.02,02/01/19
02/01/19,18/04/19,157.92,295,105.96,0.29030137,0.40038,0.024345085,0.025,0,0.05,0.09,02/01/19
02/01/19,18/04/19,157.92,300,105.96,0.29030137,0.37879,0.024345085,0.005,0,0.01,0.01,02/01/19
02/01/19,18/04/19,157.92,305,105.96,0.29030137,0.38924,0.024345085,0.01,0,0.02,0.01,02/01/19
02/01/19,18/04/19,157.92,310,105.96,0.29030137,0.42908,0.024345085,0.025,0,0.05,0.09,02/01/19
02/01/19,18/04/19,157.92,315,105.96,0.29030137,0.43706,0.024345085,0.025,0,0.05,0.23,02/01/19
02/01/19,18/04/19,157.92,320,105.96,0.29030137,0.44588,0.024345085,0.025,0,0.05,0.05,02/01/19
02/01/19,18/04/19,157.92,325,105.96,0.29030137,0.45471,0.024345085,0.025,0,0.05,0.04,02/01/19
02/01/19,18/04/19,157.92,330,105.96,0.29030137,0.42899,0.024345085,0.01,0,0.02,0.14,02/01/19
02/01/19,18/04/19,157.92,335,105.96,0.29030137,0.47124,0.024345085,0.025,0,0.05,0.06,02/01/19
02/01/19,18/04/19,157.92,340,105.96,0.29030137,0.47871,0.024345085,0.025,0,0.05,0.13,02/01/19
02/01/19,18/04/19,157.92,345,105.96,0.29030137,0.48727,0.024345085,0.025,0,0.05,0.03,02/01/19
02/01/19,18/04/19,157.92,350,105.96,0.29030137,0.49512,0.024345085,0.025,0,0.05,0.12,02/01/19
02/01/19,18/04/19,157.92,355,105.96,0.29030137,0.50326,0.024345085,0.025,0,0.05,0.1,02/01/19
02/01/19,18/04/19,157.92,360,105.96,0.29030137,0.50073,0.024345085,0.02,0,0.04,0.06,02/01/19
02/01/19,18/04/19,157.92,365,105.96,0.29030137,0.50762,0.024345085,0.025,0,0.05,0.1,02/01/19
02/01/19,18/04/19,157.92,370,105.96,0.29030137,0.51578,0.024345085,0.02,0,0.04,0.08,02/01/19
02/01/19,18/04/19,157.92,375,105.96,0.29030137,0.52266,0.024345085,0.02,0,0.04,0.04,02/01/19
02/01/19,18/04/19,157.92,380,105.96,0.29030137,0.53025,0.024345085,0.02,0,0.04,0.23,02/01/19
02/01/19,18/04/19,157.92,385,105.96,0.29030137,0.53652,0.024345085,0.02,0,0.04,0.05,02/01/19
02/01/19,18/04/19,157.92,390,105.96,0.29030137,0.54327,0.024345085,0.015,0,0.03,0.17,02/01/19
02/01/19,18/04/19,157.92,395,105.96,0.29030137,0.54935,0.024345085,0.02,0,0.04,0.1,02/01/19
02/01/19,18/04/19,157.92,400,105.96,0.29030137,0.54394,0.024345085,0.015,0,0.03,0.02,02/01/19
02/01/19,18/04/19,157.92,405,105.96,0.29030137,0.56368,0.024345085,0.015,0,0.03,0.02,02/01/19
02/01/19,18/04/19,157.92,410,105.96,0.29030137,0.69354,0.024345085,0.16,0,0.32,0.01,02/01/19
02/01/19,18/04/19,157.92,415,105.96,0.29030137,0.57549,0.024345085,0.02,0,0.04,0,02/01/19
02/01/19,18/04/19,157.92,420,105.96,0.29030137,0.58253,0.024345085,0.02,0,0.04,0.02,02/01/19
02/01/19,18/04/19,157.92,425,105.96,0.29030137,0.58811,0.024345085,0.02,0,0.04,0.01,02/01/19
02/01/19,21/06/19,157.92,80,169.96,0.465643836,0.75136,0.024976318,78.025,76.15,79.9,0,02/01/19
02/01/19,21/06/19,157.92,85,169.96,0.465643836,0.67832,0.024976318,73.175,71.25,75.1,85.79,02/01/19
02/01/19,21/06/19,157.92,90,169.96,0.465643836,0.6149,0.024976318,68.32,66.4,70.24,63.7,02/01/19
02/01/19,21/06/19,157.92,95,169.96,0.465643836,0.56449,0.024976318,63.55,61.65,65.45,92.75,02/01/19
02/01/19,21/06/19,157.92,100,169.96,0.465643836,0.52556,0.024976318,58.85,56.9,60.8,58.68,02/01/19
02/01/19,21/06/19,157.92,105,169.96,0.465643836,0.48838,0.024976318,54.13,52.21,56.05,87.46,02/01/19
02/01/19,21/06/19,157.92,110,169.96,0.465643836,0.46006,0.024976318,49.52,47.69,51.35,46.72,02/01/19
02/01/19,21/06/19,157.92,115,169.96,0.465643836,0.4491,0.024976318,45.255,45.05,45.46,38.73,02/01/19
02/01/19,21/06/19,157.92,120,169.96,0.465643836,0.41834,0.024976318,40.625,39,42.25,40.7,02/01/19
02/01/19,21/06/19,157.92,125,169.96,0.465643836,0.4133,0.024976318,36.65,35.1,38.2,37.4,02/01/19
02/01/19,21/06/19,157.92,130,169.96,0.465643836,0.38601,0.024976318,32.22,30.49,33.95,32.77,02/01/19
02/01/19,21/06/19,157.92,135,169.96,0.465643836,0.35666,0.024976318,27.775,26.55,29,29.4,02/01/19
02/01/19,21/06/19,157.92,140,169.96,0.465643836,0.35155,0.024976318,24.245,23.15,25.34,24.85,02/01/19
02/01/19,21/06/19,157.92,145,169.96,0.465643836,0.36354,0.024976318,21.66,21.41,21.91,22.12,02/01/19
02/01/19,21/06/19,157.92,150,169.96,0.465643836,0.35409,0.024976318,18.53,18.36,18.7,18,02/01/19
02/01/19,21/06/19,157.92,155,169.96,0.465643836,0.34407,0.024976318,15.59,15.39,15.79,15.32,02/01/19
02/01/19,21/06/19,157.92,160,169.96,0.465643836,0.33569,0.024976318,13,12.85,13.15,12.68,02/01/19
02/01/19,21/06/19,157.92,165,169.96,0.465643836,0.32902,0.024976318,10.72,10.6,10.84,10.4,02/01/19
02/01/19,21/06/19,157.92,170,169.96,0.465643836,0.32338,0.024976318,8.75,8.6,8.9,8.58,02/01/19
02/01/19,21/06/19,157.92,175,169.96,0.465643836,0.316,0.024976318,7,6.89,7.11,6.9,02/01/19
02/01/19,21/06/19,157.92,180,169.96,0.465643836,0.31114,0.024976318,5.575,5.44,5.71,5.5,02/01/19
02/01/19,21/06/19,157.92,185,169.96,0.465643836,0.30784,0.024976318,4.415,4.29,4.54,4.2,02/01/19
02/01/19,21/06/19,157.92,190,169.96,0.465643836,0.30412,0.024976318,3.455,3.31,3.6,3.25,02/01/19
02/01/19,21/06/19,157.92,195,169.96,0.465643836,0.30094,0.024976318,2.685,2.57,2.8,2.71,02/01/19
02/01/19,21/06/19,157.92,200,169.96,0.465643836,0.29764,0.024976318,2.03,2,2.06,2,02/01/19
02/01/19,21/06/19,157.92,205,169.96,0.465643836,0.29539,0.024976318,1.565,1.5,1.63,1.65,02/01/19
02/01/19,21/06/19,157.92,210,169.96,0.465643836,0.29445,0.024976318,1.205,1.15,1.26,1.13,02/01/19
02/01/19,21/06/19,157.92,215,169.96,0.465643836,0.29459,0.024976318,0.93,0.86,1,0.86,02/01/19
02/01/19,21/06/19,157.92,220,169.96,0.465643836,0.29222,0.024976318,0.69,0.66,0.72,0.67,02/01/19
02/01/19,21/06/19,157.92,225,169.96,0.465643836,0.29422,0.024976318,0.545,0.47,0.62,0.51,02/01/19
02/01/19,21/06/19,157.92,230,169.96,0.465643836,0.29397,0.024976318,0.41,0.32,0.5,0.42,02/01/19
02/01/19,21/06/19,157.92,235,169.96,0.465643836,0.29601,0.024976318,0.325,0.29,0.36,0.33,02/01/19
02/01/19,21/06/19,157.92,240,169.96,0.465643836,0.3019,0.024976318,0.295,0.21,0.38,0.28,02/01/19
02/01/19,21/06/19,157.92,245,169.96,0.465643836,0.30957,0.024976318,0.27,0.21,0.33,0.21,02/01/19
02/01/19,21/06/19,157.92,250,169.96,0.465643836,0.30552,0.024976318,0.18,0.16,0.2,0.21,02/01/19
02/01/19,21/06/19,157.92,255,169.96,0.465643836,0.30474,0.024976318,0.14,0.1,0.18,0.16,02/01/19
02/01/19,21/06/19,157.92,260,169.96,0.465643836,0.31102,0.024976318,0.125,0.11,0.14,0.14,02/01/19
02/01/19,21/06/19,157.92,265,169.96,0.465643836,0.30852,0.024976318,0.085,0.05,0.12,0.05,02/01/19
02/01/19,21/06/19,157.92,270,169.96,0.465643836,0.3118,0.024976318,0.075,0.04,0.11,0.11,02/01/19
02/01/19,21/06/19,157.92,275,169.96,0.465643836,0.31558,0.024976318,0.065,0.03,0.1,0.08,02/01/19
02/01/19,21/06/19,157.92,280,169.96,0.465643836,0.32941,0.024976318,0.075,0.05,0.1,0.09,02/01/19
02/01/19,21/06/19,157.92,285,169.96,0.465643836,0.32407,0.024976318,0.045,0.02,0.07,0.08,02/01/19
02/01/19,21/06/19,157.92,290,169.96,0.465643836,0.33203,0.024976318,0.045,0.01,0.08,0.14,02/01/19
02/01/19,21/06/19,157.92,295,169.96,0.465643836,0.34636,0.024976318,0.055,0.03,0.08,0.07,02/01/19
02/01/19,21/06/19,157.92,300,169.96,0.465643836,0.33992,0.024976318,0.045,0.01,0.08,0.05,02/01/19
02/01/19,21/06/19,157.92,310,169.96,0.465643836,0.35061,0.024976318,0.035,0,0.07,0.04,02/01/19
02/01/19,21/06/19,157.92,320,169.96,0.465643836,0.35959,0.024976318,0.03,0,0.06,0.01,02/01/19
02/01/19,21/06/19,157.92,330,169.96,0.465643836,0.37849,0.024976318,0.04,0.01,0.07,0.02,02/01/19
02/01/19,21/06/19,157.92,340,169.96,0.465643836,0.3915,0.024976318,0.035,0.02,0.05,0.03,02/01/19
02/01/19,19/07/19,157.92,80,197.96,0.542356164,0.70492,0.025176241,78.145,76.19,80.1,78.2,02/01/19
02/01/19,19/07/19,157.92,85,197.96,0.542356164,0.63929,0.025176241,73.32,71.45,75.19,67.11,02/01/19
02/01/19,19/07/19,157.92,90,197.96,0.542356164,0.58312,0.025176241,68.525,66.55,70.5,62.8,02/01/19
02/01/19,19/07/19,157.92,95,197.96,0.542356164,0.53312,0.025176241,63.705,61.86,65.55,63.1,02/01/19
02/01/19,19/07/19,157.92,100,197.96,0.542356164,0.49967,0.025176241,59.07,57.05,61.09,58.95,02/01/19
02/01/19,19/07/19,157.92,105,197.96,0.542356164,0.47024,0.025176241,54.45,52.5,56.4,53.65,02/01/19
02/01/19,19/07/19,157.92,110,197.96,0.542356164,0.4539,0.025176241,50.075,48.2,51.95,49.69,02/01/19
02/01/19,19/07/19,157.92,115,197.96,0.542356164,0.42899,0.025176241,45.545,43.9,47.19,45.6,02/01/19
02/01/19,19/07/19,157.92,120,197.96,0.542356164,0.41163,0.025176241,41.245,39.54,42.95,42.15,02/01/19
02/01/19,19/07/19,157.92,125,197.96,0.542356164,0.40182,0.025176241,37.225,35.65,38.8,35.05,02/01/19
02/01/19,19/07/19,157.92,130,197.96,0.542356164,0.39561,0.025176241,33.45,31.99,34.91,33,02/01/19
02/01/19,19/07/19,157.92,135,197.96,0.542356164,0.35334,0.025176241,28.6,27.6,29.6,28.85,02/01/19
02/01/19,19/07/19,157.92,140,197.96,0.542356164,0.35312,0.025176241,25.33,24.65,26.01,25.39,02/01/19
02/01/19,19/07/19,157.92,145,197.96,0.542356164,0.35481,0.025176241,22.43,22.2,22.66,22.75,02/01/19
02/01/19,19/07/19,157.92,150,197.96,0.542356164,0.34824,0.025176241,19.395,19.24,19.55,18.86,02/01/19
02/01/19,19/07/19,157.92,155,197.96,0.542356164,0.33776,0.025176241,16.455,16.26,16.65,16.8,02/01/19
02/01/19,19/07/19,157.92,160,197.96,0.542356164,0.33104,0.025176241,13.9,13.75,14.05,13.75,02/01/19
02/01/19,19/07/19,157.92,165,197.96,0.542356164,0.32448,0.025176241,11.65,11.5,11.8,11.4,02/01/19
02/01/19,19/07/19,157.92,170,197.96,0.542356164,0.31834,0.025176241,9.6,9.45,9.75,9.5,02/01/19
02/01/19,19/07/19,157.92,175,197.96,0.542356164,0.31433,0.025176241,7.925,7.85,8,7.55,02/01/19
02/01/19,19/07/19,157.92,180,197.96,0.542356164,0.30845,0.025176241,6.38,6.26,6.5,6.1,02/01/19
02/01/19,19/07/19,157.92,185,197.96,0.542356164,0.30285,0.025176241,5.08,4.96,5.2,5.07,02/01/19
02/01/19,19/07/19,157.92,190,197.96,0.542356164,0.30001,0.025176241,4.075,4,4.15,4.08,02/01/19
02/01/19,19/07/19,157.92,195,197.96,0.542356164,0.29561,0.025176241,3.18,3.11,3.25,3.1,02/01/19
02/01/19,19/07/19,157.92,200,197.96,0.542356164,0.29227,0.025176241,2.485,2.43,2.54,2.38,02/01/19
02/01/19,19/07/19,157.92,205,197.96,0.542356164,0.28974,0.025176241,1.915,1.8,2.03,1.89,02/01/19
02/01/19,19/07/19,157.92,210,197.96,0.542356164,0.28743,0.025176241,1.49,1.47,1.51,1.64,02/01/19
02/01/19,19/07/19,157.92,215,197.96,0.542356164,0.28611,0.025176241,1.145,1.05,1.24,1.14,02/01/19
02/01/19,19/07/19,157.92,220,197.96,0.542356164,0.28442,0.025176241,0.87,0.8,0.94,0.95,02/01/19
02/01/19,19/07/19,157.92,225,197.96,0.542356164,0.28605,0.025176241,0.705,0.66,0.75,0.75,02/01/19
02/01/19,19/07/19,157.92,230,197.96,0.542356164,0.28773,0.025176241,0.57,0.54,0.6,0.56,02/01/19
02/01/19,19/07/19,157.92,235,197.96,0.542356164,0.28699,0.025176241,0.435,0.33,0.54,0.49,02/01/19
02/01/19,19/07/19,157.92,240,197.96,0.542356164,0.28695,0.025176241,0.345,0.26,0.43,0.36,02/01/19
02/01/19,19/07/19,157.92,245,197.96,0.542356164,0.2882,0.025176241,0.27,0.19,0.35,0.46,02/01/19
02/01/19,19/07/19,157.92,250,197.96,0.542356164,0.30059,0.025176241,0.285,0.22,0.35,0.27,02/01/19
02/01/19,19/07/19,157.92,255,197.96,0.542356164,0.30691,0.025176241,0.265,0.17,0.36,0.31,02/01/19
02/01/19,19/07/19,157.92,260,197.96,0.542356164,0.31155,0.025176241,0.225,0.14,0.31,0.25,02/01/19
02/01/19,19/07/19,157.92,265,197.96,0.542356164,0.31646,0.025176241,0.205,0.12,0.29,0.47,02/01/19
02/01/19,19/07/19,157.92,270,197.96,0.542356164,0.32102,0.025176241,0.185,0.11,0.26,0.19,02/01/19
02/01/19,19/07/19,157.92,275,197.96,0.542356164,0.32856,0.025176241,0.175,0.09,0.26,0.24,02/01/19
02/01/19,19/07/19,157.92,280,197.96,0.542356164,0.33191,0.025176241,0.155,0.07,0.24,0.12,02/01/19
02/01/19,19/07/19,157.92,285,197.96,0.542356164,0.33676,0.025176241,0.14,0.05,0.23,0.13,02/01/19
02/01/19,19/07/19,157.92,290,197.96,0.542356164,0.33804,0.025176241,0.12,0.02,0.22,0.09,02/01/19
02/01/19,17/01/20,157.92,55,380,1.04109589,0.94689,0.025958904,102.825,100.8,104.85,99.75,02/01/19
02/01/19,17/01/20,157.92,60,380,1.04109589,0.83251,0.025958904,97.875,95.86,99.89,98.66,02/01/19
02/01/19,17/01/20,157.92,65,380,1.04109589,0.74234,0.025958904,93.025,91,95.05,103.4,02/01/19
02/01/19,17/01/20,157.92,70,380,1.04109589,0.66573,0.025958904,88.175,86.15,90.2,85.05,02/01/19
02/01/19,17/01/20,157.92,75,380,1.04109589,0.60343,0.025958904,83.395,81.39,85.4,82.7,02/01/19
02/01/19,17/01/20,157.92,80,380,1.04109589,0.52244,0.025958904,78.1,76.65,79.55,78.24,02/01/19
02/01/19,17/01/20,157.92,85,380,1.04109589,0.51351,0.025958904,74.025,71.9,76.15,70.3,02/01/19
02/01/19,17/01/20,157.92,90,380,1.04109589,0.48439,0.025958904,69.495,67.4,71.59,69.5,02/01/19
02/01/19,17/01/20,157.92,95,380,1.04109589,0.45246,0.025958904,64.845,62.74,66.95,65.95,02/01/19
02/01/19,17/01/20,157.92,100,380,1.04109589,0.45619,0.025958904,61.135,59.71,62.56,59.95,02/01/19
02/01/19,17/01/20,157.92,105,380,1.04109589,0.43727,0.025958904,56.82,55.39,58.25,56.55,02/01/19
02/01/19,17/01/20,157.92,110,380,1.04109589,0.41369,0.025958904,52.325,50.76,53.89,51.9,02/01/19
02/01/19,17/01/20,157.92,115,380,1.04109589,0.38341,0.025958904,47.62,46.04,49.2,48.7,02/01/19
02/01/19,17/01/20,157.92,120,380,1.04109589,0.38227,0.025958904,44.05,43.8,44.3,43.39,02/01/19
02/01/19,17/01/20,157.92,125,380,1.04109589,0.38467,0.025958904,40.825,39.95,41.7,39.8,02/01/19
02/01/19,17/01/20,157.92,130,380,1.04109589,0.36194,0.025958904,36.555,36.3,36.81,36.01,02/01/19
02/01/19,17/01/20,157.92,135,380,1.04109589,0.35415,0.025958904,33.1,32.85,33.35,33,02/01/19
02/01/19,17/01/20,157.92,140,380,1.04109589,0.35255,0.025958904,30.16,30.06,30.26,29.44,02/01/19
02/01/19,17/01/20,157.92,145,380,1.04109589,0.34319,0.025958904,26.925,26.8,27.05,26.35,02/01/19
02/01/19,17/01/20,157.92,150,380,1.04109589,0.33807,0.025958904,24.15,24.05,24.25,23.53,02/01/19
02/01/19,17/01/20,157.92,155,380,1.04109589,0.33118,0.025958904,21.405,21.31,21.5,20.95,02/01/19
02/01/19,17/01/20,157.92,160,380,1.04109589,0.32571,0.025958904,18.925,18.7,19.15,18.55,02/01/19
02/01/19,17/01/20,157.92,165,380,1.04109589,0.31942,0.025958904,16.605,16.51,16.7,16.3,02/01/19
02/01/19,17/01/20,157.92,170,380,1.04109589,0.31326,0.025958904,14.445,14.34,14.55,14.48,02/01/19
02/01/19,17/01/20,157.92,175,380,1.04109589,0.31104,0.025958904,12.67,12.59,12.75,12.57,02/01/19
02/01/19,17/01/20,157.92,180,380,1.04109589,0.30462,0.025958904,10.875,10.8,10.95,10.84,02/01/19
02/01/19,17/01/20,157.92,185,380,1.04109589,0.30097,0.025958904,9.375,9.3,9.45,9.22,02/01/19
02/01/19,17/01/20,157.92,190,380,1.04109589,0.29908,0.025958904,8.15,7.95,8.35,7.8,02/01/19
02/01/19,17/01/20,157.92,195,380,1.04109589,0.29272,0.025958904,6.82,6.74,6.9,6.85,02/01/19
02/01/19,17/01/20,157.92,200,380,1.04109589,0.29001,0.025958904,5.795,5.74,5.85,5.8,02/01/19
02/01/19,17/01/20,157.92,205,380,1.04109589,0.28623,0.025958904,4.88,4.81,4.95,4.8,02/01/19
02/01/19,17/01/20,157.92,210,380,1.04109589,0.28314,0.025958904,4.1,4.05,4.15,4.08,02/01/19
02/01/19,17/01/20,157.92,215,380,1.04109589,0.28092,0.025958904,3.45,3.4,3.5,3.33,02/01/19
02/01/19,17/01/20,157.92,220,380,1.04109589,0.27893,0.025958904,2.89,2.83,2.95,2.82,02/01/19
02/01/19,17/01/20,157.92,225,380,1.04109589,0.27752,0.025958904,2.435,2.38,2.49,2.54,02/01/19
02/01/19,17/01/20,157.92,230,380,1.04109589,0.2765,0.025958904,2.035,1.99,2.08,1.93,02/01/19
02/01/19,17/01/20,157.92,235,380,1.04109589,0.27408,0.025958904,1.68,1.6,1.76,1.67,02/01/19
02/01/19,17/01/20,157.92,240,380,1.04109589,0.2734,0.025958904,1.42,1.32,1.52,1.4,02/01/19
02/01/19,17/01/20,157.92,245,380,1.04109589,0.27411,0.025958904,1.21,1.17,1.25,1.23,02/01/19
02/01/19,17/01/20,157.92,250,380,1.04109589,0.27385,0.025958904,1.02,0.99,1.05,1,02/01/19
02/01/19,17/01/20,157.92,255,380,1.04109589,0.27238,0.025958904,0.86,0.82,0.9,0.85,02/01/19
02/01/19,17/01/20,157.92,260,380,1.04109589,0.27397,0.025958904,0.735,0.7,0.77,0.73,02/01/19
02/01/19,17/01/20,157.92,270,380,1.04109589,0.27521,0.025958904,0.555,0.53,0.58,0.54,02/01/19
02/01/19,17/01/20,157.92,280,380,1.04109589,0.2784,0.025958904,0.425,0.42,0.43,0.43,02/01/19
02/01/19,17/01/20,157.92,290,380,1.04109589,0.28139,0.025958904,0.33,0.3,0.36,0.34,02/01/19
02/01/19,17/01/20,157.92,300,380,1.04109589,0.29012,0.025958904,0.3,0.26,0.34,0.22,02/01/19
02/01/19,17/01/20,157.92,310,380,1.04109589,0.29018,0.025958904,0.215,0.18,0.25,0.21,02/01/19
02/01/19,17/01/20,157.92,320,380,1.04109589,0.29584,0.025958904,0.19,0.17,0.21,0.22,02/01/19
02/01/19,17/01/20,157.92,330,380,1.04109589,0.29875,0.025958904,0.155,0.13,0.18,0.17,02/01/19
02/01/19,17/01/20,157.92,340,380,1.04109589,0.30103,0.025958904,0.125,0.11,0.14,0.14,02/01/19
02/01/19,19/06/20,157.92,80,533.96,1.46290411,0.47645,0.025537096,78.645,76.8,80.49,78.5,02/01/19
02/01/19,19/06/20,157.92,85,533.96,1.46290411,0.45362,0.025537096,74.25,72.15,76.35,74.4,02/01/19
02/01/19,19/06/20,157.92,90,533.96,1.46290411,0.43508,0.025537096,69.92,67.85,71.99,61.8,02/01/19
02/01/19,19/06/20,157.92,95,533.96,1.46290411,0.41837,0.025537096,65.655,63.56,67.75,82.75,02/01/19
02/01/19,19/06/20,157.92,100,533.96,1.46290411,0.40558,0.025537096,61.475,59.4,63.55,63.02,02/01/19
02/01/19,19/06/20,157.92,105,533.96,1.46290411,0.41176,0.025537096,58.12,56.8,59.44,53.9,02/01/19
02/01/19,19/06/20,157.92,110,533.96,1.46290411,0.40187,0.025537096,54.2,52.9,55.5,53.7,02/01/19
02/01/19,19/06/20,157.92,115,533.96,1.46290411,0.39177,0.025537096,50.37,49.05,51.69,45.18,02/01/19
02/01/19,19/06/20,157.92,120,533.96,1.46290411,0.36515,0.025537096,45.795,45.44,46.15,45.6,02/01/19
02/01/19,19/06/20,157.92,125,533.96,1.46290411,0.37586,0.025537096,43.22,41.94,44.5,41.65,02/01/19
02/01/19,19/06/20,157.92,130,533.96,1.46290411,0.36478,0.025537096,39.645,38.59,40.7,39.5,02/01/19
02/01/19,19/06/20,157.92,135,533.96,1.46290411,0.34537,0.025537096,35.55,33.9,37.2,35.5,02/01/19
02/01/19,19/06/20,157.92,140,533.96,1.46290411,0.34377,0.025537096,32.8,30.75,34.85,33.4,02/01/19
02/01/19,19/06/20,157.92,145,533.96,1.46290411,0.34001,0.025537096,29.975,28,31.95,30,02/01/19
02/01/19,19/06/20,157.92,150,533.96,1.46290411,0.34775,0.025537096,28.18,26.91,29.45,27.49,02/01/19
02/01/19,19/06/20,157.92,155,533.96,1.46290411,0.3316,0.025537096,24.855,24.45,25.26,24.42,02/01/19
02/01/19,19/06/20,157.92,160,533.96,1.46290411,0.33795,0.025537096,23.245,22.1,24.39,22.1,02/01/19
02/01/19,19/06/20,157.92,165,533.96,1.46290411,0.335,0.025537096,21.13,19.9,22.36,20.77,02/01/19
02/01/19,19/06/20,157.92,170,533.96,1.46290411,0.32003,0.025537096,18.25,16.2,20.3,19,02/01/19
02/01/19,19/06/20,157.92,175,533.96,1.46290411,0.31634,0.025537096,16.4,14.4,18.4,16.2,02/01/19
02/01/19,19/06/20,157.92,180,533.96,1.46290411,0.3077,0.025537096,14.245,13.45,15.04,14.7,02/01/19
02/01/19,19/06/20,157.92,185,533.96,1.46290411,0.31015,0.025537096,13.105,12.51,13.7,12.73,02/01/19
02/01/19,19/06/20,157.92,190,533.96,1.46290411,0.3116,0.025537096,11.95,10.25,13.65,12.1,02/01/19
02/01/19,19/06/20,157.92,195,533.96,1.46290411,0.31225,0.025537096,10.875,10.05,11.7,10.45,02/01/19
02/01/19,19/06/20,157.92,200,533.96,1.46290411,0.31295,0.025537096,9.905,8.65,11.16,9.4,02/01/19
02/01/19,19/06/20,157.92,205,533.96,1.46290411,0.31082,0.025537096,8.855,7.61,10.1,8.4,02/01/19
02/01/19,19/06/20,157.92,210,533.96,1.46290411,0.30893,0.025537096,7.895,6.59,9.2,7.1,02/01/19
02/01/19,19/06/20,157.92,215,533.96,1.46290411,0.30992,0.025537096,7.15,5.9,8.4,6.1,02/01/19
02/01/19,19/06/20,157.92,220,533.96,1.46290411,0.301,0.025537096,5.975,4.35,7.6,5.5,02/01/19
02/01/19,19/06/20,157.92,225,533.96,1.46290411,0.30577,0.025537096,5.625,4.45,6.8,4.75,02/01/19
02/01/19,19/06/20,157.92,230,533.96,1.46290411,0.2981,0.025537096,4.7,3.2,6.2,4.33,02/01/19
02/01/19,19/06/20,157.92,235,533.96,1.46290411,0.30539,0.025537096,4.545,3.49,5.6,3.8,02/01/19
02/01/19,19/06/20,157.92,240,533.96,1.46290411,0.28774,0.025537096,3.34,1.63,5.05,3.4,02/01/19
02/01/19,19/06/20,157.92,245,533.96,1.46290411,0.29677,0.025537096,3.32,1.99,4.65,3.25,02/01/19
02/01/19,19/06/20,157.92,250,533.96,1.46290411,0.29428,0.025537096,2.865,2.38,3.35,2.7,02/01/19
02/01/19,19/06/20,157.92,260,533.96,1.46290411,0.28603,0.025537096,2.03,1.71,2.35,2.01,02/01/19
02/01/19,19/06/20,157.92,270,533.96,1.46290411,0.28437,0.025537096,1.57,1.45,1.69,2.12,02/01/19
02/01/19,19/06/20,157.92,280,533.96,1.46290411,0.29363,0.025537096,1.455,1.21,1.7,1.32,02/01/19
02/01/19,19/06/20,157.92,290,533.96,1.46290411,0.30367,0.025537096,1.39,0.76,2.02,1.05,02/01/19
02/01/19,19/06/20,157.92,300,533.96,1.46290411,0.31057,0.025537096,1.275,0.82,1.73,0.84,02/01/19
02/01/19,19/06/20,157.92,310,533.96,1.46290411,0.31039,0.025537096,1.04,0.6,1.48,0.75,02/01/19
02/01/19,19/06/20,157.92,320,533.96,1.46290411,0.30588,0.025537096,0.77,0.35,1.19,0.61,02/01/19
02/01/19,19/06/20,157.92,330,533.96,1.46290411,0.2925,0.025537096,0.46,0.34,0.58,0.5,02/01/19
02/01/19,19/06/20,157.92,340,533.96,1.46290411,0.29671,0.025537096,0.41,0.3,0.52,0.44,02/01/19
02/01/19,15/01/21,157.92,75,744,2.038356164,0.46799,0.024988493,84,81.5,86.5,84.4,02/01/19
02/01/19,15/01/21,157.92,80,744,2.038356164,0.42969,0.024988493,79.255,77,81.51,79.35,02/01/19
02/01/19,15/01/21,157.92,85,744,2.038356164,0.41226,0.024988493,74.995,72.5,77.49,75.08,02/01/19
02/01/19,15/01/21,157.92,90,744,2.038356164,0.37319,0.024988493,69.95,68.2,71.7,70.97,02/01/19
02/01/19,15/01/21,157.92,95,744,2.038356164,0.36503,0.024988493,65.875,64,67.75,66.72,02/01/19
02/01/19,15/01/21,157.92,100,744,2.038356164,0.37133,0.024988493,62.505,61.01,64,63,02/01/19
02/01/19,15/01/21,157.92,105,744,2.038356164,0.37589,0.024988493,59.245,57,61.49,59.68,02/01/19
02/01/19,15/01/21,157.92,110,744,2.038356164,0.37624,0.024988493,56,53.5,58.5,57.25,02/01/19
02/01/19,15/01/21,157.92,115,744,2.038356164,0.36224,0.024988493,52,49.5,54.5,54.5,02/01/19
02/01/19,15/01/21,157.92,120,744,2.038356164,0.35108,0.024988493,48.2,46,50.4,49.3,02/01/19
02/01/19,15/01/21,157.92,125,744,2.038356164,0.34024,0.024988493,44.49,42.89,46.09,44.2,02/01/19
02/01/19,15/01/21,157.92,130,744,2.038356164,0.33487,0.024988493,41.25,39.5,43,42.2,02/01/19
02/01/19,15/01/21,157.92,135,744,2.038356164,0.33896,0.024988493,38.855,36.5,41.21,40.25,02/01/19
02/01/19,15/01/21,157.92,140,744,2.038356164,0.3429,0.024988493,36.625,36.1,37.15,36.48,02/01/19
02/01/19,15/01/21,157.92,145,744,2.038356164,0.33814,0.024988493,33.9,33.3,34.5,34.3,02/01/19
02/01/19,15/01/21,157.92,150,744,2.038356164,0.33522,0.024988493,31.38,30.85,31.91,31.5,02/01/19
02/01/19,15/01/21,157.92,155,744,2.038356164,0.33399,0.024988493,29.2,28.8,29.6,28.78,02/01/19
02/01/19,15/01/21,157.92,160,744,2.038356164,0.32995,0.024988493,26.875,26.55,27.2,26.25,02/01/19
02/01/19,15/01/21,157.92,165,744,2.038356164,0.32669,0.024988493,24.755,22.51,27,25,02/01/19
02/01/19,15/01/21,157.92,170,744,2.038356164,0.32091,0.024988493,22.525,21.7,23.35,23.12,02/01/19
02/01/19,15/01/21,157.92,175,744,2.038356164,0.32372,0.024988493,21.085,20.16,22.01,20.15,02/01/19
02/01/19,15/01/21,157.92,180,744,2.038356164,0.31277,0.024988493,18.625,18.19,19.06,19.12,02/01/19
02/01/19,15/01/21,157.92,185,744,2.038356164,0.30838,0.024988493,16.88,16.46,17.3,16.96,02/01/19
02/01/19,15/01/21,157.92,190,744,2.038356164,0.30966,0.024988493,15.655,14.71,16.6,16.3,02/01/19
02/01/19,15/01/21,157.92,195,744,2.038356164,0.324,0.024988493,15.7,13.89,17.51,15.3,02/01/19
02/01/19,15/01/21,157.92,200,744,2.038356164,0.30355,0.024988493,12.875,12.5,13.25,12.95,02/01/19
02/01/19,15/01/21,157.92,205,744,2.038356164,0.30538,0.024988493,12,11.4,12.6,11.9,02/01/19
02/01/19,15/01/21,157.92,210,744,2.038356164,0.30469,0.024988493,11.05,10.5,11.6,10.6,02/01/19
02/01/19,15/01/21,157.92,215,744,2.038356164,0.29794,0.024988493,9.65,9.3,10,9.9,02/01/19
02/01/19,15/01/21,157.92,220,744,2.038356164,0.29488,0.024988493,8.65,8,9.3,8.93,02/01/19
02/01/19,15/01/21,157.92,225,744,2.038356164,0.29898,0.024988493,8.255,8.01,8.5,8.4,02/01/19
02/01/19,15/01/21,157.92,230,744,2.038356164,0.29527,0.024988493,7.305,6.96,7.65,7.25,02/01/19
02/01/19,15/01/21,157.92,235,744,2.038356164,0.29852,0.024988493,6.93,6.5,7.36,7.65,02/01/19
02/01/19,15/01/21,157.92,240,744,2.038356164,0.29132,0.024988493,5.955,5.5,6.41,6,02/01/19
02/01/19,15/01/21,157.92,245,744,2.038356164,0.29631,0.024988493,5.7,5,6.4,5.9,02/01/19
02/01/19,15/01/21,157.92,250,744,2.038356164,0.29189,0.024988493,5.025,4.85,5.2,5,02/01/19
02/01/19,15/01/21,157.92,255,744,2.038356164,0.29471,0.024988493,4.725,4.3,5.15,5.2,02/01/19
02/01/19,15/01/21,157.92,260,744,2.038356164,0.28327,0.024988493,3.75,3.05,4.45,4.3,02/01/19
02/01/19,15/01/21,157.92,265,744,2.038356164,0.29016,0.024988493,3.76,1.87,5.65,4,02/01/19
02/01/19,15/01/21,157.92,270,744,2.038356164,0.29739,0.024988493,3.78,3,4.56,3.7,02/01/19
02/01/19,15/01/21,157.92,280,744,2.038356164,0.29174,0.024988493,2.965,1.18,4.75,3.35,02/01/19
02/01/19,15/01/21,157.92,290,744,2.038356164,0.29151,0.024988493,2.49,0.87,4.11,2.75,02/01/19
02/01/19,15/01/21,157.92,300,744,2.038356164,0.28473,0.024988493,1.875,1.56,2.19,2,02/01/19
02/01/19,15/01/21,157.92,310,744,2.038356164,0.30759,0.024988493,2.29,1.43,3.15,2.1,02/01/19
02/01/19,15/01/21,157.92,320,744,2.038356164,0.29294,0.024988493,1.525,0.26,2.79,1.44,02/01/19
02/01/19,15/01/21,157.92,330,744,2.038356164,0.29452,0.024988493,1.32,0.17,2.47,1.79,02/01/19
02/01/19,15/01/21,157.92,340,744,2.038356164,0.29415,0.024988493,1.125,1,1.25,1.72,02/01/19
02/01/19,15/01/21,157.92,350,744,2.038356164,0.31264,0.024988493,1.355,0.75,1.96,1,02/01/19
02/01/19,15/01/21,157.92,360,744,2.038356164,0.29864,0.024988493,0.89,0,1.78,1.11,02/01/19
02/01/19,15/01/21,157.92,370,744,2.038356164,0.30707,0.024988493,0.905,0.51,1.3,0.8,02/01/19
02/01/19,15/01/21,157.92,380,744,2.038356164,0.30309,0.024988493,0.72,0.67,0.77,0.65,02/01/19
03/01/19,04/01/19,142.07,105,1,0.002739726,2.56062,0.0242,37.215,36.94,37.49,0,03/01/19
03/01/19,04/01/19,142.07,110,1,0.002739726,2.16967,0.0242,32.25,32,32.5,0,03/01/19
03/01/19,04/01/19,142.07,115,1,0.002739726,1.95378,0.0242,27.445,26.89,28,36.59,03/01/19
03/01/19,04/01/19,142.07,120,1,0.002739726,1.60493,0.0242,22.45,21.89,23.01,35.45,03/01/19
03/01/19,04/01/19,142.07,121,1,0.002739726,1.53876,0.0242,21.45,20.89,22.01,0,03/01/19
03/01/19,04/01/19,142.07,122,1,0.002739726,1.47257,0.0242,20.46,19.91,21.01,0,03/01/19
03/01/19,04/01/19,142.07,123,1,0.002739726,1.42345,0.0242,19.475,19,19.95,0,03/01/19
03/01/19,04/01/19,142.07,124,1,0.002739726,1.34211,0.0242,18.44,17.89,18.99,0,03/01/19
03/01/19,04/01/19,142.07,125,1,0.002739726,1.30927,0.0242,17.5,16.99,18.01,18.4,03/01/19
03/01/19,04/01/19,142.07,126,1,0.002739726,1.21422,0.0242,16.455,15.9,17.01,0,03/01/19
03/01/19,04/01/19,142.07,127,1,0.002739726,1.15166,0.0242,15.445,14.89,16,24.75,03/01/19
03/01/19,04/01/19,142.07,128,1,0.002739726,1.0886,0.0242,14.45,13.85,15.05,20.45,03/01/19
03/01/19,04/01/19,142.07,129,1,0.002739726,1.04025,0.0242,13.475,12.85,14.1,26.3,03/01/19
03/01/19,04/01/19,142.07,130,1,0.002739726,0.96314,0.0242,12.45,11.9,13,15,03/01/19
03/01/19,04/01/19,142.07,131,1,0.002739726,0.92661,0.0242,11.5,10.95,12.05,25.95,03/01/19
03/01/19,04/01/19,142.07,132,1,0.002739726,0.81203,0.0242,10.405,10.1,10.71,10.25,03/01/19
03/01/19,04/01/19,142.07,133,1,0.002739726,0.75051,0.0242,9.4,9.1,9.7,12.35,03/01/19
03/01/19,04/01/19,142.07,134,1,0.002739726,0.70078,0.0242,8.425,8.15,8.7,8.65,03/01/19
03/01/19,04/01/19,142.07,135,1,0.002739726,0.60186,0.0242,7.35,7.2,7.5,7.33,03/01/19
03/01/19,04/01/19,142.07,136,1,0.002739726,0.59377,0.0242,6.475,6.1,6.85,8.55,03/01/19
03/01/19,04/01/19,142.07,137,1,0.002739726,0.54475,0.0242,5.53,5.41,5.65,5.56,03/01/19
03/01/19,04/01/19,142.07,138,1,0.002739726,0.49152,0.0242,4.575,4.49,4.66,4.7,03/01/19
03/01/19,04/01/19,142.07,139,1,0.002739726,0.46999,0.0242,3.75,3.7,3.8,3.84,03/01/19
03/01/19,04/01/19,142.07,140,1,0.002739726,0.46028,0.0242,3.02,3,3.04,3.02,03/01/19
03/01/19,04/01/19,142.07,141,1,0.002739726,0.43617,0.0242,2.32,2.3,2.34,2.38,03/01/19
03/01/19,04/01/19,142.07,142,1,0.002739726,0.4195,0.0242,1.71,1.7,1.72,1.73,03/01/19
03/01/19,04/01/19,142.07,143,1,0.002739726,0.40296,0.0242,1.205,1.19,1.22,1.21,03/01/19
03/01/19,04/01/19,142.07,144,1,0.002739726,0.3837,0.0242,0.785,0.76,0.81,0.78,03/01/19
03/01/19,04/01/19,142.07,145,1,0.002739726,0.37504,0.0242,0.49,0.47,0.51,0.49,03/01/19
03/01/19,04/01/19,142.07,146,1,0.002739726,0.3615,0.0242,0.28,0.28,0.28,0.29,03/01/19
03/01/19,04/01/19,142.07,147,1,0.002739726,0.35922,0.0242,0.165,0.16,0.17,0.16,03/01/19
03/01/19,04/01/19,142.07,148,1,0.002739726,0.36014,0.0242,0.095,0.09,0.1,0.1,03/01/19
03/01/19,04/01/19,142.07,149,1,0.002739726,0.37081,0.0242,0.06,0.05,0.07,0.06,03/01/19
03/01/19,04/01/19,142.07,150,1,0.002739726,0.39122,0.0242,0.045,0.04,0.05,0.04,03/01/19
03/01/19,04/01/19,142.07,152.5,1,0.002739726,0.4468,0.0242,0.02,0.01,0.03,0.03,03/01/19
03/01/19,04/01/19,142.07,155,1,0.002739726,0.49797,0.0242,0.015,0.01,0.02,0.02,03/01/19
03/01/19,04/01/19,142.07,157.5,1,0.002739726,0.51085,0.0242,0.005,0,0.01,0.01,03/01/19
03/01/19,04/01/19,142.07,160,1,0.002739726,0.58056,0.0242,0.005,0,0.01,0.01,03/01/19
03/01/19,04/01/19,142.07,162.5,1,0.002739726,0.64733,0.0242,0.01,0,0.02,0.01,03/01/19
03/01/19,04/01/19,142.07,165,1,0.002739726,0.71215,0.0242,0.01,0,0.02,0.01,03/01/19
03/01/19,04/01/19,142.07,167.5,1,0.002739726,0.77586,0.0242,0,0,0,0.01,03/01/19
03/01/19,04/01/19,142.07,170,1,0.002739726,0.83859,0.0242,0.005,0,0.01,0.01,03/01/19
03/01/19,04/01/19,142.07,172.5,1,0.002739726,0.89911,0.0242,0.005,0,0.01,0.01,03/01/19
03/01/19,04/01/19,142.07,175,1,0.002739726,0.95846,0.0242,0,0,0,0.01,03/01/19
03/01/19,04/01/19,142.07,177.5,1,0.002739726,1.01689,0.0242,0,0,0,0.01,03/01/19
03/01/19,04/01/19,142.07,180,1,0.002739726,1.07446,0.0242,0.005,0,0.01,0.01,03/01/19
03/01/19,04/01/19,142.07,182.5,1,0.002739726,1.13035,0.0242,0.005,0,0.01,0.01,03/01/19
03/01/19,04/01/19,142.07,185,1,0.002739726,1.18544,0.0242,0.005,0,0.01,0.01,03/01/19
03/01/19,04/01/19,142.07,187.5,1,0.002739726,1.23938,0.0242,0.005,0,0.01,0.01,03/01/19
03/01/19,04/01/19,142.07,190,1,0.002739726,1.29302,0.0242,0.005,0,0.01,0.01,03/01/19
03/01/19,04/01/19,142.07,192.5,1,0.002739726,1.34534,0.0242,0.005,0,0.01,0.01,03/01/19
03/01/19,04/01/19,142.07,195,1,0.002739726,1.3966,0.0242,0.005,0,0.01,0.01,03/01/19
03/01/19,04/01/19,142.07,197.5,1,0.002739726,1.44665,0.0242,0.005,0,0.01,0.04,03/01/19
03/01/19,04/01/19,142.07,200,1,0.002739726,1.49628,0.0242,0.005,0,0.01,0.01,03/01/19
03/01/19,04/01/19,142.07,202.5,1,0.002739726,1.54501,0.0242,0.005,0,0.01,0.01,03/01/19
03/01/19,04/01/19,142.07,205,1,0.002739726,1.59398,0.0242,0.005,0,0.01,0.01,03/01/19
03/01/19,04/01/19,142.07,207.5,1,0.002739726,1.6406,0.0242,0.005,0,0.01,0.02,03/01/19
03/01/19,04/01/19,142.07,210,1,0.002739726,1.68747,0.0242,0.005,0,0.01,0.01,03/01/19
03/01/19,04/01/19,142.07,212.5,1,0.002739726,1.7337,0.0242,0.005,0,0.01,0.14,03/01/19
03/01/19,04/01/19,142.07,215,1,0.002739726,1.77893,0.0242,0,0,0,0.13,03/01/19
03/01/19,04/01/19,142.07,220,1,0.002739726,1.8678,0.0242,0.005,0,0.01,0.01,03/01/19
03/01/19,04/01/19,142.07,225,1,0.002739726,1.95463,0.0242,0.01,0,0.02,0.01,03/01/19
03/01/19,11/01/19,142.07,100,8,0.021917808,1.40841,0.0242,42.23,41.3,43.16,43,03/01/19
03/01/19,11/01/19,142.07,105,8,0.021917808,1.29732,0.0242,37.495,36.8,38.19,0,03/01/19
03/01/19,11/01/19,142.07,110,8,0.021917808,1.13561,0.0242,32.6,31.9,33.3,34.04,03/01/19
03/01/19,11/01/19,142.07,111,8,0.021917808,1.09015,0.0242,31.57,30.84,32.3,0,03/01/19
03/01/19,11/01/19,142.07,112,8,0.021917808,1.04637,0.0242,30.55,29.85,31.25,0,03/01/19
03/01/19,11/01/19,142.07,113,8,0.021917808,1.01047,0.0242,29.55,28.85,30.25,0,03/01/19
03/01/19,11/01/19,142.07,114,8,0.021917808,0.99916,0.0242,28.62,28.04,29.2,0,03/01/19
03/01/19,11/01/19,142.07,115,8,0.021917808,0.93986,0.0242,27.55,26.85,28.25,42.75,03/01/19
03/01/19,11/01/19,142.07,116,8,0.021917808,0.92982,0.0242,26.625,26,27.25,0,03/01/19
03/01/19,11/01/19,142.07,117,8,0.021917808,0.89592,0.0242,25.625,24.95,26.3,0,03/01/19
03/01/19,11/01/19,142.07,118,8,0.021917808,0.86927,0.0242,24.655,24,25.31,0,03/01/19
03/01/19,11/01/19,142.07,119,8,0.021917808,0.83589,0.0242,23.645,22.94,24.35,0,03/01/19
03/01/19,11/01/19,142.07,120,8,0.021917808,0.80361,0.0242,22.65,21.9,23.4,35.86,03/01/19
03/01/19,11/01/19,142.07,121,8,0.021917808,0.77785,0.0242,21.675,21,22.35,0,03/01/19
03/01/19,11/01/19,142.07,122,8,0.021917808,0.73193,0.0242,20.625,20.3,20.95,0,03/01/19
03/01/19,11/01/19,142.07,123,8,0.021917808,0.70638,0.0242,19.655,19.3,20.01,0,03/01/19
03/01/19,11/01/19,142.07,124,8,0.021917808,0.6885,0.0242,18.7,18.3,19.1,19.1,03/01/19
03/01/19,11/01/19,142.07,125,8,0.021917808,0.65623,0.0242,17.705,17.31,18.1,20.2,03/01/19
03/01/19,11/01/19,142.07,126,8,0.021917808,0.64374,0.0242,16.775,16.46,17.09,18.35,03/01/19
03/01/19,11/01/19,142.07,127,8,0.021917808,0.63483,0.0242,15.875,15.55,16.2,16.1,03/01/19
03/01/19,11/01/19,142.07,128,8,0.021917808,0.6024,0.0242,14.88,14.51,15.25,17.5,03/01/19
03/01/19,11/01/19,142.07,129,8,0.021917808,0.57954,0.0242,13.92,13.54,14.3,15.8,03/01/19
03/01/19,11/01/19,142.07,130,8,0.021917808,0.57208,0.0242,13.045,12.7,13.39,13.7,03/01/19
03/01/19,11/01/19,142.07,131,8,0.021917808,0.52886,0.0242,12,11.91,12.09,14.66,03/01/19
03/01/19,11/01/19,142.07,132,8,0.021917808,0.5264,0.0242,11.18,11.1,11.26,11.25,03/01/19
03/01/19,11/01/19,142.07,133,8,0.021917808,0.50435,0.0242,10.245,10.15,10.34,11.05,03/01/19
03/01/19,11/01/19,142.07,134,8,0.021917808,0.49966,0.0242,9.45,9.4,9.5,9.95,03/01/19
03/01/19,11/01/19,142.07,135,8,0.021917808,0.48457,0.0242,8.605,8.55,8.66,8.6,03/01/19
03/01/19,11/01/19,142.07,136,8,0.021917808,0.48377,0.0242,7.875,7.8,7.95,8.3,03/01/19
03/01/19,11/01/19,142.07,137,8,0.021917808,0.44922,0.0242,6.925,6.8,7.05,7.6,03/01/19
03/01/19,11/01/19,142.07,138,8,0.021917808,0.45448,0.0242,6.3,6.25,6.35,6.35,03/01/19
03/01/19,11/01/19,142.07,139,8,0.021917808,0.45707,0.0242,5.71,5.66,5.76,5.84,03/01/19
03/01/19,11/01/19,142.07,140,8,0.021917808,0.44068,0.0242,4.98,4.95,5.01,5,03/01/19
03/01/19,11/01/19,142.07,141,8,0.021917808,0.43702,0.0242,4.4,4.35,4.45,4.4,03/01/19
03/01/19,11/01/19,142.07,142,8,0.021917808,0.43254,0.0242,3.85,3.8,3.9,3.95,03/01/19
03/01/19,11/01/19,142.07,143,8,0.021917808,0.42335,0.0242,3.3,3.25,3.35,3.35,03/01/19
03/01/19,11/01/19,142.07,144,8,0.021917808,0.41544,0.0242,2.805,2.78,2.83,2.84,03/01/19
03/01/19,11/01/19,142.07,145,8,0.021917808,0.40563,0.0242,2.345,2.33,2.36,2.35,03/01/19
03/01/19,11/01/19,142.07,146,8,0.021917808,0.3987,0.0242,1.94,1.92,1.96,2,03/01/19
03/01/19,11/01/19,142.07,147,8,0.021917808,0.39272,0.0242,1.6,1.58,1.62,1.6,03/01/19
03/01/19,11/01/19,142.07,148,8,0.021917808,0.38608,0.0242,1.29,1.26,1.32,1.36,03/01/19
03/01/19,11/01/19,142.07,149,8,0.021917808,0.38297,0.0242,1.05,1.03,1.07,1.09,03/01/19
03/01/19,11/01/19,142.07,150,8,0.021917808,0.37674,0.0242,0.82,0.8,0.84,0.83,03/01/19
03/01/19,11/01/19,142.07,155,8,0.021917808,0.36548,0.0242,0.23,0.23,0.23,0.24,03/01/19
03/01/19,11/01/19,142.07,157.5,8,0.021917808,0.37013,0.0242,0.135,0.13,0.14,0.14,03/01/19
03/01/19,11/01/19,142.07,160,8,0.021917808,0.37931,0.0242,0.065,0.06,0.07,0.08,03/01/19
03/01/19,11/01/19,142.07,162.5,8,0.021917808,0.38995,0.0242,0.04,0.04,0.04,0.05,03/01/19
03/01/19,11/01/19,142.07,165,8,0.021917808,0.41337,0.0242,0.035,0.03,0.04,0.05,03/01/19
03/01/19,11/01/19,142.07,167.5,8,0.021917808,0.44017,0.0242,0.025,0.02,0.03,0.03,03/01/19
03/01/19,11/01/19,142.07,170,8,0.021917808,0.46569,0.0242,0.03,0.03,0.03,0.02,03/01/19
03/01/19,11/01/19,142.07,172.5,8,0.021917808,0.46954,0.0242,0.015,0.01,0.02,0.02,03/01/19
03/01/19,11/01/19,142.07,175,8,0.021917808,0.48032,0.0242,0.01,0,0.02,0.01,03/01/19
03/01/19,11/01/19,142.07,177.5,8,0.021917808,0.47772,0.0242,0.005,0,0.01,0.01,03/01/19
03/01/19,11/01/19,142.07,180,8,0.021917808,0.50547,0.0242,0.01,0,0.02,0.01,03/01/19
03/01/19,11/01/19,142.07,182.5,8,0.021917808,0.53199,0.0242,0.01,0,0.02,0.01,03/01/19
03/01/19,11/01/19,142.07,185,8,0.021917808,0.59346,0.0242,0.015,0,0.03,0.01,03/01/19
03/01/19,11/01/19,142.07,187.5,8,0.021917808,0.58262,0.0242,0,0,0,0.01,03/01/19
03/01/19,11/01/19,142.07,190,8,0.021917808,0.60811,0.0242,0.01,0,0.02,0.01,03/01/19
03/01/19,11/01/19,142.07,192.5,8,0.021917808,0.63287,0.0242,0.005,0,0.01,0.02,03/01/19
03/01/19,11/01/19,142.07,195,8,0.021917808,0.69922,0.0242,0.01,0,0.02,0.02,03/01/19
03/01/19,11/01/19,142.07,197.5,8,0.021917808,0.77321,0.0242,0.02,0,0.04,0.01,03/01/19
03/01/19,11/01/19,142.07,200,8,0.021917808,0.70463,0.0242,0.005,0,0.01,0.02,03/01/19
03/01/19,11/01/19,142.07,202.5,8,0.021917808,0.82423,0.0242,0.02,0,0.04,0.03,03/01/19
03/01/19,11/01/19,142.07,205,8,0.021917808,0.74961,0.0242,0.01,0,0.02,0.02,03/01/19
03/01/19,11/01/19,142.07,207.5,8,0.021917808,0.87329,0.0242,0.02,0,0.04,0.02,03/01/19
03/01/19,11/01/19,142.07,210,8,0.021917808,0.89807,0.0242,0.025,0,0.05,0.01,03/01/19
03/01/19,11/01/19,142.07,212.5,8,0.021917808,0.92143,0.0242,0.02,0,0.04,0.07,03/01/19
03/01/19,11/01/19,142.07,215,8,0.021917808,0.9453,0.0242,0.02,0,0.04,0.03,03/01/19
03/01/19,11/01/19,142.07,220,8,0.021917808,0.87963,0.0242,0.005,0,0.01,0.01,03/01/19
03/01/19,11/01/19,142.07,225,8,0.021917808,1.03633,0.0242,0.02,0,0.04,0.12,03/01/19
03/01/19,11/01/19,142.07,230,8,0.021917808,0.95999,0.0242,0.005,0,0.01,0.02,03/01/19
03/01/19,11/01/19,142.07,235,8,0.021917808,1.12494,0.0242,0.02,0,0.04,0.08,03/01/19
03/01/19,11/01/19,142.07,240,8,0.021917808,1.16426,0.0242,0.015,0,0.03,0.02,03/01/19
03/01/19,11/01/19,142.07,245,8,0.021917808,1.2038,0.0242,0.015,0,0.03,0.02,03/01/19
03/01/19,11/01/19,142.07,250,8,0.021917808,1.10807,0.0242,0.005,0,0.01,0.01,03/01/19
03/01/19,18/01/19,142.07,22.5,15,0.04109589,12.87576,0.0242,119.8,119.5,120.1,159,03/01/19
03/01/19,18/01/19,142.07,25,15,0.04109589,11.34256,0.0242,117.3,117,117.6,145.85,03/01/19
03/01/19,18/01/19,142.07,30,15,0.04109589,9.00903,0.0242,112.225,111.9,112.55,142,03/01/19
03/01/19,18/01/19,142.07,35,15,0.04109589,7.37978,0.0242,107.22,106.94,107.5,109.9,03/01/19
03/01/19,18/01/19,142.07,40,15,0.04109589,6.1704,0.0242,102.255,101.96,102.55,104.9,03/01/19
03/01/19,18/01/19,142.07,42.5,15,0.04109589,5.70474,0.0242,99.855,99.56,100.15,102.2,03/01/19
03/01/19,18/01/19,142.07,45,15,0.04109589,5.22086,0.0242,97.25,96.95,97.55,122.02,03/01/19
03/01/19,18/01/19,142.07,47.5,15,0.04109589,4.85608,0.0242,94.85,94.55,95.15,117.9,03/01/19
03/01/19,18/01/19,142.07,50,15,0.04109589,4.49584,0.0242,92.355,92.06,92.65,105.4,03/01/19
03/01/19,18/01/19,142.07,55,15,0.04109589,3.85878,0.0242,87.3,87.05,87.55,109.05,03/01/19
03/01/19,18/01/19,142.07,60,15,0.04109589,3.35648,0.0242,82.345,82.09,82.6,85,03/01/19
03/01/19,18/01/19,142.07,65,15,0.04109589,2.90482,0.0242,77.295,77.05,77.54,92.4,03/01/19
03/01/19,18/01/19,142.07,70,15,0.04109589,2.54456,0.0242,72.35,72.15,72.55,72.2,03/01/19
03/01/19,18/01/19,142.07,75,15,0.04109589,2.22806,0.0242,67.365,67.14,67.59,68.45,03/01/19
03/01/19,18/01/19,142.07,80,15,0.04109589,1.94393,0.0242,62.375,62.15,62.6,62.15,03/01/19
03/01/19,18/01/19,142.07,85,15,0.04109589,1.69474,0.0242,57.38,57.16,57.6,87.87,03/01/19
03/01/19,18/01/19,142.07,90,15,0.04109589,1.48,0.0242,52.405,52.2,52.61,52.68,03/01/19
03/01/19,18/01/19,142.07,95,15,0.04109589,1.27603,0.0242,47.375,47.15,47.6,49.43,03/01/19
03/01/19,18/01/19,142.07,97.5,15,0.04109589,1.17739,0.0242,44.85,44.6,45.1,60.9,03/01/19
03/01/19,18/01/19,142.07,100,15,0.04109589,1.11807,0.0242,42.45,42.25,42.65,42.2,03/01/19
03/01/19,18/01/19,142.07,105,15,0.04109589,0.95092,0.0242,37.43,37.15,37.71,38.15,03/01/19
03/01/19,18/01/19,142.07,110,15,0.04109589,0.8439,0.0242,32.575,32.4,32.75,32.8,03/01/19
03/01/19,18/01/19,142.07,115,15,0.04109589,0.73286,0.0242,27.675,27.45,27.9,29.74,03/01/19
03/01/19,18/01/19,142.07,120,15,0.04109589,0.63218,0.0242,22.8,22.5,23.1,22.82,03/01/19
03/01/19,18/01/19,142.07,125,15,0.04109589,0.56857,0.0242,18.15,17.95,18.35,18.66,03/01/19
03/01/19,18/01/19,142.07,130,15,0.04109589,0.50444,0.0242,13.625,13.55,13.7,13.7,03/01/19
03/01/19,18/01/19,142.07,135,15,0.04109589,0.46268,0.0242,9.575,9.5,9.65,9.74,03/01/19
03/01/19,18/01/19,142.07,140,15,0.04109589,0.43541,0.0242,6.195,6.14,6.25,6.25,03/01/19
03/01/19,18/01/19,142.07,142,15,0.04109589,0.42525,0.0242,5.05,4.99,5.11,5.1,03/01/19
03/01/19,18/01/19,142.07,143,15,0.04109589,0.41557,0.0242,4.48,4.46,4.5,4.55,03/01/19
03/01/19,18/01/19,142.07,144,15,0.04109589,0.41258,0.0242,3.995,3.94,4.05,4.05,03/01/19
03/01/19,18/01/19,142.07,145,15,0.04109589,0.40668,0.0242,3.525,3.5,3.55,3.6,03/01/19
03/01/19,18/01/19,142.07,146,15,0.04109589,0.40163,0.0242,3.1,3.05,3.15,3.25,03/01/19
03/01/19,18/01/19,142.07,147,15,0.04109589,0.39668,0.0242,2.7,2.68,2.72,2.73,03/01/19
03/01/19,18/01/19,142.07,148,15,0.04109589,0.38733,0.0242,2.295,2.25,2.34,2.37,03/01/19
03/01/19,18/01/19,142.07,149,15,0.04109589,0.3807,0.0242,1.95,1.91,1.99,2.03,03/01/19
03/01/19,18/01/19,142.07,150,15,0.04109589,0.38054,0.0242,1.695,1.68,1.71,1.71,03/01/19
03/01/19,18/01/19,142.07,152.5,15,0.04109589,0.37176,0.0242,1.12,1.1,1.14,1.13,03/01/19
03/01/19,18/01/19,142.07,155,15,0.04109589,0.36283,0.0242,0.7,0.69,0.71,0.72,03/01/19
03/01/19,18/01/19,142.07,157.5,15,0.04109589,0.36021,0.0242,0.44,0.43,0.45,0.44,03/01/19
03/01/19,18/01/19,142.07,160,15,0.04109589,0.36178,0.0242,0.28,0.27,0.29,0.28,03/01/19
03/01/19,18/01/19,142.07,162.5,15,0.04109589,0.36236,0.0242,0.175,0.16,0.19,0.18,03/01/19
03/01/19,18/01/19,142.07,165,15,0.04109589,0.36756,0.0242,0.115,0.11,0.12,0.12,03/01/19
03/01/19,18/01/19,142.07,167.5,15,0.04109589,0.37999,0.0242,0.085,0.08,0.09,0.09,03/01/19
03/01/19,18/01/19,142.07,170,15,0.04109589,0.39735,0.0242,0.08,0.07,0.09,0.07,03/01/19
03/01/19,18/01/19,142.07,172.5,15,0.04109589,0.40567,0.0242,0.05,0.04,0.06,0.06,03/01/19
03/01/19,18/01/19,142.07,175,15,0.04109589,0.42589,0.0242,0.045,0.04,0.05,0.05,03/01/19
03/01/19,18/01/19,142.07,177.5,15,0.04109589,0.44429,0.0242,0.05,0.03,0.07,0.04,03/01/19
03/01/19,18/01/19,142.07,180,15,0.04109589,0.45266,0.0242,0.025,0.01,0.04,0.04,03/01/19
03/01/19,18/01/19,142.07,182.5,15,0.04109589,0.46605,0.0242,0.02,0.01,0.03,0.03,03/01/19
03/01/19,18/01/19,142.07,185,15,0.04109589,0.48756,0.0242,0.025,0.02,0.03,0.03,03/01/19
03/01/19,18/01/19,142.07,190,15,0.04109589,0.50545,0.0242,0.015,0,0.03,0.01,03/01/19
03/01/19,18/01/19,142.07,195,15,0.04109589,0.57215,0.0242,0.025,0.01,0.04,0.02,03/01/19
03/01/19,18/01/19,142.07,200,15,0.04109589,0.56098,0.0242,0.01,0,0.02,0.02,03/01/19
03/01/19,18/01/19,142.07,205,15,0.04109589,0.5627,0.0242,0.01,0,0.02,0.01,03/01/19
03/01/19,18/01/19,142.07,210,15,0.04109589,0.59517,0.0242,0.005,0,0.01,0.01,03/01/19
03/01/19,18/01/19,142.07,215,15,0.04109589,0.62839,0.0242,0.005,0,0.01,0.01,03/01/19
03/01/19,18/01/19,142.07,220,15,0.04109589,0.6597,0.0242,0.005,0,0.01,0.01,03/01/19
03/01/19,18/01/19,142.07,225,15,0.04109589,0.69034,0.0242,0.01,0,0.02,0.01,03/01/19
03/01/19,18/01/19,142.07,230,15,0.04109589,0.71989,0.0242,0.005,0,0.01,0.02,03/01/19
03/01/19,18/01/19,142.07,235,15,0.04109589,0.7489,0.0242,0.005,0,0.01,0.01,03/01/19
03/01/19,18/01/19,142.07,240,15,0.04109589,0.77713,0.0242,0.005,0,0.01,0.01,03/01/19
03/01/19,18/01/19,142.07,245,15,0.04109589,0.80469,0.0242,0.005,0,0.01,0.01,03/01/19
03/01/19,18/01/19,142.07,250,15,0.04109589,0.83118,0.0242,0.005,0,0.01,0.01,03/01/19
03/01/19,18/01/19,142.07,255,15,0.04109589,0.85769,0.0242,0.005,0,0.01,0.01,03/01/19
03/01/19,18/01/19,142.07,260,15,0.04109589,0.88286,0.0242,0.005,0,0.01,0.01,03/01/19
03/01/19,18/01/19,142.07,265,15,0.04109589,0.90777,0.0242,0.01,0,0.02,0.01,03/01/19
03/01/19,18/01/19,142.07,270,15,0.04109589,0.93301,0.0242,0,0,0,0.01,03/01/19
03/01/19,18/01/19,142.07,275,15,0.04109589,0.95701,0.0242,0.01,0,0.02,0.01,03/01/19
03/01/19,18/01/19,142.07,280,15,0.04109589,0.98071,0.0242,0,0,0,0.01,03/01/19
03/01/19,18/01/19,142.07,285,15,0.04109589,1.00315,0.0242,0.005,0,0.01,0.01,03/01/19
03/01/19,18/01/19,142.07,290,15,0.04109589,1.02613,0.0242,0.005,0,0.01,0.01,03/01/19
03/01/19,18/01/19,142.07,295,15,0.04109589,1.04844,0.0242,0.005,0,0.01,0.01,03/01/19
03/01/19,18/01/19,142.07,300,15,0.04109589,1.0696,0.0242,0.005,0,0.01,0.01,03/01/19
03/01/19,18/01/19,142.07,305,15,0.04109589,1.0912,0.0242,0.005,0,0.01,0.01,03/01/19
03/01/19,18/01/19,142.07,310,15,0.04109589,1.44875,0.0242,0.105,0,0.21,0.02,03/01/19
03/01/19,18/01/19,142.07,315,15,0.04109589,1.13294,0.0242,0.005,0,0.01,0.02,03/01/19
03/01/19,18/01/19,142.07,320,15,0.04109589,1.15225,0.0242,0.005,0,0.01,0.01,03/01/19
03/01/19,18/01/19,142.07,325,15,0.04109589,1.17283,0.0242,0.005,0,0.01,0.01,03/01/19
03/01/19,18/01/19,142.07,330,15,0.04109589,1.19204,0.0242,0.005,0,0.01,0.06,03/01/19
03/01/19,18/01/19,142.07,335,15,0.04109589,1.27729,0.0242,0.01,0,0.02,0.02,03/01/19
03/01/19,18/01/19,142.07,340,15,0.04109589,1.2293,0.0242,0.01,0,0.02,0.01,03/01/19
03/01/19,18/01/19,142.07,345,15,0.04109589,1.24871,0.0242,0.005,0,0.01,0.01,03/01/19
03/01/19,18/01/19,142.07,350,15,0.04109589,2.24099,0.0242,1.065,0,2.13,0.01,03/01/19
03/01/19,18/01/19,142.07,355,15,0.04109589,1.42758,0.0242,0.015,0,0.03,0.02,03/01/19
03/01/19,18/01/19,142.07,360,15,0.04109589,1.3017,0.0242,0.005,0,0.01,0.03,03/01/19
03/01/19,18/01/19,142.07,365,15,0.04109589,1.46598,0.0242,0.02,0,0.04,0.05,03/01/19
03/01/19,18/01/19,142.07,370,15,0.04109589,1.33642,0.0242,0,0,0,0.01,03/01/19
03/01/19,18/01/19,142.07,375,15,0.04109589,1.35362,0.0242,0.01,0,0.02,0.01,03/01/19
03/01/19,25/01/19,142.07,100,22,0.060273973,0.74198,0.0242,42.325,42,42.65,0,03/01/19
03/01/19,25/01/19,142.07,105,22,0.060273973,0.71945,0.0242,37.5,37.2,37.8,52.37,03/01/19
03/01/19,25/01/19,142.07,110,22,0.060273973,0.65531,0.0242,32.605,32.31,32.9,47.43,03/01/19
03/01/19,25/01/19,142.07,115,22,0.060273973,0.59553,0.0242,27.75,27.46,28.04,39.05,03/01/19
03/01/19,25/01/19,142.07,120,22,0.060273973,0.55257,0.0242,23.05,22.75,23.35,23.21,03/01/19
03/01/19,25/01/19,142.07,125,22,0.060273973,0.52031,0.0242,18.575,18.35,18.8,19.32,03/01/19
03/01/19,25/01/19,142.07,130,22,0.060273973,0.45933,0.0242,14.055,13.76,14.35,15.9,03/01/19
03/01/19,25/01/19,142.07,135,22,0.060273973,0.4465,0.0242,10.345,10.15,10.54,10.38,03/01/19
03/01/19,25/01/19,142.07,137,22,0.060273973,0.43139,0.0242,8.9,8.7,9.1,0,03/01/19
03/01/19,25/01/19,142.07,138,22,0.060273973,0.4258,0.0242,8.225,8.06,8.39,8.2,03/01/19
03/01/19,25/01/19,142.07,139,22,0.060273973,0.42267,0.0242,7.6,7.41,7.79,8.27,03/01/19
03/01/19,25/01/19,142.07,140,22,0.060273973,0.41295,0.0242,6.92,6.8,7.04,6.95,03/01/19
03/01/19,25/01/19,142.07,141,22,0.060273973,0.40957,0.0242,6.35,6.15,6.55,7.63,03/01/19
03/01/19,25/01/19,142.07,142,22,0.060273973,0.40718,0.0242,5.82,5.7,5.94,5.88,03/01/19
03/01/19,25/01/19,142.07,143,22,0.060273973,0.40461,0.0242,5.32,5.2,5.44,5.25,03/01/19
03/01/19,25/01/19,142.07,144,22,0.060273973,0.39922,0.0242,4.8,4.65,4.95,4.89,03/01/19
03/01/19,25/01/19,142.07,145,22,0.060273973,0.38801,0.0242,4.235,4.16,4.31,4.27,03/01/19
03/01/19,25/01/19,142.07,146,22,0.060273973,0.38485,0.0242,3.805,3.65,3.96,3.8,03/01/19
03/01/19,25/01/19,142.07,147,22,0.060273973,0.38496,0.0242,3.46,3.31,3.61,3.5,03/01/19
03/01/19,25/01/19,142.07,148,22,0.060273973,0.37914,0.0242,3.03,2.91,3.15,3,03/01/19
03/01/19,25/01/19,142.07,149,22,0.060273973,0.37622,0.0242,2.7,2.58,2.82,2.88,03/01/19
03/01/19,25/01/19,142.07,150,22,0.060273973,0.36874,0.0242,2.33,2.25,2.41,2.35,03/01/19
03/01/19,25/01/19,142.07,152.5,22,0.060273973,0.36213,0.0242,1.665,1.56,1.77,1.69,03/01/19
03/01/19,25/01/19,142.07,155,22,0.060273973,0.34663,0.0242,1.07,0.97,1.17,1.14,03/01/19
03/01/19,25/01/19,142.07,157.5,22,0.060273973,0.34715,0.0242,0.755,0.68,0.83,0.78,03/01/19
03/01/19,25/01/19,142.07,160,22,0.060273973,0.34501,0.0242,0.505,0.42,0.59,0.5,03/01/19
03/01/19,25/01/19,142.07,162.5,22,0.060273973,0.33816,0.0242,0.315,0.26,0.37,0.33,03/01/19
03/01/19,25/01/19,142.07,165,22,0.060273973,0.34431,0.0242,0.23,0.21,0.25,0.22,03/01/19
03/01/19,25/01/19,142.07,167.5,22,0.060273973,0.3556,0.0242,0.18,0.11,0.25,0.15,03/01/19
03/01/19,25/01/19,142.07,170,22,0.060273973,0.35136,0.0242,0.105,0.1,0.11,0.1,03/01/19
03/01/19,25/01/19,142.07,172.5,22,0.060273973,0.36034,0.0242,0.08,0.05,0.11,0.09,03/01/19
03/01/19,25/01/19,142.07,175,22,0.060273973,0.37949,0.0242,0.075,0.05,0.1,0.07,03/01/19
03/01/19,25/01/19,142.07,177.5,22,0.060273973,0.39345,0.0242,0.065,0.05,0.08,0.06,03/01/19
03/01/19,25/01/19,142.07,180,22,0.060273973,0.40983,0.0242,0.065,0.04,0.09,0.05,03/01/19
03/01/19,25/01/19,142.07,182.5,22,0.060273973,0.40942,0.0242,0.035,0.01,0.06,0.03,03/01/19
03/01/19,25/01/19,142.07,185,22,0.060273973,0.40652,0.0242,0.03,0.02,0.04,0.03,03/01/19
03/01/19,25/01/19,142.07,187.5,22,0.060273973,0.4253,0.0242,0.03,0.03,0.03,0.03,03/01/19
03/01/19,25/01/19,142.07,190,22,0.060273973,0.4588,0.0242,0.035,0.02,0.05,0.02,03/01/19
03/01/19,25/01/19,142.07,192.5,22,0.060273973,0.45992,0.0242,0.025,0,0.05,0.02,03/01/19
03/01/19,25/01/19,142.07,195,22,0.060273973,0.47667,0.0242,0.025,0,0.05,0.03,03/01/19
03/01/19,25/01/19,142.07,197.5,22,0.060273973,0.49347,0.0242,0.02,0,0.04,0.03,03/01/19
03/01/19,25/01/19,142.07,200,22,0.060273973,0.49915,0.0242,0.02,0.01,0.03,0.02,03/01/19
03/01/19,25/01/19,142.07,202.5,22,0.060273973,0.52641,0.0242,0.02,0.01,0.03,0.03,03/01/19
03/01/19,25/01/19,142.07,205,22,0.060273973,0.49851,0.0242,0.01,0,0.02,0.01,03/01/19
03/01/19,25/01/19,142.07,207.5,22,0.060273973,0.54554,0.0242,0.02,0,0.04,0.08,03/01/19
03/01/19,25/01/19,142.07,210,22,0.060273973,0.56065,0.0242,0.02,0,0.04,0.01,03/01/19
03/01/19,25/01/19,142.07,212.5,22,0.060273973,0.57561,0.0242,0.015,0,0.03,0.16,03/01/19
03/01/19,25/01/19,142.07,215,22,0.060273973,0.59119,0.0242,0.02,0,0.04,0.2,03/01/19
03/01/19,25/01/19,142.07,220,22,0.060273973,0.61951,0.0242,0.02,0,0.04,0.01,03/01/19
03/01/19,25/01/19,142.07,225,22,0.060273973,0.64752,0.0242,0.02,0,0.04,0.01,03/01/19
03/01/19,01/02/19,142.07,100,29,0.079452055,0.74446,0.0242,42.6,42.3,42.9,57,03/01/19
03/01/19,01/02/19,142.07,105,29,0.079452055,0.6994,0.0242,37.775,37.51,38.04,0,03/01/19
03/01/19,01/02/19,142.07,110,29,0.079452055,0.63603,0.0242,32.9,32.6,33.2,34.53,03/01/19
03/01/19,01/02/19,142.07,115,29,0.079452055,0.59547,0.0242,28.205,27.96,28.45,41.4,03/01/19
03/01/19,01/02/19,142.07,120,29,0.079452055,0.56022,0.0242,23.645,23.4,23.89,23.6,03/01/19
03/01/19,01/02/19,142.07,125,29,0.079452055,0.53046,0.0242,19.33,19.1,19.56,19.18,03/01/19
03/01/19,01/02/19,142.07,130,29,0.079452055,0.49592,0.0242,15.195,14.95,15.44,16.5,03/01/19
03/01/19,01/02/19,142.07,135,29,0.079452055,0.47469,0.0242,11.575,11.4,11.75,11.78,03/01/19
03/01/19,01/02/19,142.07,137,29,0.079452055,0.46703,0.0242,10.255,10.06,10.45,11.6,03/01/19
03/01/19,01/02/19,142.07,138,29,0.079452055,0.46188,0.0242,9.605,9.4,9.81,10.9,03/01/19
03/01/19,01/02/19,142.07,139,29,0.079452055,0.45552,0.0242,8.95,8.75,9.15,8.95,03/01/19
03/01/19,01/02/19,142.07,140,29,0.079452055,0.45086,0.0242,8.345,8.2,8.49,8.45,03/01/19
03/01/19,01/02/19,142.07,141,29,0.079452055,0.4502,0.0242,7.825,7.65,8,8.2,03/01/19
03/01/19,01/02/19,142.07,142,29,0.079452055,0.44261,0.0242,7.23,7.05,7.41,7.25,03/01/19
03/01/19,01/02/19,142.07,143,29,0.079452055,0.43744,0.0242,6.665,6.59,6.74,6.66,03/01/19
03/01/19,01/02/19,142.07,144,29,0.079452055,0.42994,0.0242,6.095,5.94,6.25,6.5,03/01/19
03/01/19,01/02/19,142.07,145,29,0.079452055,0.43042,0.0242,5.7,5.55,5.85,5.63,03/01/19
03/01/19,01/02/19,142.07,146,29,0.079452055,0.42441,0.0242,5.2,5.1,5.3,5.23,03/01/19
03/01/19,01/02/19,142.07,147,29,0.079452055,0.42057,0.0242,4.75,4.65,4.85,4.85,03/01/19
03/01/19,01/02/19,142.07,148,29,0.079452055,0.42048,0.0242,4.395,4.24,4.55,4.45,03/01/19
03/01/19,01/02/19,142.07,149,29,0.079452055,0.41974,0.0242,4.045,3.9,4.19,3.94,03/01/19
03/01/19,01/02/19,142.07,150,29,0.079452055,0.41024,0.0242,3.595,3.5,3.69,3.6,03/01/19
03/01/19,01/02/19,142.07,152.5,29,0.079452055,0.4061,0.0242,2.85,2.72,2.98,2.89,03/01/19
03/01/19,01/02/19,142.07,155,29,0.079452055,0.39561,0.0242,2.145,2.08,2.21,2.14,03/01/19
03/01/19,01/02/19,142.07,157.5,29,0.079452055,0.39139,0.0242,1.63,1.53,1.73,1.64,03/01/19
03/01/19,01/02/19,142.07,160,29,0.079452055,0.3845,0.0242,1.185,1.15,1.22,1.3,03/01/19
03/01/19,01/02/19,142.07,162.5,29,0.079452055,0.38376,0.0242,0.895,0.8,0.99,0.97,03/01/19
03/01/19,01/02/19,142.07,165,29,0.079452055,0.38285,0.0242,0.66,0.61,0.71,0.67,03/01/19
03/01/19,01/02/19,142.07,167.5,29,0.079452055,0.37652,0.0242,0.465,0.42,0.51,0.5,03/01/19
03/01/19,01/02/19,142.07,170,29,0.079452055,0.3801,0.0242,0.35,0.3,0.4,0.37,03/01/19
03/01/19,01/02/19,142.07,172.5,29,0.079452055,0.38473,0.0242,0.28,0.24,0.32,0.3,03/01/19
03/01/19,01/02/19,142.07,175,29,0.079452055,0.38871,0.0242,0.215,0.21,0.22,0.22,03/01/19
03/01/19,01/02/19,142.07,177.5,29,0.079452055,0.39984,0.0242,0.18,0.14,0.22,0.19,03/01/19
03/01/19,01/02/19,142.07,180,29,0.079452055,0.40244,0.0242,0.135,0.11,0.16,0.13,03/01/19
03/01/19,01/02/19,142.07,182.5,29,0.079452055,0.40312,0.0242,0.095,0.06,0.13,0.12,03/01/19
03/01/19,01/02/19,142.07,185,29,0.079452055,0.43074,0.0242,0.115,0.09,0.14,0.12,03/01/19
03/01/19,01/02/19,142.07,187.5,29,0.079452055,0.44279,0.0242,0.095,0.07,0.12,0.1,03/01/19
03/01/19,01/02/19,142.07,190,29,0.079452055,0.44385,0.0242,0.085,0.05,0.12,0.1,03/01/19
03/01/19,01/02/19,142.07,192.5,29,0.079452055,0.45745,0.0242,0.07,0.04,0.1,0.05,03/01/19
03/01/19,01/02/19,142.07,195,29,0.079452055,0.46977,0.0242,0.065,0.04,0.09,0.07,03/01/19
03/01/19,01/02/19,142.07,197.5,29,0.079452055,0.46623,0.0242,0.05,0,0.1,0.06,03/01/19
03/01/19,01/02/19,142.07,200,29,0.079452055,0.46251,0.0242,0.035,0.02,0.05,0.06,03/01/19
03/01/19,01/02/19,142.07,202.5,29,0.079452055,0.48455,0.0242,0.045,0,0.09,0.05,03/01/19
03/01/19,01/02/19,142.07,205,29,0.079452055,0.49939,0.0242,0.035,0,0.07,0.04,03/01/19
03/01/19,01/02/19,142.07,207.5,29,0.079452055,0.51299,0.0242,0.04,0,0.08,0.05,03/01/19
03/01/19,08/02/19,142.07,100,36,0.098630137,0.79478,0.0242,42.675,42.2,43.15,0,03/01/19
03/01/19,08/02/19,142.07,105,36,0.098630137,0.71361,0.0242,37.825,37.35,38.3,0,03/01/19
03/01/19,08/02/19,142.07,110,36,0.098630137,0.64081,0.0242,32.995,32.59,33.4,34.4,03/01/19
03/01/19,08/02/19,142.07,115,36,0.098630137,0.60059,0.0242,28.42,28,28.84,0,03/01/19
03/01/19,08/02/19,142.07,120,36,0.098630137,0.55402,0.0242,23.875,23.46,24.29,24.4,03/01/19
03/01/19,08/02/19,142.07,125,36,0.098630137,0.53117,0.0242,19.72,19.39,20.05,33.14,03/01/19
03/01/19,08/02/19,142.07,130,36,0.098630137,0.4925,0.0242,15.625,15.3,15.95,28.5,03/01/19
03/01/19,08/02/19,142.07,135,36,0.098630137,0.46881,0.0242,12.025,11.7,12.35,12.39,03/01/19
03/01/19,08/02/19,142.07,137,36,0.098630137,0.45761,0.0242,10.675,10.41,10.94,10.65,03/01/19
03/01/19,08/02/19,142.07,138,36,0.098630137,0.45242,0.0242,10.025,9.8,10.25,0,03/01/19
03/01/19,08/02/19,142.07,139,36,0.098630137,0.44846,0.0242,9.425,9.2,9.65,9.3,03/01/19
03/01/19,08/02/19,142.07,140,36,0.098630137,0.44634,0.0242,8.88,8.66,9.1,8.7,03/01/19
03/01/19,08/02/19,142.07,141,36,0.098630137,0.43983,0.0242,8.245,8,8.49,9.85,03/01/19
03/01/19,08/02/19,142.07,142,36,0.098630137,0.43644,0.0242,7.725,7.55,7.9,7.9,03/01/19
03/01/19,08/02/19,142.07,143,36,0.098630137,0.4315,0.0242,7.175,6.95,7.4,7.67,03/01/19
03/01/19,08/02/19,142.07,144,36,0.098630137,0.42647,0.0242,6.65,6.45,6.85,6.8,03/01/19
03/01/19,08/02/19,142.07,145,36,0.098630137,0.4275,0.0242,6.25,6.05,6.45,6.2,03/01/19
03/01/19,08/02/19,142.07,146,36,0.098630137,0.42045,0.0242,5.725,5.5,5.95,6,03/01/19
03/01/19,08/02/19,142.07,147,36,0.098630137,0.41823,0.0242,5.3,5.1,5.5,6.11,03/01/19
03/01/19,08/02/19,142.07,148,36,0.098630137,0.41237,0.0242,4.85,4.65,5.05,5,03/01/19
03/01/19,08/02/19,142.07,149,36,0.098630137,0.4085,0.0242,4.445,4.29,4.6,4.95,03/01/19
03/01/19,08/02/19,142.07,150,36,0.098630137,0.4085,0.0242,4.125,4,4.25,4.18,03/01/19
03/01/19,08/02/19,142.07,152.5,36,0.098630137,0.40005,0.0242,3.275,3.05,3.5,3.35,03/01/19
03/01/19,08/02/19,142.07,155,36,0.098630137,0.3948,0.0242,2.595,2.39,2.8,2.65,03/01/19
03/01/19,08/02/19,142.07,157.5,36,0.098630137,0.38824,0.0242,2.01,1.82,2.2,2,03/01/19
03/01/19,08/02/19,142.07,160,36,0.098630137,0.38431,0.0242,1.55,1.39,1.71,1.58,03/01/19
03/01/19,08/02/19,142.07,162.5,36,0.098630137,0.37939,0.0242,1.17,1,1.34,1.15,03/01/19
03/01/19,08/02/19,142.07,165,36,0.098630137,0.37714,0.0242,0.89,0.75,1.03,0.73,03/01/19
03/01/19,08/02/19,142.07,167.5,36,0.098630137,0.37709,0.0242,0.685,0.55,0.82,0.7,03/01/19
03/01/19,08/02/19,142.07,170,36,0.098630137,0.37422,0.0242,0.5,0.44,0.56,0.53,03/01/19
03/01/19,08/02/19,142.07,172.5,36,0.098630137,0.37623,0.0242,0.39,0.34,0.44,0.4,03/01/19
03/01/19,08/02/19,142.07,175,36,0.098630137,0.37526,0.0242,0.29,0.22,0.36,0.32,03/01/19
03/01/19,08/02/19,142.07,177.5,36,0.098630137,0.37126,0.0242,0.205,0.12,0.29,0.3,03/01/19
03/01/19,08/02/19,142.07,180,36,0.098630137,0.37894,0.0242,0.175,0.07,0.28,0.2,03/01/19
03/01/19,08/02/19,142.07,182.5,36,0.098630137,0.39059,0.0242,0.155,0.1,0.21,0.21,03/01/19
03/01/19,08/02/19,142.07,185,36,0.098630137,0.42507,0.0242,0.2,0.1,0.3,0.13,03/01/19
03/01/19,08/02/19,142.07,187.5,36,0.098630137,0.41847,0.0242,0.14,0,0.28,0.16,03/01/19
03/01/19,08/02/19,142.07,190,36,0.098630137,0.40932,0.0242,0.09,0.04,0.14,0.13,03/01/19
03/01/19,08/02/19,142.07,192.5,36,0.098630137,0.44392,0.0242,0.125,0,0.25,0.12,03/01/19
03/01/19,08/02/19,142.07,195,36,0.098630137,0.41764,0.0242,0.06,0,0.12,0.1,03/01/19
03/01/19,08/02/19,142.07,200,36,0.098630137,0.46297,0.0242,0.085,0,0.17,0.09,03/01/19
03/01/19,15/02/19,142.07,50,43,0.117808219,2.73722,0.0242,92.375,91.9,92.85,107.9,03/01/19
03/01/19,15/02/19,142.07,55,43,0.117808219,2.36195,0.0242,87.38,86.91,87.85,101.75,03/01/19
03/01/19,15/02/19,142.07,60,43,0.117808219,2.04555,0.0242,82.35,81.9,82.8,0,03/01/19
03/01/19,15/02/19,142.07,65,43,0.117808219,1.78618,0.0242,77.375,76.9,77.85,86.9,03/01/19
03/01/19,15/02/19,142.07,70,43,0.117808219,1.56084,0.0242,72.375,71.9,72.85,81.7,03/01/19
03/01/19,15/02/19,142.07,75,43,0.117808219,1.36572,0.0242,67.37,66.9,67.84,92.6,03/01/19
03/01/19,15/02/19,142.07,80,43,0.117808219,1.20361,0.0242,62.42,61.94,62.9,0,03/01/19
03/01/19,15/02/19,142.07,85,43,0.117808219,1.07389,0.0242,57.55,57.15,57.95,68.25,03/01/19
03/01/19,15/02/19,142.07,90,43,0.117808219,0.94491,0.0242,52.575,52.15,53,52.7,03/01/19
03/01/19,15/02/19,142.07,95,43,0.117808219,0.84649,0.0242,47.705,47.3,48.11,58.66,03/01/19
03/01/19,15/02/19,142.07,100,43,0.117808219,0.7615,0.0242,42.85,42.5,43.2,45.75,03/01/19
03/01/19,15/02/19,142.07,105,43,0.117808219,0.6951,0.0242,38.075,37.8,38.35,41.05,03/01/19
03/01/19,15/02/19,142.07,110,43,0.117808219,0.61888,0.0242,33.2,32.85,33.55,34.85,03/01/19
03/01/19,15/02/19,142.07,115,43,0.117808219,0.5827,0.0242,28.675,28.4,28.95,30.44,03/01/19
03/01/19,15/02/19,142.07,120,43,0.117808219,0.52615,0.0242,24.03,23.8,24.26,24.4,03/01/19
03/01/19,15/02/19,142.07,125,43,0.117808219,0.49185,0.0242,19.73,19.56,19.9,20.05,03/01/19
03/01/19,15/02/19,142.07,130,43,0.117808219,0.46826,0.0242,15.825,15.75,15.9,16.15,03/01/19
03/01/19,15/02/19,142.07,135,43,0.117808219,0.44681,0.0242,12.275,12.2,12.35,12.6,03/01/19
03/01/19,15/02/19,142.07,140,43,0.117808219,0.42678,0.0242,9.155,9.06,9.25,9.2,03/01/19
03/01/19,15/02/19,142.07,145,43,0.117808219,0.40619,0.0242,6.465,6.39,6.54,6.5,03/01/19
03/01/19,15/02/19,142.07,150,43,0.117808219,0.39157,0.0242,4.4,4.35,4.45,4.41,03/01/19
03/01/19,15/02/19,142.07,155,43,0.117808219,0.37868,0.0242,2.825,2.81,2.84,2.88,03/01/19
03/01/19,15/02/19,142.07,160,43,0.117808219,0.37052,0.0242,1.77,1.75,1.79,1.79,03/01/19
03/01/19,15/02/19,142.07,165,43,0.117808219,0.36242,0.0242,1.04,1.01,1.07,1.06,03/01/19
03/01/19,15/02/19,142.07,170,43,0.117808219,0.36278,0.0242,0.64,0.63,0.65,0.64,03/01/19
03/01/19,15/02/19,142.07,175,43,0.117808219,0.36611,0.0242,0.395,0.39,0.4,0.4,03/01/19
03/01/19,15/02/19,142.07,180,43,0.117808219,0.37285,0.0242,0.255,0.25,0.26,0.26,03/01/19
03/01/19,15/02/19,142.07,185,43,0.117808219,0.38071,0.0242,0.17,0.16,0.18,0.17,03/01/19
03/01/19,15/02/19,142.07,190,43,0.117808219,0.39561,0.0242,0.13,0.12,0.14,0.13,03/01/19
03/01/19,15/02/19,142.07,195,43,0.117808219,0.40668,0.0242,0.095,0.09,0.1,0.09,03/01/19
03/01/19,15/02/19,142.07,200,43,0.117808219,0.4251,0.0242,0.08,0.07,0.09,0.07,03/01/19
03/01/19,15/02/19,142.07,205,43,0.117808219,0.4315,0.0242,0.055,0.05,0.06,0.06,03/01/19
03/01/19,15/02/19,142.07,210,43,0.117808219,0.45524,0.0242,0.055,0.05,0.06,0.05,03/01/19
03/01/19,15/02/19,142.07,215,43,0.117808219,0.45506,0.0242,0.045,0.02,0.07,0.05,03/01/19
03/01/19,15/02/19,142.07,220,43,0.117808219,0.47009,0.0242,0.035,0.01,0.06,0.03,03/01/19
03/01/19,15/02/19,142.07,225,43,0.117808219,0.4985,0.0242,0.03,0.03,0.03,0.03,03/01/19
03/01/19,15/02/19,142.07,230,43,0.117808219,0.50204,0.0242,0.03,0.02,0.04,0.03,03/01/19
03/01/19,15/02/19,142.07,235,43,0.117808219,0.53021,0.0242,0.03,0.01,0.05,0.03,03/01/19
03/01/19,15/02/19,142.07,240,43,0.117808219,0.53989,0.0242,0.025,0.02,0.03,0.03,03/01/19
03/01/19,15/02/19,142.07,245,43,0.117808219,0.54673,0.0242,0.02,0.01,0.03,0.01,03/01/19
03/01/19,15/02/19,142.07,250,43,0.117808219,0.53206,0.0242,0.01,0,0.02,0.01,03/01/19
03/01/19,15/02/19,142.07,255,43,0.117808219,0.54827,0.0242,0.005,0,0.01,0.01,03/01/19
03/01/19,15/02/19,142.07,260,43,0.117808219,0.56603,0.0242,0.01,0,0.02,0.01,03/01/19
03/01/19,15/02/19,142.07,265,43,0.117808219,0.61688,0.0242,0.02,0.01,0.03,0.01,03/01/19
03/01/19,15/02/19,142.07,270,43,0.117808219,0.5963,0.0242,0.01,0,0.02,0.03,03/01/19
03/01/19,15/02/19,142.07,275,43,0.117808219,0.61152,0.0242,0.01,0,0.02,0.01,03/01/19
03/01/19,15/02/19,142.07,280,43,0.117808219,0.62613,0.0242,0.01,0,0.02,0.03,03/01/19
03/01/19,15/02/19,142.07,285,43,0.117808219,0.67876,0.0242,0.02,0,0.04,0.04,03/01/19
03/01/19,15/02/19,142.07,290,43,0.117808219,0.69468,0.0242,0.02,0,0.04,0.01,03/01/19
03/01/19,15/02/19,142.07,295,43,0.117808219,0.66879,0.0242,0.015,0,0.03,0.01,03/01/19
03/01/19,15/02/19,142.07,300,43,0.117808219,0.68257,0.0242,0.015,0,0.03,0.01,03/01/19
03/01/19,15/02/19,142.07,310,43,0.117808219,0.75056,0.0242,0.02,0,0.04,0.01,03/01/19
03/01/19,15/02/19,142.07,320,43,0.117808219,0.77721,0.0242,0.025,0,0.05,0.02,03/01/19
03/01/19,22/02/19,142.07,100,50,0.136986301,0.68819,0.0242,42.72,41.89,43.55,0,03/01/19
03/01/19,22/02/19,142.07,105,50,0.136986301,0.63095,0.0242,37.975,37.2,38.75,0,03/01/19
03/01/19,22/02/19,142.07,110,50,0.136986301,0.57561,0.0242,33.23,32.45,34.01,34.26,03/01/19
03/01/19,22/02/19,142.07,115,50,0.136986301,0.53697,0.0242,28.645,27.9,29.39,0,03/01/19
03/01/19,22/02/19,142.07,120,50,0.136986301,0.50339,0.0242,24.235,23.46,25.01,0,03/01/19
03/01/19,22/02/19,142.07,125,50,0.136986301,0.47442,0.0242,20.02,19.29,20.75,20.09,03/01/19
03/01/19,22/02/19,142.07,130,50,0.136986301,0.46226,0.0242,16.325,15.84,16.81,17.5,03/01/19
03/01/19,22/02/19,142.07,135,50,0.136986301,0.44041,0.0242,12.795,12.24,13.35,13.17,03/01/19
03/01/19,22/02/19,142.07,139,50,0.136986301,0.42408,0.0242,10.255,9.65,10.86,0,03/01/19
03/01/19,22/02/19,142.07,140,50,0.136986301,0.42198,0.0242,9.705,9.21,10.2,9.74,03/01/19
03/01/19,22/02/19,142.07,141,50,0.136986301,0.4162,0.0242,9.1,8.55,9.65,9.21,03/01/19
03/01/19,22/02/19,142.07,142,50,0.136986301,0.41422,0.0242,8.58,8.16,9,8.35,03/01/19
03/01/19,22/02/19,142.07,143,50,0.136986301,0.40823,0.0242,8,7.4,8.6,8.75,03/01/19
03/01/19,22/02/19,142.07,144,50,0.136986301,0.41165,0.0242,7.63,7.25,8.01,7.67,03/01/19
03/01/19,22/02/19,142.07,145,50,0.136986301,0.41067,0.0242,7.2,6.85,7.55,6.94,03/01/19
03/01/19,22/02/19,142.07,146,50,0.136986301,0.40344,0.0242,6.655,6.16,7.15,7.9,03/01/19
03/01/19,22/02/19,142.07,147,50,0.136986301,0.39369,0.0242,6.05,5.7,6.4,6.85,03/01/19
03/01/19,22/02/19,142.07,148,50,0.136986301,0.39447,0.0242,5.695,5.19,6.2,6.02,03/01/19
03/01/19,22/02/19,142.07,149,50,0.136986301,0.39417,0.0242,5.35,4.9,5.8,5.2,03/01/19
03/01/19,22/02/19,142.07,150,50,0.136986301,0.39574,0.0242,5.045,4.69,5.4,4.9,03/01/19
03/01/19,22/02/19,142.07,152.5,50,0.136986301,0.38921,0.0242,4.175,3.79,4.56,3.9,03/01/19
03/01/19,22/02/19,142.07,155,50,0.136986301,0.36705,0.0242,3.125,3,3.25,3.2,03/01/19
03/01/19,22/02/19,142.07,157.5,50,0.136986301,0.36731,0.0242,2.59,2.12,3.06,3.4,03/01/19
03/01/19,22/02/19,142.07,160,50,0.136986301,0.37696,0.0242,2.26,2.01,2.51,2.2,03/01/19
03/01/19,22/02/19,142.07,162.5,50,0.136986301,0.35986,0.0242,1.64,1.22,2.06,1.86,03/01/19
03/01/19,22/02/19,142.07,165,50,0.136986301,0.35764,0.0242,1.29,0.9,1.68,1.61,03/01/19
03/01/19,22/02/19,142.07,167.5,50,0.136986301,0.35024,0.0242,0.965,0.67,1.26,1.03,03/01/19
03/01/19,22/02/19,142.07,170,50,0.136986301,0.35485,0.0242,0.79,0.47,1.11,1.08,03/01/19
03/01/19,22/02/19,142.07,172.5,50,0.136986301,0.35733,0.0242,0.645,0.34,0.95,0.79,03/01/19
03/01/19,22/02/19,142.07,175,50,0.136986301,0.34552,0.0242,0.425,0.2,0.65,0.48,03/01/19
03/01/19,22/02/19,142.07,177.5,50,0.136986301,0.35857,0.0242,0.405,0.12,0.69,0.45,03/01/19
03/01/19,22/02/19,142.07,180,50,0.136986301,0.36116,0.0242,0.325,0.03,0.62,0.33,03/01/19
03/01/19,22/02/19,142.07,182.5,50,0.136986301,0.36751,0.0242,0.28,0,0.56,0.37,03/01/19
03/01/19,22/02/19,142.07,185,50,0.136986301,0.37876,0.0242,0.26,0,0.52,0,03/01/19
03/01/19,22/02/19,142.07,187.5,50,0.136986301,0.38845,0.0242,0.245,0,0.49,0,03/01/19
03/01/19,22/02/19,142.07,190,50,0.136986301,0.39899,0.0242,0.23,0,0.46,0,03/01/19
03/01/19,22/02/19,142.07,192.5,50,0.136986301,0.41068,0.0242,0.22,0.02,0.42,0,03/01/19
03/01/19,22/02/19,142.07,195,50,0.136986301,0.41533,0.0242,0.185,0,0.37,0,03/01/19
03/01/19,22/02/19,142.07,200,50,0.136986301,0.42849,0.0242,0.15,0,0.3,0.13,03/01/19
03/01/19,15/03/19,142.07,75,70.96,0.194410959,1.09591,0.024166707,67.525,66.66,68.39,0,03/01/19
03/01/19,15/03/19,142.07,80,70.96,0.194410959,0.9698,0.024166707,62.58,61.71,63.45,0,03/01/19
03/01/19,15/03/19,142.07,85,70.96,0.194410959,0.85811,0.024166707,57.62,56.74,58.5,0,03/01/19
03/01/19,15/03/19,142.07,90,70.96,0.194410959,0.77041,0.024166707,52.755,51.95,53.56,53.9,03/01/19
03/01/19,15/03/19,142.07,95,70.96,0.194410959,0.68346,0.024166707,47.8,46.95,48.65,0,03/01/19
03/01/19,15/03/19,142.07,100,70.96,0.194410959,0.62494,0.024166707,43.025,42.7,43.35,43,03/01/19
03/01/19,15/03/19,142.07,105,70.96,0.194410959,0.57758,0.024166707,38.32,37.99,38.65,52.05,03/01/19
03/01/19,15/03/19,142.07,110,70.96,0.194410959,0.53106,0.024166707,33.625,33.3,33.95,0,03/01/19
03/01/19,15/03/19,142.07,115,70.96,0.194410959,0.50212,0.024166707,29.205,28.85,29.56,31.52,03/01/19
03/01/19,15/03/19,142.07,120,70.96,0.194410959,0.4691,0.024166707,24.795,24.6,24.99,25.6,03/01/19
03/01/19,15/03/19,142.07,125,70.96,0.194410959,0.44922,0.024166707,20.8,20.75,20.85,20.9,03/01/19
03/01/19,15/03/19,142.07,130,70.96,0.194410959,0.42853,0.024166707,17.025,16.95,17.1,18.15,03/01/19
03/01/19,15/03/19,142.07,135,70.96,0.194410959,0.4155,0.024166707,13.705,13.66,13.75,13.69,03/01/19
03/01/19,15/03/19,142.07,140,70.96,0.194410959,0.39905,0.024166707,10.665,10.64,10.69,10.7,03/01/19
03/01/19,15/03/19,142.07,145,70.96,0.194410959,0.38635,0.024166707,8.1,8.04,8.16,8.15,03/01/19
03/01/19,15/03/19,142.07,150,70.96,0.194410959,0.37398,0.024166707,5.955,5.91,6,6,03/01/19
03/01/19,15/03/19,142.07,155,70.96,0.194410959,0.36352,0.024166707,4.235,4.21,4.26,4.2,03/01/19
03/01/19,15/03/19,142.07,160,70.96,0.194410959,0.35534,0.024166707,2.925,2.92,2.93,2.93,03/01/19
03/01/19,15/03/19,142.07,165,70.96,0.194410959,0.34799,0.024166707,1.97,1.94,2,2.02,03/01/19
03/01/19,15/03/19,142.07,170,70.96,0.194410959,0.34372,0.024166707,1.31,1.25,1.37,1.3,03/01/19
03/01/19,15/03/19,142.07,175,70.96,0.194410959,0.34116,0.024166707,0.855,0.84,0.87,0.85,03/01/19
03/01/19,15/03/19,142.07,180,70.96,0.194410959,0.34112,0.024166707,0.57,0.55,0.59,0.57,03/01/19
03/01/19,15/03/19,142.07,185,70.96,0.194410959,0.34215,0.024166707,0.365,0.35,0.38,0.38,03/01/19
03/01/19,15/03/19,142.07,190,70.96,0.194410959,0.34714,0.024166707,0.26,0.25,0.27,0.27,03/01/19
03/01/19,15/03/19,142.07,195,70.96,0.194410959,0.35009,0.024166707,0.18,0.17,0.19,0.19,03/01/19
03/01/19,15/03/19,142.07,200,70.96,0.194410959,0.36058,0.024166707,0.15,0.14,0.16,0.14,03/01/19
03/01/19,15/03/19,142.07,205,70.96,0.194410959,0.36586,0.024166707,0.11,0.1,0.12,0.12,03/01/19
03/01/19,15/03/19,142.07,210,70.96,0.194410959,0.37855,0.024166707,0.09,0.07,0.11,0.08,03/01/19
03/01/19,15/03/19,142.07,215,70.96,0.194410959,0.38556,0.024166707,0.075,0.06,0.09,0.08,03/01/19
03/01/19,15/03/19,142.07,220,70.96,0.194410959,0.40756,0.024166707,0.07,0.05,0.09,0.06,03/01/19
03/01/19,15/03/19,142.07,225,70.96,0.194410959,0.41008,0.024166707,0.055,0.05,0.06,0.05,03/01/19
03/01/19,15/03/19,142.07,230,70.96,0.194410959,0.4223,0.024166707,0.05,0.04,0.06,0.05,03/01/19
03/01/19,15/03/19,142.07,235,70.96,0.194410959,0.44322,0.024166707,0.055,0,0.11,0.03,03/01/19
03/01/19,15/03/19,142.07,240,70.96,0.194410959,0.44447,0.024166707,0.045,0.03,0.06,0.05,03/01/19
03/01/19,15/03/19,142.07,245,70.96,0.194410959,0.44653,0.024166707,0.03,0,0.06,0.02,03/01/19
03/01/19,15/03/19,142.07,250,70.96,0.194410959,0.46699,0.024166707,0.035,0.03,0.04,0.02,03/01/19
03/01/19,15/03/19,142.07,255,70.96,0.194410959,0.49319,0.024166707,0.045,0.01,0.08,0.03,03/01/19
03/01/19,15/03/19,142.07,260,70.96,0.194410959,0.47957,0.024166707,0.02,0,0.04,0.01,03/01/19
03/01/19,15/03/19,142.07,265,70.96,0.194410959,0.45568,0.024166707,0.01,0,0.02,0.03,03/01/19
03/01/19,15/03/19,142.07,270,70.96,0.194410959,0.5063,0.024166707,0.03,0,0.06,0.08,03/01/19
03/01/19,15/03/19,142.07,275,70.96,0.194410959,0.51807,0.024166707,0.025,0,0.05,0.03,03/01/19
03/01/19,15/03/19,142.07,280,70.96,0.194410959,0.5299,0.024166707,0.02,0.01,0.03,0.03,03/01/19
03/01/19,15/03/19,142.07,285,70.96,0.194410959,0.54211,0.024166707,0.025,0,0.05,0.05,03/01/19
03/01/19,15/03/19,142.07,290,70.96,0.194410959,0.5541,0.024166707,0.025,0,0.05,0.04,03/01/19
03/01/19,15/03/19,142.07,295,70.96,0.194410959,0.56544,0.024166707,0.02,0,0.04,0.07,03/01/19
03/01/19,15/03/19,142.07,300,70.96,0.194410959,0.57728,0.024166707,0.025,0,0.05,0.01,03/01/19
03/01/19,18/04/19,142.07,22.5,104.96,0.287561644,5.02919,0.024190148,119.825,118.95,120.7,130.65,03/01/19
03/01/19,18/04/19,142.07,25,104.96,0.287561644,4.4324,0.024190148,117.325,116.45,118.2,0,03/01/19
03/01/19,18/04/19,142.07,30,104.96,0.287561644,3.53948,0.024190148,112.325,111.46,113.19,0,03/01/19
03/01/19,18/04/19,142.07,35,104.96,0.287561644,2.90751,0.024190148,107.355,106.51,108.2,0,03/01/19
03/01/19,18/04/19,142.07,40,104.96,0.287561644,2.43534,0.024190148,102.365,101.49,103.24,104.79,03/01/19
03/01/19,18/04/19,142.07,45,104.96,0.287561644,2.06474,0.024190148,97.37,96.5,98.24,0,03/01/19
03/01/19,18/04/19,142.07,50,104.96,0.287561644,1.76885,0.024190148,92.375,91.5,93.25,0,03/01/19
03/01/19,18/04/19,142.07,55,104.96,0.287561644,1.52997,0.024190148,87.395,86.55,88.24,153.48,03/01/19
03/01/19,18/04/19,142.07,60,104.96,0.287561644,1.33774,0.024190148,82.475,81.6,83.35,108.12,03/01/19
03/01/19,18/04/19,142.07,65,104.96,0.287561644,1.16505,0.024190148,77.455,76.61,78.3,144.55,03/01/19
03/01/19,18/04/19,142.07,70,104.96,0.287561644,1.03026,0.024190148,72.55,71.75,73.35,0,03/01/19
03/01/19,18/04/19,142.07,75,104.96,0.287561644,0.90952,0.024190148,67.6,66.7,68.5,83.1,03/01/19
03/01/19,18/04/19,142.07,80,104.96,0.287561644,0.80486,0.024190148,62.65,61.8,63.5,0,03/01/19
03/01/19,18/04/19,142.07,85,104.96,0.287561644,0.7189,0.024190148,57.755,56.91,58.6,0,03/01/19
03/01/19,18/04/19,142.07,90,104.96,0.287561644,0.6503,0.024190148,52.925,52.05,53.8,0,03/01/19
03/01/19,18/04/19,142.07,95,104.96,0.287561644,0.58485,0.024190148,48.05,47.6,48.5,124.27,03/01/19
03/01/19,18/04/19,142.07,100,104.96,0.287561644,0.55093,0.024190148,43.48,43.1,43.86,43.5,03/01/19
03/01/19,18/04/19,142.07,105,104.96,0.287561644,0.51528,0.024190148,38.875,38.5,39.25,39.85,03/01/19
03/01/19,18/04/19,142.07,110,104.96,0.287561644,0.48258,0.024190148,34.355,33.9,34.81,49.2,03/01/19
03/01/19,18/04/19,142.07,115,104.96,0.287561644,0.46194,0.024190148,30.095,29.7,30.49,30.8,03/01/19
03/01/19,18/04/19,142.07,120,104.96,0.287561644,0.44104,0.024190148,25.97,25.6,26.34,28.2,03/01/19
03/01/19,18/04/19,142.07,125,104.96,0.287561644,0.42791,0.024190148,22.2,21.9,22.5,22.9,03/01/19
03/01/19,18/04/19,142.07,130,104.96,0.287561644,0.41318,0.024190148,18.655,18.36,18.95,18.55,03/01/19
03/01/19,18/04/19,142.07,135,104.96,0.287561644,0.38988,0.024190148,15.095,14.9,15.29,16,03/01/19
03/01/19,18/04/19,142.07,140,104.96,0.287561644,0.38278,0.024190148,12.3,12.2,12.4,12.29,03/01/19
03/01/19,18/04/19,142.07,145,104.96,0.287561644,0.37079,0.024190148,9.725,9.55,9.9,9.67,03/01/19
03/01/19,18/04/19,142.07,150,104.96,0.287561644,0.36246,0.024190148,7.58,7.45,7.71,7.55,03/01/19
03/01/19,18/04/19,142.07,155,104.96,0.287561644,0.35325,0.024190148,5.725,5.59,5.86,5.7,03/01/19
03/01/19,18/04/19,142.07,160,104.96,0.287561644,0.34447,0.024190148,4.225,4.2,4.25,4.25,03/01/19
03/01/19,18/04/19,142.07,165,104.96,0.287561644,0.33939,0.024190148,3.1,3,3.2,3.1,03/01/19
03/01/19,18/04/19,142.07,170,104.96,0.287561644,0.33395,0.024190148,2.215,2.09,2.34,2.25,03/01/19
03/01/19,18/04/19,142.07,175,104.96,0.287561644,0.32937,0.024190148,1.56,1.51,1.61,1.53,03/01/19
03/01/19,18/04/19,142.07,180,104.96,0.287561644,0.32705,0.024190148,1.105,1.06,1.15,1.09,03/01/19
03/01/19,18/04/19,142.07,185,104.96,0.287561644,0.32757,0.024190148,0.79,0.75,0.83,0.78,03/01/19
03/01/19,18/04/19,142.07,190,104.96,0.287561644,0.32981,0.024190148,0.575,0.52,0.63,0.54,03/01/19
03/01/19,18/04/19,142.07,195,104.96,0.287561644,0.32766,0.024190148,0.395,0.38,0.41,0.4,03/01/19
03/01/19,18/04/19,142.07,200,104.96,0.287561644,0.32893,0.024190148,0.285,0.28,0.29,0.29,03/01/19
03/01/19,18/04/19,142.07,205,104.96,0.287561644,0.33074,0.024190148,0.21,0.2,0.22,0.21,03/01/19
03/01/19,18/04/19,142.07,210,104.96,0.287561644,0.33792,0.024190148,0.16,0.14,0.18,0.17,03/01/19
03/01/19,18/04/19,142.07,215,104.96,0.287561644,0.34486,0.024190148,0.135,0.12,0.15,0.13,03/01/19
03/01/19,18/04/19,142.07,220,104.96,0.287561644,0.34455,0.024190148,0.1,0.08,0.12,0.1,03/01/19
03/01/19,18/04/19,142.07,225,104.96,0.287561644,0.35537,0.024190148,0.085,0.07,0.1,0.08,03/01/19
03/01/19,18/04/19,142.07,230,104.96,0.287561644,0.36368,0.024190148,0.075,0.06,0.09,0.07,03/01/19
03/01/19,18/04/19,142.07,235,104.96,0.287561644,0.3647,0.024190148,0.055,0.04,0.07,0.06,03/01/19
03/01/19,18/04/19,142.07,240,104.96,0.287561644,0.36075,0.024190148,0.04,0.01,0.07,0.07,03/01/19
03/01/19,18/04/19,142.07,245,104.96,0.287561644,0.39395,0.024190148,0.05,0.03,0.07,0.05,03/01/19
03/01/19,18/04/19,142.07,250,104.96,0.287561644,0.38488,0.024190148,0.04,0.01,0.07,0.04,03/01/19
03/01/19,18/04/19,142.07,255,104.96,0.287561644,0.40616,0.024190148,0.045,0,0.09,0.03,03/01/19
03/01/19,18/04/19,142.07,260,104.96,0.287561644,0.39467,0.024190148,0.02,0,0.04,0.03,03/01/19
03/01/19,18/04/19,142.07,265,104.96,0.287561644,0.43469,0.024190148,0.05,0,0.1,0.02,03/01/19
03/01/19,18/04/19,142.07,270,104.96,0.287561644,0.4454,0.024190148,0.045,0.01,0.08,0.01,03/01/19
03/01/19,18/04/19,142.07,275,104.96,0.287561644,0.45112,0.024190148,0.05,0,0.1,0.03,03/01/19
03/01/19,18/04/19,142.07,280,104.96,0.287561644,0.45661,0.024190148,0.04,0,0.08,0.03,03/01/19
03/01/19,18/04/19,142.07,285,104.96,0.287561644,0.42744,0.024190148,0.015,0.01,0.02,0.01,03/01/19
03/01/19,18/04/19,142.07,290,104.96,0.287561644,0.47714,0.024190148,0.04,0,0.08,0.02,03/01/19
03/01/19,18/04/19,142.07,295,104.96,0.287561644,0.47439,0.024190148,0.025,0,0.05,0.09,03/01/19
03/01/19,18/04/19,142.07,300,104.96,0.287561644,0.45554,0.024190148,0.01,0,0.02,0.01,03/01/19
03/01/19,18/04/19,142.07,305,104.96,0.287561644,0.44988,0.024190148,0.01,0,0.02,0.01,03/01/19
03/01/19,18/04/19,142.07,310,104.96,0.287561644,0.49386,0.024190148,0.025,0,0.05,0.09,03/01/19
03/01/19,18/04/19,142.07,315,104.96,0.287561644,0.50262,0.024190148,0.025,0,0.05,0.23,03/01/19
03/01/19,18/04/19,142.07,320,104.96,0.287561644,0.47374,0.024190148,0.01,0,0.02,0.05,03/01/19
03/01/19,18/04/19,142.07,325,104.96,0.287561644,0.51962,0.024190148,0.03,0,0.06,0.04,03/01/19
03/01/19,18/04/19,142.07,330,104.96,0.287561644,0.48992,0.024190148,0.005,0,0.01,0.02,03/01/19
03/01/19,18/04/19,142.07,335,104.96,0.287561644,0.53642,0.024190148,0.025,0,0.05,0.06,03/01/19
03/01/19,18/04/19,142.07,340,104.96,0.287561644,0.54394,0.024190148,0.025,0,0.05,0.13,03/01/19
03/01/19,18/04/19,142.07,345,104.96,0.287561644,0.55224,0.024190148,0.025,0,0.05,0.03,03/01/19
03/01/19,18/04/19,142.07,350,104.96,0.287561644,0.5605,0.024190148,0.03,0,0.06,0.12,03/01/19
03/01/19,18/04/19,142.07,355,104.96,0.287561644,0.56788,0.024190148,0.025,0,0.05,0.1,03/01/19
03/01/19,18/04/19,142.07,360,104.96,0.287561644,0.57517,0.024190148,0.025,0,0.05,0.06,03/01/19
03/01/19,18/04/19,142.07,365,104.96,0.287561644,0.57208,0.024190148,0.02,0,0.04,0.1,03/01/19
03/01/19,18/04/19,142.07,370,104.96,0.287561644,0.5797,0.024190148,0.015,0,0.03,0.08,03/01/19
03/01/19,18/04/19,142.07,375,104.96,0.287561644,0.5868,0.024190148,0.02,0,0.04,0.04,03/01/19
03/01/19,18/04/19,142.07,380,104.96,0.287561644,0.59381,0.024190148,0.015,0,0.03,0.01,03/01/19
03/01/19,18/04/19,142.07,385,104.96,0.287561644,0.59975,0.024190148,0.02,0,0.04,0.05,03/01/19
03/01/19,18/04/19,142.07,390,104.96,0.287561644,0.60625,0.024190148,0.015,0,0.03,0.17,03/01/19
03/01/19,18/04/19,142.07,395,104.96,0.287561644,0.61428,0.024190148,0.02,0,0.04,0.1,03/01/19
03/01/19,18/04/19,142.07,400,104.96,0.287561644,0.61986,0.024190148,0.02,0,0.04,0.02,03/01/19
03/01/19,18/04/19,142.07,405,104.96,0.287561644,0.6264,0.024190148,0.02,0,0.04,0.02,03/01/19
03/01/19,18/04/19,142.07,410,104.96,0.287561644,0.61888,0.024190148,0.015,0,0.03,0.01,03/01/19
03/01/19,18/04/19,142.07,415,104.96,0.287561644,0.63878,0.024190148,0.02,0,0.04,0,03/01/19
03/01/19,18/04/19,142.07,420,104.96,0.287561644,0.64597,0.024190148,0.02,0,0.04,0.02,03/01/19
03/01/19,18/04/19,142.07,425,104.96,0.287561644,0.65194,0.024190148,0.02,0,0.04,0.04,03/01/19
03/01/19,21/06/19,142.07,80,168.96,0.46290411,0.66882,0.02461097,62.88,62,63.76,0,03/01/19
03/01/19,21/06/19,142.07,85,168.96,0.46290411,0.61036,0.02461097,58.1,57.2,59,85.79,03/01/19
03/01/19,21/06/19,142.07,90,168.96,0.46290411,0.5598,0.02461097,53.35,52.9,53.8,53.3,03/01/19
03/01/19,21/06/19,142.07,95,168.96,0.46290411,0.52711,0.02461097,48.795,48.4,49.19,92.75,03/01/19
03/01/19,21/06/19,142.07,100,168.96,0.46290411,0.49131,0.02461097,44.165,43.79,44.54,44.5,03/01/19
03/01/19,21/06/19,142.07,105,168.96,0.46290411,0.46917,0.02461097,39.8,39.35,40.25,87.46,03/01/19
03/01/19,21/06/19,142.07,110,168.96,0.46290411,0.4496,0.02461097,35.57,35.14,36,46.72,03/01/19
03/01/19,21/06/19,142.07,115,168.96,0.46290411,0.43119,0.02461097,31.455,31.01,31.9,33.05,03/01/19
03/01/19,21/06/19,142.07,120,168.96,0.46290411,0.41782,0.02461097,27.65,27.3,28,27.7,03/01/19
03/01/19,21/06/19,142.07,125,168.96,0.46290411,0.4048,0.02461097,24.025,23.7,24.35,23.95,03/01/19
03/01/19,21/06/19,142.07,130,168.96,0.46290411,0.39035,0.02461097,20.53,20.36,20.7,20.35,03/01/19
03/01/19,21/06/19,142.07,135,168.96,0.46290411,0.37656,0.02461097,17.3,17.05,17.55,17.71,03/01/19
03/01/19,21/06/19,142.07,140,168.96,0.46290411,0.36799,0.02461097,14.515,14.34,14.69,14.5,03/01/19
03/01/19,21/06/19,142.07,145,168.96,0.46290411,0.35504,0.02461097,11.88,11.65,12.11,12.05,03/01/19
03/01/19,21/06/19,142.07,150,168.96,0.46290411,0.34962,0.02461097,9.78,9.65,9.91,9.75,03/01/19
03/01/19,21/06/19,142.07,155,168.96,0.46290411,0.34394,0.02461097,7.9,7.8,8,7.98,03/01/19
03/01/19,21/06/19,142.07,160,168.96,0.46290411,0.33594,0.02461097,6.23,6.11,6.35,6.35,03/01/19
03/01/19,21/06/19,142.07,165,168.96,0.46290411,0.33207,0.02461097,4.95,4.81,5.09,5,03/01/19
03/01/19,21/06/19,142.07,170,168.96,0.46290411,0.32579,0.02461097,3.8,3.65,3.95,3.8,03/01/19
03/01/19,21/06/19,142.07,175,168.96,0.46290411,0.32234,0.02461097,2.945,2.79,3.1,2.93,03/01/19
03/01/19,21/06/19,142.07,180,168.96,0.46290411,0.32024,0.02461097,2.28,2.16,2.4,2.27,03/01/19
03/01/19,21/06/19,142.07,185,168.96,0.46290411,0.3153,0.02461097,1.705,1.65,1.76,1.7,03/01/19
03/01/19,21/06/19,142.07,190,168.96,0.46290411,0.31289,0.02461097,1.275,1.14,1.41,1.27,03/01/19
03/01/19,21/06/19,142.07,195,168.96,0.46290411,0.31179,0.02461097,0.96,0.9,1.02,0.96,03/01/19
03/01/19,21/06/19,142.07,200,168.96,0.46290411,0.31436,0.02461097,0.775,0.7,0.85,0.75,03/01/19
03/01/19,21/06/19,142.07,205,168.96,0.46290411,0.31721,0.02461097,0.615,0.56,0.67,0.59,03/01/19
03/01/19,21/06/19,142.07,210,168.96,0.46290411,0.31754,0.02461097,0.475,0.42,0.53,0.44,03/01/19
03/01/19,21/06/19,142.07,215,168.96,0.46290411,0.31254,0.02461097,0.33,0.21,0.45,0.36,03/01/19
03/01/19,21/06/19,142.07,220,168.96,0.46290411,0.31622,0.02461097,0.275,0.26,0.29,0.27,03/01/19
03/01/19,21/06/19,142.07,225,168.96,0.46290411,0.32231,0.02461097,0.23,0.19,0.27,0.24,03/01/19
03/01/19,21/06/19,142.07,230,168.96,0.46290411,0.33629,0.02461097,0.235,0.18,0.29,0.2,03/01/19
03/01/19,21/06/19,142.07,235,168.96,0.46290411,0.34325,0.02461097,0.22,0.15,0.29,0.17,03/01/19
03/01/19,21/06/19,142.07,240,168.96,0.46290411,0.33651,0.02461097,0.145,0.12,0.17,0.15,03/01/19
03/01/19,21/06/19,142.07,245,168.96,0.46290411,0.34452,0.02461097,0.135,0.12,0.15,0.14,03/01/19
03/01/19,21/06/19,142.07,250,168.96,0.46290411,0.35191,0.02461097,0.13,0.11,0.15,0.11,03/01/19
03/01/19,21/06/19,142.07,255,168.96,0.46290411,0.35575,0.02461097,0.11,0.09,0.13,0.1,03/01/19
03/01/19,21/06/19,142.07,260,168.96,0.46290411,0.35769,0.02461097,0.09,0.06,0.12,0.09,03/01/19
03/01/19,21/06/19,142.07,265,168.96,0.46290411,0.38482,0.02461097,0.135,0.05,0.22,0.1,03/01/19
03/01/19,21/06/19,142.07,270,168.96,0.46290411,0.35316,0.02461097,0.05,0,0.1,0.07,03/01/19
03/01/19,21/06/19,142.07,275,168.96,0.46290411,0.35825,0.02461097,0.045,0,0.09,0.08,03/01/19
03/01/19,21/06/19,142.07,280,168.96,0.46290411,0.38076,0.02461097,0.065,0.05,0.08,0.06,03/01/19
03/01/19,21/06/19,142.07,285,168.96,0.46290411,0.38951,0.02461097,0.07,0.06,0.08,0.08,03/01/19
03/01/19,21/06/19,142.07,290,168.96,0.46290411,0.3974,0.02461097,0.065,0.05,0.08,0.14,03/01/19
03/01/19,21/06/19,142.07,295,168.96,0.46290411,0.39099,0.02461097,0.045,0.01,0.08,0.07,03/01/19
03/01/19,21/06/19,142.07,300,168.96,0.46290411,0.38873,0.02461097,0.04,0.02,0.06,0.04,03/01/19
03/01/19,21/06/19,142.07,310,168.96,0.46290411,0.4217,0.02461097,0.055,0,0.11,0.06,03/01/19
03/01/19,21/06/19,142.07,320,168.96,0.46290411,0.43241,0.02461097,0.045,0,0.09,0.01,03/01/19
03/01/19,21/06/19,142.07,330,168.96,0.46290411,0.43157,0.02461097,0.035,0.01,0.06,0.04,03/01/19
03/01/19,21/06/19,142.07,340,168.96,0.46290411,0.43132,0.02461097,0.035,0.03,0.04,0.03,03/01/19
03/01/19,19/07/19,142.07,80,196.96,0.539616438,0.62627,0.02472377,62.975,62.09,63.86,78.2,03/01/19
03/01/19,19/07/19,142.07,85,196.96,0.539616438,0.57318,0.02472377,58.23,57.36,59.1,67.11,03/01/19
03/01/19,19/07/19,142.07,90,196.96,0.539616438,0.53364,0.02472377,53.605,53.25,53.96,62.8,03/01/19
03/01/19,19/07/19,142.07,95,196.96,0.539616438,0.49996,0.02472377,49.03,48.65,49.41,63.1,03/01/19
03/01/19,19/07/19,142.07,100,196.96,0.539616438,0.47236,0.02472377,44.53,44.16,44.9,45.3,03/01/19
03/01/19,19/07/19,142.07,105,196.96,0.539616438,0.4485,0.02472377,40.155,39.66,40.65,53.65,03/01/19
03/01/19,19/07/19,142.07,110,196.96,0.539616438,0.42846,0.02472377,35.9,35.4,36.4,37.5,03/01/19
03/01/19,19/07/19,142.07,115,196.96,0.539616438,0.416,0.02472377,31.975,31.55,32.4,34,03/01/19
03/01/19,19/07/19,142.07,120,196.96,0.539616438,0.40182,0.02472377,28.145,27.75,28.54,30.24,03/01/19
03/01/19,19/07/19,142.07,125,196.96,0.539616438,0.38889,0.02472377,24.52,24.14,24.9,24.65,03/01/19
03/01/19,19/07/19,142.07,130,196.96,0.539616438,0.37885,0.02472377,21.205,21,21.41,21.5,03/01/19
03/01/19,19/07/19,142.07,135,196.96,0.539616438,0.36697,0.02472377,18.08,17.86,18.3,18.21,03/01/19
03/01/19,19/07/19,142.07,140,196.96,0.539616438,0.35886,0.02472377,15.3,15.15,15.45,15.37,03/01/19
03/01/19,19/07/19,142.07,145,196.96,0.539616438,0.3518,0.02472377,12.85,12.75,12.95,12.82,03/01/19
03/01/19,19/07/19,142.07,150,196.96,0.539616438,0.34378,0.02472377,10.57,10.45,10.69,10.61,03/01/19
03/01/19,19/07/19,142.07,155,196.96,0.539616438,0.33665,0.02472377,8.645,8.49,8.8,8.63,03/01/19
03/01/19,19/07/19,142.07,160,196.96,0.539616438,0.32944,0.02472377,6.945,6.79,7.1,6.96,03/01/19
03/01/19,19/07/19,142.07,165,196.96,0.539616438,0.32601,0.02472377,5.62,5.49,5.75,5.65,03/01/19
03/01/19,19/07/19,142.07,170,196.96,0.539616438,0.32009,0.02472377,4.425,4.3,4.55,4.45,03/01/19
03/01/19,19/07/19,142.07,175,196.96,0.539616438,0.31389,0.02472377,3.4,3.2,3.6,3.4,03/01/19
03/01/19,19/07/19,142.07,180,196.96,0.539616438,0.31309,0.02472377,2.7,2.6,2.8,2.7,03/01/19
03/01/19,19/07/19,142.07,185,196.96,0.539616438,0.30856,0.02472377,2.07,1.96,2.18,2.11,03/01/19
03/01/19,19/07/19,142.07,190,196.96,0.539616438,0.30973,0.02472377,1.67,1.6,1.74,1.65,03/01/19
03/01/19,19/07/19,142.07,195,196.96,0.539616438,0.30907,0.02472377,1.3,1.24,1.36,1.27,03/01/19
03/01/19,19/07/19,142.07,200,196.96,0.539616438,0.30601,0.02472377,0.975,0.95,1,0.99,03/01/19
03/01/19,19/07/19,142.07,205,196.96,0.539616438,0.30391,0.02472377,0.74,0.63,0.85,0.8,03/01/19
03/01/19,19/07/19,142.07,210,196.96,0.539616438,0.3048,0.02472377,0.585,0.51,0.66,0.62,03/01/19
03/01/19,19/07/19,142.07,215,196.96,0.539616438,0.31099,0.02472377,0.51,0.47,0.55,0.51,03/01/19
03/01/19,19/07/19,142.07,220,196.96,0.539616438,0.30794,0.02472377,0.37,0.26,0.48,0.41,03/01/19
03/01/19,19/07/19,142.07,225,196.96,0.539616438,0.31811,0.02472377,0.345,0.3,0.39,0.33,03/01/19
03/01/19,19/07/19,142.07,230,196.96,0.539616438,0.30861,0.02472377,0.225,0.13,0.32,0.27,03/01/19
03/01/19,19/07/19,142.07,235,196.96,0.539616438,0.31637,0.02472377,0.2,0.08,0.32,0.49,03/01/19
03/01/19,19/07/19,142.07,240,196.96,0.539616438,0.3261,0.02472377,0.2,0.16,0.24,0.21,03/01/19
03/01/19,19/07/19,142.07,245,196.96,0.539616438,0.32815,0.02472377,0.165,0.14,0.19,0.18,03/01/19
03/01/19,19/07/19,142.07,250,196.96,0.539616438,0.33415,0.02472377,0.15,0.12,0.18,0.18,03/01/19
03/01/19,19/07/19,142.07,255,196.96,0.539616438,0.33913,0.02472377,0.14,0,0.28,0.31,03/01/19
03/01/19,19/07/19,142.07,260,196.96,0.539616438,0.35762,0.02472377,0.17,0.07,0.27,0.25,03/01/19
03/01/19,19/07/19,142.07,265,196.96,0.539616438,0.35528,0.02472377,0.13,0,0.26,0.47,03/01/19
03/01/19,19/07/19,142.07,270,196.96,0.539616438,0.37458,0.02472377,0.17,0.09,0.25,0.1,03/01/19
03/01/19,19/07/19,142.07,275,196.96,0.539616438,0.36861,0.02472377,0.115,0,0.23,0.09,03/01/19
03/01/19,19/07/19,142.07,280,196.96,0.539616438,0.35001,0.02472377,0.06,0,0.12,0.06,03/01/19
03/01/19,19/07/19,142.07,285,196.96,0.539616438,0.3874,0.02472377,0.125,0.04,0.21,0.13,03/01/19
03/01/19,19/07/19,142.07,290,196.96,0.539616438,0.39509,0.02472377,0.125,0.07,0.18,0.09,03/01/19
03/01/19,17/01/20,142.07,50,379,1.038356164,0.97041,0.024957808,92.575,91.8,93.35,95.55,03/01/19
03/01/19,17/01/20,142.07,55,379,1.038356164,0.85023,0.024957808,87.7,87.05,88.35,89.53,03/01/19
03/01/19,17/01/20,142.07,60,379,1.038356164,0.74512,0.024957808,82.73,81.95,83.51,83.85,03/01/19
03/01/19,17/01/20,142.07,65,379,1.038356164,0.638,0.024957808,77.445,76.5,78.39,103.4,03/01/19
03/01/19,17/01/20,142.07,70,379,1.038356164,0.59392,0.024957808,73,72.25,73.75,85.05,03/01/19
03/01/19,17/01/20,142.07,75,379,1.038356164,0.53899,0.024957808,68.225,67.35,69.1,69.97,03/01/19
03/01/19,17/01/20,142.07,80,379,1.038356164,0.49666,0.024957808,63.56,63.06,64.06,63.6,03/01/19
03/01/19,17/01/20,142.07,85,379,1.038356164,0.4671,0.024957808,59.05,58.55,59.55,70.3,03/01/19
03/01/19,17/01/20,142.07,90,379,1.038356164,0.45521,0.024957808,54.93,54.65,55.21,54.85,03/01/19
03/01/19,17/01/20,142.07,95,379,1.038356164,0.42415,0.024957808,50.325,49.8,50.85,52.67,03/01/19
03/01/19,17/01/20,142.07,100,379,1.038356164,0.41526,0.024957808,46.375,46.05,46.7,46.3,03/01/19
03/01/19,17/01/20,142.07,105,379,1.038356164,0.40017,0.024957808,42.305,41.76,42.85,42.68,03/01/19
03/01/19,17/01/20,142.07,110,379,1.038356164,0.39082,0.024957808,38.52,38.3,38.74,38.95,03/01/19
03/01/19,17/01/20,142.07,115,379,1.038356164,0.37494,0.024957808,34.65,34.35,34.95,34.88,03/01/19
03/01/19,17/01/20,142.07,120,379,1.038356164,0.36657,0.024957808,31.17,30.9,31.44,31.55,03/01/19
03/01/19,17/01/20,142.07,125,379,1.038356164,0.36006,0.024957808,27.95,27.7,28.2,28.55,03/01/19
03/01/19,17/01/20,142.07,130,379,1.038356164,0.35385,0.024957808,24.945,24.8,25.09,25,03/01/19
03/01/19,17/01/20,142.07,135,379,1.038356164,0.34623,0.024957808,22.1,22,22.2,22.25,03/01/19
03/01/19,17/01/20,142.07,140,379,1.038356164,0.34041,0.024957808,19.45,19.35,19.55,19.5,03/01/19
03/01/19,17/01/20,142.07,145,379,1.038356164,0.33445,0.024957808,17.07,16.99,17.15,17.2,03/01/19
03/01/19,17/01/20,142.07,150,379,1.038356164,0.32993,0.024957808,14.9,14.85,14.95,14.95,03/01/19
03/01/19,17/01/20,142.07,155,379,1.038356164,0.32449,0.024957808,12.875,12.8,12.95,12.95,03/01/19
03/01/19,17/01/20,142.07,160,379,1.038356164,0.31977,0.024957808,11.125,11,11.25,11.15,03/01/19
03/01/19,17/01/20,142.07,165,379,1.038356164,0.31556,0.024957808,9.55,9.5,9.6,9.55,03/01/19
03/01/19,17/01/20,142.07,170,379,1.038356164,0.31188,0.024957808,8.12,8,8.24,8.25,03/01/19
03/01/19,17/01/20,142.07,175,379,1.038356164,0.30712,0.024957808,6.845,6.75,6.94,6.88,03/01/19
03/01/19,17/01/20,142.07,180,379,1.038356164,0.3047,0.024957808,5.855,5.81,5.9,5.85,03/01/19
03/01/19,17/01/20,142.07,185,379,1.038356164,0.30144,0.024957808,4.9,4.8,5,4.91,03/01/19
03/01/19,17/01/20,142.07,190,379,1.038356164,0.30146,0.024957808,4.225,4.1,4.35,4.22,03/01/19
03/01/19,17/01/20,142.07,195,379,1.038356164,0.29982,0.024957808,3.605,3.51,3.7,3.55,03/01/19
03/01/19,17/01/20,142.07,200,379,1.038356164,0.29727,0.024957808,3.005,2.91,3.1,3.15,03/01/19
03/01/19,17/01/20,142.07,205,379,1.038356164,0.29589,0.024957808,2.505,2.4,2.61,2.51,03/01/19
03/01/19,17/01/20,142.07,210,379,1.038356164,0.29489,0.024957808,2.105,2,2.21,2.15,03/01/19
03/01/19,17/01/20,142.07,215,379,1.038356164,0.29342,0.024957808,1.755,1.63,1.88,1.82,03/01/19
03/01/19,17/01/20,142.07,220,379,1.038356164,0.29483,0.024957808,1.535,1.5,1.57,1.54,03/01/19
03/01/19,17/01/20,142.07,225,379,1.038356164,0.29438,0.024957808,1.305,1.26,1.35,1.29,03/01/19
03/01/19,17/01/20,142.07,230,379,1.038356164,0.29554,0.024957808,1.13,1.1,1.16,1.13,03/01/19
03/01/19,17/01/20,142.07,235,379,1.038356164,0.29515,0.024957808,0.95,0.89,1.01,0.95,03/01/19
03/01/19,17/01/20,142.07,240,379,1.038356164,0.29709,0.024957808,0.83,0.79,0.87,0.83,03/01/19
03/01/19,17/01/20,142.07,245,379,1.038356164,0.29369,0.024957808,0.66,0.55,0.77,0.72,03/01/19
03/01/19,17/01/20,142.07,250,379,1.038356164,0.30071,0.024957808,0.66,0.64,0.68,0.64,03/01/19
03/01/19,17/01/20,142.07,255,379,1.038356164,0.30045,0.024957808,0.55,0.49,0.61,0.59,03/01/19
03/01/19,17/01/20,142.07,260,379,1.038356164,0.30364,0.024957808,0.505,0.46,0.55,0.52,03/01/19
03/01/19,17/01/20,142.07,270,379,1.038356164,0.3087,0.024957808,0.415,0.39,0.44,0.41,03/01/19
03/01/19,17/01/20,142.07,280,379,1.038356164,0.31476,0.024957808,0.345,0.33,0.36,0.35,03/01/19
03/01/19,17/01/20,142.07,290,379,1.038356164,0.31799,0.024957808,0.285,0.26,0.31,0.29,03/01/19
03/01/19,17/01/20,142.07,300,379,1.038356164,0.32454,0.024957808,0.24,0.21,0.27,0.23,03/01/19
03/01/19,17/01/20,142.07,310,379,1.038356164,0.31949,0.024957808,0.165,0.1,0.23,0.22,03/01/19
03/01/19,17/01/20,142.07,320,379,1.038356164,0.33436,0.024957808,0.175,0.15,0.2,0.16,03/01/19
03/01/19,17/01/20,142.07,330,379,1.038356164,0.32671,0.024957808,0.12,0.06,0.18,0.15,03/01/19
03/01/19,17/01/20,142.07,340,379,1.038356164,0.34406,0.024957808,0.15,0.11,0.19,0.15,03/01/19
03/01/19,19/06/20,142.07,80,532.96,1.460164384,0.43849,0.024493819,63.88,62.96,64.8,78.5,03/01/19
03/01/19,19/06/20,142.07,85,532.96,1.460164384,0.4188,0.024493819,59.55,58.65,60.45,59.5,03/01/19
03/01/19,19/06/20,142.07,90,532.96,1.460164384,0.40873,0.024493819,55.495,54.69,56.3,61.8,03/01/19
03/01/19,19/06/20,142.07,95,532.96,1.460164384,0.39627,0.024493819,51.455,50.6,52.31,51.5,03/01/19
03/01/19,19/06/20,142.07,100,532.96,1.460164384,0.38826,0.024493819,47.63,46.75,48.51,49.5,03/01/19
03/01/19,19/06/20,142.07,105,532.96,1.460164384,0.38385,0.024493819,44.1,43.45,44.75,53.9,03/01/19
03/01/19,19/06/20,142.07,110,532.96,1.460164384,0.37485,0.024493819,40.495,39.74,41.25,42.2,03/01/19
03/01/19,19/06/20,142.07,115,532.96,1.460164384,0.36879,0.024493819,37.14,36.44,37.84,38.52,03/01/19
03/01/19,19/06/20,142.07,120,532.96,1.460164384,0.36357,0.024493819,33.95,33.24,34.66,33.87,03/01/19
03/01/19,19/06/20,142.07,125,532.96,1.460164384,0.35712,0.024493819,30.925,30.2,31.65,30.7,03/01/19
03/01/19,19/06/20,142.07,130,532.96,1.460164384,0.35301,0.024493819,28.155,27.5,28.81,28.14,03/01/19
03/01/19,19/06/20,142.07,135,532.96,1.460164384,0.34905,0.024493819,25.555,24.91,26.2,25.2,03/01/19
03/01/19,19/06/20,142.07,140,532.96,1.460164384,0.33864,0.024493819,22.675,21.7,23.65,22.61,03/01/19
03/01/19,19/06/20,142.07,145,532.96,1.460164384,0.3375,0.024493819,20.55,19.75,21.35,20.35,03/01/19
03/01/19,19/06/20,142.07,150,532.96,1.460164384,0.3308,0.024493819,18.225,17.85,18.6,18.2,03/01/19
03/01/19,19/06/20,142.07,155,532.96,1.460164384,0.32577,0.024493819,16.2,15.36,17.04,16.3,03/01/19
03/01/19,19/06/20,142.07,160,532.96,1.460164384,0.32398,0.024493819,14.55,14.15,14.95,14.6,03/01/19
03/01/19,19/06/20,142.07,165,532.96,1.460164384,0.31743,0.024493819,12.7,12.4,13,12.96,03/01/19
03/01/19,19/06/20,142.07,170,532.96,1.460164384,0.31863,0.024493819,11.525,10.9,12.15,11.5,03/01/19
03/01/19,19/06/20,142.07,175,532.96,1.460164384,0.31638,0.024493819,10.17,9.6,10.74,10.1,03/01/19
03/01/19,19/06/20,142.07,180,532.96,1.460164384,0.31459,0.024493819,9.06,8.76,9.36,8.9,03/01/19
03/01/19,19/06/20,142.07,185,532.96,1.460164384,0.30661,0.024493819,7.68,7.1,8.26,7.95,03/01/19
03/01/19,19/06/20,142.07,190,532.96,1.460164384,0.3097,0.024493819,7.005,6.8,7.21,7.55,03/01/19
03/01/19,19/06/20,142.07,195,532.96,1.460164384,0.30708,0.024493819,6.095,5.79,6.4,6,03/01/19
03/01/19,19/06/20,142.07,200,532.96,1.460164384,0.30807,0.024493819,5.525,5.3,5.75,5.35,03/01/19
03/01/19,19/06/20,142.07,205,532.96,1.460164384,0.30504,0.024493819,4.775,4.61,4.94,4.73,03/01/19
03/01/19,19/06/20,142.07,210,532.96,1.460164384,0.30634,0.024493819,4.32,4,4.64,4.45,03/01/19
03/01/19,19/06/20,142.07,215,532.96,1.460164384,0.29752,0.024493819,3.485,2.97,4,3.7,03/01/19
03/01/19,19/06/20,142.07,220,532.96,1.460164384,0.30273,0.024493819,3.285,3.06,3.51,3.25,03/01/19
03/01/19,19/06/20,142.07,225,532.96,1.460164384,0.30447,0.024493819,2.975,2.85,3.1,2.9,03/01/19
03/01/19,19/06/20,142.07,230,532.96,1.460164384,0.31012,0.024493819,2.85,2.4,3.3,2.67,03/01/19
03/01/19,19/06/20,142.07,235,532.96,1.460164384,0.30338,0.024493819,2.31,1.66,2.96,2.37,03/01/19
03/01/19,19/06/20,142.07,240,532.96,1.460164384,0.30304,0.024493819,2.055,1.44,2.67,2.05,03/01/19
03/01/19,19/06/20,142.07,245,532.96,1.460164384,0.30362,0.024493819,1.845,1.26,2.43,1.81,03/01/19
03/01/19,19/06/20,142.07,250,532.96,1.460164384,0.3086,0.024493819,1.77,1.32,2.22,1.6,03/01/19
03/01/19,19/06/20,142.07,260,532.96,1.460164384,0.31667,0.024493819,1.585,1.31,1.86,1.34,03/01/19
03/01/19,19/06/20,142.07,270,532.96,1.460164384,0.31726,0.024493819,1.295,1,1.59,1.07,03/01/19
03/01/19,19/06/20,142.07,280,532.96,1.460164384,0.31226,0.024493819,0.95,0.85,1.05,0.9,03/01/19
03/01/19,19/06/20,142.07,290,532.96,1.460164384,0.32737,0.024493819,0.99,0.7,1.28,0.78,03/01/19
03/01/19,19/06/20,142.07,300,532.96,1.460164384,0.31943,0.024493819,0.7,0.65,0.75,0.71,03/01/19
03/01/19,19/06/20,142.07,310,532.96,1.460164384,0.33855,0.024493819,0.82,0.55,1.09,0.57,03/01/19
03/01/19,19/06/20,142.07,320,532.96,1.460164384,0.33915,0.024493819,0.685,0.35,1.02,0.61,03/01/19
03/01/19,19/06/20,142.07,330,532.96,1.460164384,0.34768,0.024493819,0.675,0.41,0.94,0.4,03/01/19
03/01/19,19/06/20,142.07,340,532.96,1.460164384,0.34944,0.024493819,0.585,0.31,0.86,0.45,03/01/19
03/01/19,15/01/21,142.07,75,743,2.035616438,0.46802,0.023885753,70.125,68.3,71.95,69.62,03/01/19
03/01/19,15/01/21,142.07,80,743,2.035616438,0.4207,0.023885753,65.025,62.55,67.5,66.4,03/01/19
03/01/19,15/01/21,142.07,85,743,2.035616438,0.40754,0.023885753,60.995,58.5,63.49,75.08,03/01/19
03/01/19,15/01/21,142.07,90,743,2.035616438,0.38333,0.023885753,56.55,55.4,57.7,57.28,03/01/19
03/01/19,15/01/21,142.07,95,743,2.035616438,0.38369,0.023885753,53.12,52.25,53.99,55.8,03/01/19
03/01/19,15/01/21,142.07,100,743,2.035616438,0.37811,0.023885753,49.63,49.5,49.76,49.75,03/01/19
03/01/19,15/01/21,142.07,105,743,2.035616438,0.37002,0.023885753,46.045,43.99,48.1,47.62,03/01/19
03/01/19,15/01/21,142.07,110,743,2.035616438,0.37083,0.023885753,43.09,42.49,43.69,43,03/01/19
03/01/19,15/01/21,142.07,115,743,2.035616438,0.35683,0.023885753,39.425,38.4,40.45,40.62,03/01/19
03/01/19,15/01/21,142.07,120,743,2.035616438,0.36186,0.023885753,37.075,36.7,37.45,37,03/01/19
03/01/19,15/01/21,142.07,125,743,2.035616438,0.35804,0.023885753,34.33,33.66,35,35.15,03/01/19
03/01/19,15/01/21,142.07,130,743,2.035616438,0.35571,0.023885753,31.805,31.41,32.2,31.53,03/01/19
03/01/19,15/01/21,142.07,135,743,2.035616438,0.34778,0.023885753,29,28.5,29.5,29.5,03/01/19
03/01/19,15/01/21,142.07,140,743,2.035616438,0.34488,0.023885753,26.675,26.35,27,26.5,03/01/19
03/01/19,15/01/21,142.07,145,743,2.035616438,0.3413,0.023885753,24.45,24.1,24.8,24.55,03/01/19
03/01/19,15/01/21,142.07,150,743,2.035616438,0.33866,0.023885753,22.445,22.1,22.79,22.1,03/01/19
03/01/19,15/01/21,142.07,155,743,2.035616438,0.33481,0.023885753,20.455,20.01,20.9,20.3,03/01/19
03/01/19,15/01/21,142.07,160,743,2.035616438,0.32941,0.023885753,18.47,18,18.94,18.65,03/01/19
03/01/19,15/01/21,142.07,165,743,2.035616438,0.32717,0.023885753,16.87,16.25,17.49,16.7,03/01/19
03/01/19,15/01/21,142.07,170,743,2.035616438,0.32191,0.023885753,15.15,15,15.3,15.2,03/01/19
03/01/19,15/01/21,142.07,175,743,2.035616438,0.32246,0.023885753,13.975,13.5,14.45,14,03/01/19
03/01/19,15/01/21,142.07,180,743,2.035616438,0.31763,0.023885753,12.455,12.35,12.56,12.52,03/01/19
03/01/19,15/01/21,142.07,185,743,2.035616438,0.31384,0.023885753,11.2,10.7,11.7,11.52,03/01/19
03/01/19,15/01/21,142.07,190,743,2.035616438,0.31672,0.023885753,10.43,9.91,10.95,10.19,03/01/19
03/01/19,15/01/21,142.07,195,743,2.035616438,0.31487,0.023885753,9.45,9,9.9,9.95,03/01/19
03/01/19,15/01/21,142.07,200,743,2.035616438,0.31097,0.023885753,8.395,8.25,8.54,8.3,03/01/19
03/01/19,15/01/21,142.07,205,743,2.035616438,0.3085,0.023885753,7.54,6.99,8.09,7.3,03/01/19
03/01/19,15/01/21,142.07,210,743,2.035616438,0.30865,0.023885753,6.9,6.35,7.45,6.87,03/01/19
03/01/19,15/01/21,142.07,215,743,2.035616438,0.30555,0.023885753,6.125,5.25,7,6.37,03/01/19
03/01/19,15/01/21,142.07,220,743,2.035616438,0.30439,0.023885753,5.525,5.05,6,5.57,03/01/19
03/01/19,15/01/21,142.07,225,743,2.035616438,0.30439,0.023885753,5.08,4.76,5.4,4.76,03/01/19
03/01/19,15/01/21,142.07,230,743,2.035616438,0.29887,0.023885753,4.355,3.75,4.96,4.3,03/01/19
03/01/19,15/01/21,142.07,235,743,2.035616438,0.29758,0.023885753,3.9,3.5,4.3,4.39,03/01/19
03/01/19,15/01/21,142.07,240,743,2.035616438,0.30169,0.023885753,3.745,3.39,4.1,3.83,03/01/19
03/01/19,15/01/21,142.07,245,743,2.035616438,0.29955,0.023885753,3.295,2.6,3.99,3.7,03/01/19
03/01/19,15/01/21,142.07,250,743,2.035616438,0.30381,0.023885753,3.21,3.01,3.41,3.1,03/01/19
03/01/19,15/01/21,142.07,255,743,2.035616438,0.30294,0.023885753,2.895,2.49,3.3,3.25,03/01/19
03/01/19,15/01/21,142.07,260,743,2.035616438,0.30249,0.023885753,2.6,2,3.2,2.7,03/01/19
03/01/19,15/01/21,142.07,265,743,2.035616438,0.3014,0.023885753,2.36,0.82,3.9,2.41,03/01/19
03/01/19,15/01/21,142.07,270,743,2.035616438,0.30331,0.023885753,2.21,1.9,2.52,2.2,03/01/19
03/01/19,15/01/21,142.07,280,743,2.035616438,0.30666,0.023885753,1.935,1.72,2.15,1.9,03/01/19
03/01/19,15/01/21,142.07,290,743,2.035616438,0.28615,0.023885753,1.135,0.35,1.92,1.55,03/01/19
03/01/19,15/01/21,142.07,300,743,2.035616438,0.30695,0.023885753,1.385,1.32,1.45,1.4,03/01/19
03/01/19,15/01/21,142.07,310,743,2.035616438,0.30664,0.023885753,1.17,0.77,1.57,1.31,03/01/19
03/01/19,15/01/21,142.07,320,743,2.035616438,0.3298,0.023885753,1.48,0.98,1.98,1.08,03/01/19
03/01/19,15/01/21,142.07,330,743,2.035616438,0.31235,0.023885753,0.915,0.04,1.79,0.88,03/01/19
03/01/19,15/01/21,142.07,340,743,2.035616438,0.31849,0.023885753,0.885,0.58,1.19,0.87,03/01/19
03/01/19,15/01/21,142.07,350,743,2.035616438,0.32469,0.023885753,0.85,0.64,1.06,0.65,03/01/19
03/01/19,15/01/21,142.07,360,743,2.035616438,0.32154,0.023885753,0.685,0.01,1.36,0.6,03/01/19
03/01/19,15/01/21,142.07,370,743,2.035616438,0.33749,0.023885753,0.82,0.37,1.27,0.52,03/01/19
03/01/19,15/01/21,142.07,380,743,2.035616438,0.33575,0.023885753,0.69,0.54,0.84,0.55,03/01/19
04/01/19,04/01/19,148.24,135,0,0,1.44866,0.024,13.8,12.94,14.66,12.35,04/01/19
04/01/19,04/01/19,148.24,137,0,0,1.28007,0.024,11.805,10.95,12.66,10.45,04/01/19
04/01/19,04/01/19,148.24,138,0,0,1.10946,0.024,10.675,9.6,11.75,9.45,04/01/19
04/01/19,04/01/19,148.24,139,0,0,1.16871,0.024,9.905,8.96,10.85,8.23,04/01/19
04/01/19,04/01/19,148.24,140,0,0,1.18445,0.024,9.095,7.9,10.29,7.75,04/01/19
04/01/19,04/01/19,148.24,141,0,0,0.97426,0.024,7.875,6.85,8.9,6.73,04/01/19
04/01/19,04/01/19,148.24,142,0,0,0.50722,0.024,6.325,5.9,6.75,6.4,04/01/19
04/01/19,04/01/19,148.24,143,0,0,0.77669,0.024,5.85,4.9,6.8,5,04/01/19
04/01/19,04/01/19,148.24,146,0,0,0.18518,0.024,2.275,2.21,2.34,2.36,04/01/19
04/01/19,04/01/19,148.24,147,0,0,0.18198,0.024,1.39,1.21,1.57,1.2,04/01/19
04/01/19,04/01/19,148.24,148,0,0,0.03836,0.024,0.28,0.26,0.3,0.32,04/01/19
04/01/19,04/01/19,148.24,149,0,0,0.05285,0.024,0.005,0,0.01,0.01,04/01/19
04/01/19,04/01/19,148.24,150,0,0,0.10669,0.024,0.005,0,0.01,0.01,04/01/19
04/01/19,04/01/19,148.24,152.5,0,0,0.22678,0.024,0.01,0,0.02,0.01,04/01/19
04/01/19,04/01/19,148.24,155,0,0,0.33745,0.024,0.005,0,0.01,0.01,04/01/19
04/01/19,04/01/19,148.24,157.5,0,0,0.44313,0.024,0.005,0,0.01,0.01,04/01/19
04/01/19,04/01/19,148.24,160,0,0,0.54449,0.024,0,0,0,0.01,04/01/19
04/01/19,04/01/19,148.24,162.5,0,0,0.64236,0.024,0,0,0,0.01,04/01/19
04/01/19,04/01/19,148.24,165,0,0,0.73738,0.024,0.005,0,0.01,0.01,04/01/19
04/01/19,04/01/19,148.24,167.5,0,0,0.83024,0.024,0,0,0,0.01,04/01/19
04/01/19,04/01/19,148.24,170,0,0,0.92023,0.024,0.005,0,0.01,0.01,04/01/19
04/01/19,04/01/19,148.24,172.5,0,0,1.00751,0.024,0.005,0,0.01,0.01,04/01/19
04/01/19,04/01/19,148.24,175,0,0,1.09391,0.024,0.005,0,0.01,0.01,04/01/19
04/01/19,04/01/19,148.24,177.5,0,0,1.17762,0.024,0.005,0,0.01,0.01,04/01/19
04/01/19,04/01/19,148.24,180,0,0,1.26047,0.024,0.005,0,0.01,0.01,04/01/19
04/01/19,04/01/19,148.24,182.5,0,0,1.34047,0.024,0.01,0,0.02,0.01,04/01/19
04/01/19,04/01/19,148.24,185,0,0,1.41994,0.024,0.005,0,0.01,0.02,04/01/19
04/01/19,04/01/19,148.24,187.5,0,0,1.49695,0.024,0.005,0,0.01,0.01,04/01/19
04/01/19,04/01/19,148.24,190,0,0,1.57306,0.024,0.005,0,0.01,0.01,04/01/19
04/01/19,04/01/19,148.24,192.5,0,0,1.64787,0.024,0.005,0,0.01,0.01,04/01/19
04/01/19,04/01/19,148.24,195,0,0,3.5713,0.024,1,0,2,0.01,04/01/19
04/01/19,04/01/19,148.24,197.5,0,0,1.79409,0.024,0.005,0,0.01,0.01,04/01/19
04/01/19,04/01/19,148.24,200,0,0,1.86488,0.024,0.005,0,0.01,0.01,04/01/19
04/01/19,04/01/19,148.24,202.5,0,0,2.25028,0.024,0.025,0,0.05,0.01,04/01/19
04/01/19,04/01/19,148.24,205,0,0,2.00295,0.024,0.005,0,0.01,0.01,04/01/19
04/01/19,04/01/19,148.24,207.5,0,0,2.07071,0.024,0.005,0,0.01,0.02,04/01/19
04/01/19,04/01/19,148.24,210,0,0,2.13763,0.024,0.005,0,0.01,0.01,04/01/19
04/01/19,04/01/19,148.24,212.5,0,0,4.43414,0.024,1.065,0,2.13,0.14,04/01/19
04/01/19,04/01/19,148.24,215,0,0,2.26795,0.024,0.005,0,0.01,0.13,04/01/19
04/01/19,04/01/19,148.24,220,0,0,2.39426,0.024,0.005,0,0.01,0.01,04/01/19
04/01/19,04/01/19,148.24,225,0,0,2.51741,0.024,0.01,0,0.02,0.01,04/01/19
04/01/19,11/01/19,148.24,110,7,0.019178082,0.71821,0.024,38.245,37.84,38.65,34.04,04/01/19
04/01/19,11/01/19,148.24,112,7,0.019178082,0.77438,0.024,36.27,35.85,36.69,0,04/01/19
04/01/19,11/01/19,148.24,115,7,0.019178082,0.62031,0.024,33.255,32.8,33.71,33.26,04/01/19
04/01/19,11/01/19,148.24,116,7,0.019178082,0.68711,0.024,32.285,31.86,32.71,0,04/01/19
04/01/19,11/01/19,148.24,117,7,0.019178082,0.57902,0.024,31.25,30.85,31.65,0,04/01/19
04/01/19,11/01/19,148.24,118,7,0.019178082,0.64391,0.024,30.27,29.79,30.75,0,04/01/19
04/01/19,11/01/19,148.24,119,7,0.019178082,0.62237,0.024,29.28,28.91,29.65,0,04/01/19
04/01/19,11/01/19,148.24,120,7,0.019178082,0.60161,0.024,28.27,27.79,28.75,35.86,04/01/19
04/01/19,11/01/19,148.24,122,7,0.019178082,0.55957,0.024,26.27,25.8,26.74,0,04/01/19
04/01/19,11/01/19,148.24,123,7,0.019178082,0.53833,0.024,25.27,24.8,25.74,0,04/01/19
04/01/19,11/01/19,148.24,124,7,0.019178082,0.51795,0.024,24.275,23.8,24.75,20.45,04/01/19
04/01/19,11/01/19,148.24,125,7,0.019178082,0.53454,0.024,23.295,23.15,23.44,21.88,04/01/19
04/01/19,11/01/19,148.24,126,7,0.019178082,0.54021,0.024,22.315,22.19,22.44,18.35,04/01/19
04/01/19,11/01/19,148.24,127,7,0.019178082,0.55814,0.024,21.37,21.15,21.59,16.1,04/01/19
04/01/19,11/01/19,148.24,128,7,0.019178082,0.516,0.024,20.35,20.14,20.56,17.5,04/01/19
04/01/19,11/01/19,148.24,129,7,0.019178082,0.49268,0.024,19.35,19.2,19.5,19,04/01/19
04/01/19,11/01/19,148.24,130,7,0.019178082,0.4864,0.024,18.375,18.25,18.5,17.55,04/01/19
04/01/19,11/01/19,148.24,131,7,0.019178082,0.46295,0.024,17.38,17.25,17.51,14.66,04/01/19
04/01/19,11/01/19,148.24,132,7,0.019178082,0.45327,0.024,16.39,16.24,16.54,11.25,04/01/19
04/01/19,11/01/19,148.24,133,7,0.019178082,0.44199,0.024,15.435,15.31,15.56,14.96,04/01/19
04/01/19,11/01/19,148.24,134,7,0.019178082,0.43773,0.024,14.475,14.3,14.65,9.95,04/01/19
04/01/19,11/01/19,148.24,135,7,0.019178082,0.42136,0.024,13.505,13.35,13.66,13.04,04/01/19
04/01/19,11/01/19,148.24,136,7,0.019178082,0.40458,0.024,12.52,12.39,12.65,11.7,04/01/19
04/01/19,11/01/19,148.24,137,7,0.019178082,0.39286,0.024,11.575,11.45,11.7,11.62,04/01/19
04/01/19,11/01/19,148.24,138,7,0.019178082,0.37886,0.024,10.625,10.5,10.75,10.4,04/01/19
04/01/19,11/01/19,148.24,139,7,0.019178082,0.37496,0.024,9.725,9.6,9.85,9.17,04/01/19
04/01/19,11/01/19,148.24,140,7,0.019178082,0.36673,0.024,8.83,8.71,8.95,8.45,04/01/19
04/01/19,11/01/19,148.24,141,7,0.019178082,0.35866,0.024,7.945,7.84,8.05,7.18,04/01/19
04/01/19,11/01/19,148.24,142,7,0.019178082,0.35054,0.024,7.1,7,7.2,7.05,04/01/19
04/01/19,11/01/19,148.24,143,7,0.019178082,0.34223,0.024,6.275,6.2,6.35,6.2,04/01/19
04/01/19,11/01/19,148.24,144,7,0.019178082,0.3366,0.024,5.495,5.39,5.6,5.48,04/01/19
04/01/19,11/01/19,148.24,145,7,0.019178082,0.32815,0.024,4.755,4.71,4.8,4.77,04/01/19
04/01/19,11/01/19,148.24,146,7,0.019178082,0.3274,0.024,4.1,4.05,4.15,4.05,04/01/19
04/01/19,11/01/19,148.24,147,7,0.019178082,0.31928,0.024,3.455,3.41,3.5,3.43,04/01/19
04/01/19,11/01/19,148.24,148,7,0.019178082,0.31227,0.024,2.855,2.83,2.88,2.85,04/01/19
04/01/19,11/01/19,148.24,149,7,0.019178082,0.30854,0.024,2.335,2.3,2.37,2.33,04/01/19
04/01/19,11/01/19,148.24,150,7,0.019178082,0.29929,0.024,1.85,1.82,1.88,1.86,04/01/19
04/01/19,11/01/19,148.24,152.5,7,0.019178082,0.28524,0.024,0.95,0.94,0.96,0.95,04/01/19
04/01/19,11/01/19,148.24,155,7,0.019178082,0.27894,0.024,0.445,0.44,0.45,0.42,04/01/19
04/01/19,11/01/19,148.24,157.5,7,0.019178082,0.27616,0.024,0.195,0.18,0.21,0.2,04/01/19
04/01/19,11/01/19,148.24,160,7,0.019178082,0.28823,0.024,0.095,0.09,0.1,0.1,04/01/19
04/01/19,11/01/19,148.24,162.5,7,0.019178082,0.30549,0.024,0.045,0.04,0.05,0.05,04/01/19
04/01/19,11/01/19,148.24,165,7,0.019178082,0.32669,0.024,0.04,0.03,0.05,0.03,04/01/19
04/01/19,11/01/19,148.24,167.5,7,0.019178082,0.34918,0.024,0.025,0.01,0.04,0.03,04/01/19
04/01/19,11/01/19,148.24,170,7,0.019178082,0.38641,0.024,0.025,0.02,0.03,0.03,04/01/19
04/01/19,11/01/19,148.24,172.5,7,0.019178082,0.41156,0.024,0.02,0.01,0.03,0.02,04/01/19
04/01/19,11/01/19,148.24,175,7,0.019178082,0.43115,0.024,0.015,0.01,0.02,0.01,04/01/19
04/01/19,11/01/19,148.24,177.5,7,0.019178082,0.44452,0.024,0.005,0,0.01,0.02,04/01/19
04/01/19,11/01/19,148.24,180,7,0.019178082,0.47589,0.024,0.015,0,0.03,0.04,04/01/19
04/01/19,11/01/19,148.24,182.5,7,0.019178082,0.5056,0.024,0.005,0,0.01,0.01,04/01/19
04/01/19,11/01/19,148.24,185,7,0.019178082,0.50178,0.024,0.005,0,0.01,0.01,04/01/19
04/01/19,11/01/19,148.24,187.5,7,0.019178082,0.52971,0.024,0.005,0,0.01,0.01,04/01/19
04/01/19,11/01/19,148.24,190,7,0.019178082,0.5559,0.024,0.005,0,0.01,0.03,04/01/19
04/01/19,11/01/19,148.24,192.5,7,0.019178082,0.5827,0.024,0.01,0,0.02,0.02,04/01/19
04/01/19,11/01/19,148.24,195,7,0.019178082,0.60894,0.024,0,0,0,0.02,04/01/19
04/01/19,11/01/19,148.24,197.5,7,0.019178082,0.63433,0.024,0.005,0,0.01,0.01,04/01/19
04/01/19,11/01/19,148.24,200,7,0.019178082,0.65954,0.024,0.005,0,0.01,0.02,04/01/19
04/01/19,11/01/19,148.24,202.5,7,0.019178082,0.75442,0.024,0.015,0,0.03,0.03,04/01/19
04/01/19,11/01/19,148.24,205,7,0.019178082,0.7082,0.024,0.005,0,0.01,0.02,04/01/19
04/01/19,11/01/19,148.24,207.5,7,0.019178082,0.77575,0.024,0.01,0,0.02,0.02,04/01/19
04/01/19,11/01/19,148.24,210,7,0.019178082,0.83356,0.024,0.015,0,0.03,0.01,04/01/19
04/01/19,11/01/19,148.24,212.5,7,0.019178082,0.85756,0.024,0.01,0,0.02,0.07,04/01/19
04/01/19,11/01/19,148.24,215,7,0.019178082,0.88234,0.024,0.015,0,0.03,0.03,04/01/19
04/01/19,11/01/19,148.24,220,7,0.019178082,0.84661,0.024,0.005,0,0.01,0.01,04/01/19
04/01/19,11/01/19,148.24,225,7,0.019178082,0.97795,0.024,0.01,0,0.02,0.12,04/01/19
04/01/19,11/01/19,148.24,230,7,0.019178082,0.93263,0.024,0.005,0,0.01,0.02,04/01/19
04/01/19,11/01/19,148.24,235,7,0.019178082,1.06806,0.024,0.015,0,0.03,0.08,04/01/19
04/01/19,11/01/19,148.24,240,7,0.019178082,1.1113,0.024,0.01,0,0.02,0.02,04/01/19
04/01/19,11/01/19,148.24,245,7,0.019178082,1.15299,0.024,0.01,0,0.02,0.02,04/01/19
04/01/19,11/01/19,148.24,250,7,0.019178082,1.19431,0.024,0.015,0,0.03,0.01,04/01/19
04/01/19,18/01/19,148.24,10,14,0.038356164,4.90577,0.024,138.27,137.8,138.74,160.8,04/01/19
04/01/19,18/01/19,148.24,12.5,14,0.038356164,4.47936,0.024,135.775,135.3,136.25,161.45,04/01/19
04/01/19,18/01/19,148.24,20,14,0.038356164,3.81768,0.024,128.295,127.79,128.8,151.95,04/01/19
04/01/19,18/01/19,148.24,22.5,14,0.038356164,3.59094,0.024,125.81,125.31,126.31,159,04/01/19
04/01/19,18/01/19,148.24,25,14,0.038356164,3.39053,0.024,123.295,122.8,123.79,145.85,04/01/19
04/01/19,18/01/19,148.24,40,14,0.038356164,2.11455,0.024,108.245,107.84,108.65,104.9,04/01/19
04/01/19,18/01/19,148.24,42.5,14,0.038356164,2.01582,0.024,105.75,105.36,106.14,102.2,04/01/19
04/01/19,18/01/19,148.24,45,14,0.038356164,1.92708,0.024,103.255,102.86,103.65,122.02,04/01/19
04/01/19,18/01/19,148.24,47.5,14,0.038356164,2.19157,0.024,100.8,100.3,101.3,117.9,04/01/19
04/01/19,18/01/19,148.24,50,14,0.038356164,1.97969,0.024,98.275,97.85,98.7,105.4,04/01/19
04/01/19,18/01/19,148.24,55,14,0.038356164,2.16503,0.024,93.405,91.41,95.4,109.05,04/01/19
04/01/19,18/01/19,148.24,60,14,0.038356164,1.89238,0.024,88.35,87.84,88.86,85,04/01/19
04/01/19,18/01/19,148.24,65,14,0.038356164,1.35489,0.024,83.25,82.85,83.65,92.4,04/01/19
04/01/19,18/01/19,148.24,70,14,0.038356164,1.39381,0.024,78.275,77.86,78.69,72.2,04/01/19
04/01/19,18/01/19,148.24,75,14,0.038356164,1.45618,0.024,73.35,72.85,73.85,72.35,04/01/19
04/01/19,18/01/19,148.24,97.5,14,0.038356164,0.90556,0.024,50.82,50.29,51.35,60.9,04/01/19
04/01/19,18/01/19,148.24,100,14,0.038356164,0.85655,0.024,48.325,48.04,48.61,47.75,04/01/19
04/01/19,18/01/19,148.24,110,14,0.038356164,0.69382,0.024,38.345,37.89,38.8,37.35,04/01/19
04/01/19,18/01/19,148.24,111,14,0.038356164,0.65138,0.024,37.33,36.9,37.76,0,04/01/19
04/01/19,18/01/19,148.24,112,14,0.038356164,0.6571,0.024,36.35,35.85,36.85,0,04/01/19
04/01/19,18/01/19,148.24,113,14,0.038356164,0.65966,0.024,35.375,34.95,35.8,0,04/01/19
04/01/19,18/01/19,148.24,114,14,0.038356164,0.68911,0.024,34.445,33.95,34.94,0,04/01/19
04/01/19,18/01/19,148.24,115,14,0.038356164,0.63935,0.024,33.4,32.95,33.85,32.5,04/01/19
04/01/19,18/01/19,148.24,116,14,0.038356164,0.63562,0.024,32.42,31.94,32.9,0,04/01/19
04/01/19,18/01/19,148.24,117,14,0.038356164,0.58562,0.024,31.375,30.95,31.8,0,04/01/19
04/01/19,18/01/19,148.24,118,14,0.038356164,0.58327,0.024,30.395,29.9,30.89,0,04/01/19
04/01/19,18/01/19,148.24,119,14,0.038356164,0.5795,0.024,29.425,29,29.85,0,04/01/19
04/01/19,18/01/19,148.24,120,14,0.038356164,0.5849,0.024,28.48,28.3,28.66,27.98,04/01/19
04/01/19,18/01/19,148.24,121,14,0.038356164,0.57638,0.024,27.505,27.31,27.7,0,04/01/19
04/01/19,18/01/19,148.24,122,14,0.038356164,0.56631,0.024,26.525,26.3,26.75,0,04/01/19
04/01/19,18/01/19,148.24,123,14,0.038356164,0.55647,0.024,25.545,25.29,25.8,0,04/01/19
04/01/19,18/01/19,148.24,124,14,0.038356164,0.52797,0.024,24.525,24.3,24.75,0,04/01/19
04/01/19,18/01/19,148.24,125,14,0.038356164,0.51662,0.024,23.545,23.34,23.75,23.42,04/01/19
04/01/19,18/01/19,148.24,126,14,0.038356164,0.5056,0.024,22.58,22.4,22.76,0,04/01/19
04/01/19,18/01/19,148.24,127,14,0.038356164,0.4858,0.024,21.57,21.39,21.75,0,04/01/19
04/01/19,18/01/19,148.24,128,14,0.038356164,0.46527,0.024,20.575,20.45,20.7,0,04/01/19
04/01/19,18/01/19,148.24,129,14,0.038356164,0.45279,0.024,19.6,19.45,19.75,0,04/01/19
04/01/19,18/01/19,148.24,130,14,0.038356164,0.44655,0.024,18.645,18.5,18.79,18.35,04/01/19
04/01/19,18/01/19,148.24,131,14,0.038356164,0.43761,0.024,17.69,17.54,17.84,15.25,04/01/19
04/01/19,18/01/19,148.24,132,14,0.038356164,0.4283,0.024,16.745,16.6,16.89,14.25,04/01/19
04/01/19,18/01/19,148.24,133,14,0.038356164,0.41711,0.024,15.795,15.64,15.95,14.05,04/01/19
04/01/19,18/01/19,148.24,134,14,0.038356164,0.40977,0.024,14.865,14.74,14.99,13.85,04/01/19
04/01/19,18/01/19,148.24,135,14,0.038356164,0.40473,0.024,13.975,13.85,14.1,13.6,04/01/19
04/01/19,18/01/19,148.24,136,14,0.038356164,0.39807,0.024,13.085,12.96,13.21,12.45,04/01/19
04/01/19,18/01/19,148.24,137,14,0.038356164,0.39204,0.024,12.2,12.1,12.3,11.75,04/01/19
04/01/19,18/01/19,148.24,138,14,0.038356164,0.38123,0.024,11.3,11.2,11.4,10.45,04/01/19
04/01/19,18/01/19,148.24,139,14,0.038356164,0.37534,0.024,10.445,10.34,10.55,10.25,04/01/19
04/01/19,18/01/19,148.24,140,14,0.038356164,0.3667,0.024,9.6,9.5,9.7,9.35,04/01/19
04/01/19,18/01/19,148.24,141,14,0.038356164,0.36449,0.024,8.83,8.75,8.91,8.3,04/01/19
04/01/19,18/01/19,148.24,142,14,0.038356164,0.35698,0.024,8.03,7.95,8.11,7.5,04/01/19
04/01/19,18/01/19,148.24,143,14,0.038356164,0.35136,0.024,7.28,7.2,7.36,7.15,04/01/19
04/01/19,18/01/19,148.24,144,14,0.038356164,0.3479,0.024,6.575,6.5,6.65,6.4,04/01/19
04/01/19,18/01/19,148.24,145,14,0.038356164,0.33984,0.024,5.85,5.8,5.9,5.9,04/01/19
04/01/19,18/01/19,148.24,146,14,0.038356164,0.33853,0.024,5.255,5.2,5.31,5.23,04/01/19
04/01/19,18/01/19,148.24,147,14,0.038356164,0.33094,0.024,4.605,4.55,4.66,4.55,04/01/19
04/01/19,18/01/19,148.24,148,14,0.038356164,0.32765,0.024,4.045,3.99,4.1,4.1,04/01/19
04/01/19,18/01/19,148.24,149,14,0.038356164,0.32182,0.024,3.495,3.45,3.54,3.5,04/01/19
04/01/19,18/01/19,148.24,150,14,0.038356164,0.31744,0.024,3.005,2.96,3.05,3,04/01/19
04/01/19,18/01/19,148.24,152.5,14,0.038356164,0.30526,0.024,1.97,1.94,2,1.96,04/01/19
04/01/19,18/01/19,148.24,155,14,0.038356164,0.29562,0.024,1.2,1.18,1.22,1.18,04/01/19
04/01/19,18/01/19,148.24,157.5,14,0.038356164,0.29026,0.024,0.705,0.69,0.72,0.65,04/01/19
04/01/19,18/01/19,148.24,160,14,0.038356164,0.28733,0.024,0.4,0.39,0.41,0.4,04/01/19
04/01/19,18/01/19,148.24,162.5,14,0.038356164,0.29265,0.024,0.235,0.22,0.25,0.21,04/01/19
04/01/19,18/01/19,148.24,165,14,0.038356164,0.29889,0.024,0.145,0.13,0.16,0.15,04/01/19
04/01/19,18/01/19,148.24,167.5,14,0.038356164,0.31369,0.024,0.105,0.1,0.11,0.1,04/01/19
04/01/19,18/01/19,148.24,170,14,0.038356164,0.33018,0.024,0.08,0.07,0.09,0.09,04/01/19
04/01/19,18/01/19,148.24,172.5,14,0.038356164,0.34132,0.024,0.05,0.04,0.06,0.06,04/01/19
04/01/19,18/01/19,148.24,175,14,0.038356164,0.36858,0.024,0.055,0.05,0.06,0.05,04/01/19
04/01/19,18/01/19,148.24,177.5,14,0.038356164,0.38979,0.024,0.055,0.05,0.06,0.04,04/01/19
04/01/19,18/01/19,148.24,180,14,0.038356164,0.41008,0.024,0.04,0.03,0.05,0.04,04/01/19
04/01/19,18/01/19,148.24,182.5,14,0.038356164,0.42269,0.024,0.035,0.02,0.05,0.04,04/01/19
04/01/19,18/01/19,148.24,185,14,0.038356164,0.44674,0.024,0.035,0.03,0.04,0.04,04/01/19
04/01/19,18/01/19,148.24,190,14,0.038356164,0.47491,0.024,0.025,0.02,0.03,0.03,04/01/19
04/01/19,18/01/19,148.24,195,14,0.038356164,0.50626,0.024,0.02,0.01,0.03,0.02,04/01/19
04/01/19,18/01/19,148.24,200,14,0.038356164,0.53233,0.024,0.005,0,0.01,0.01,04/01/19
04/01/19,18/01/19,148.24,205,14,0.038356164,0.54933,0.024,0.015,0,0.03,0.01,04/01/19
04/01/19,18/01/19,148.24,210,14,0.038356164,0.60908,0.024,0.015,0.01,0.02,0.01,04/01/19
04/01/19,18/01/19,148.24,215,14,0.038356164,0.58578,0.024,0.01,0,0.02,0.01,04/01/19
04/01/19,18/01/19,148.24,220,14,0.038356164,0.61797,0.024,0,0,0,0.01,04/01/19
04/01/19,18/01/19,148.24,225,14,0.038356164,0.65038,0.024,0.005,0,0.01,0.01,04/01/19
04/01/19,18/01/19,148.24,230,14,0.038356164,0.68081,0.024,0.005,0,0.01,0.01,04/01/19
04/01/19,18/01/19,148.24,235,14,0.038356164,0.71075,0.024,0.005,0,0.01,0.01,04/01/19
04/01/19,18/01/19,148.24,240,14,0.038356164,0.74078,0.024,0.01,0,0.02,0.01,04/01/19
04/01/19,18/01/19,148.24,245,14,0.038356164,0.76846,0.024,0.005,0,0.01,0.01,04/01/19
04/01/19,18/01/19,148.24,250,14,0.038356164,0.79685,0.024,0.005,0,0.01,0.01,04/01/19
04/01/19,18/01/19,148.24,255,14,0.038356164,0.82449,0.024,0.005,0,0.01,0.01,04/01/19
04/01/19,18/01/19,148.24,260,14,0.038356164,0.85023,0.024,0.005,0,0.01,0.01,04/01/19
04/01/19,18/01/19,148.24,265,14,0.038356164,0.87623,0.024,0,0,0,0.01,04/01/19
04/01/19,18/01/19,148.24,270,14,0.038356164,0.90244,0.024,0.01,0,0.02,0.01,04/01/19
04/01/19,18/01/19,148.24,275,14,0.038356164,0.92751,0.024,0.005,0,0.01,0.01,04/01/19
04/01/19,18/01/19,148.24,280,14,0.038356164,0.95181,0.024,0.005,0,0.01,0.01,04/01/19
04/01/19,18/01/19,148.24,285,14,0.038356164,0.97554,0.024,0.005,0,0.01,0.01,04/01/19
04/01/19,18/01/19,148.24,290,14,0.038356164,0.99906,0.024,0.01,0,0.02,0.01,04/01/19
04/01/19,18/01/19,148.24,295,14,0.038356164,1.02201,0.024,0.005,0,0.01,0.01,04/01/19
04/01/19,18/01/19,148.24,300,14,0.038356164,1.04429,0.024,0,0,0,0.01,04/01/19
04/01/19,18/01/19,148.24,305,14,0.038356164,1.06592,0.024,0.005,0,0.01,0.01,04/01/19
04/01/19,18/01/19,148.24,310,14,0.038356164,1.08761,0.024,0.005,0,0.01,0.02,04/01/19
04/01/19,18/01/19,148.24,315,14,0.038356164,1.10972,0.024,0.005,0,0.01,0.02,04/01/19
04/01/19,18/01/19,148.24,320,14,0.038356164,1.13015,0.024,0.005,0,0.01,0.01,04/01/19
04/01/19,18/01/19,148.24,325,14,0.038356164,1.15046,0.024,0.01,0,0.02,0.01,04/01/19
04/01/19,18/01/19,148.24,330,14,0.038356164,1.17115,0.024,0,0,0,0.06,04/01/19
04/01/19,18/01/19,148.24,335,14,0.038356164,1.25426,0.024,0.005,0,0.01,0.02,04/01/19
04/01/19,18/01/19,148.24,340,14,0.038356164,1.21049,0.024,0.005,0,0.01,0.01,04/01/19
04/01/19,18/01/19,148.24,345,14,0.038356164,1.22987,0.024,0.01,0,0.02,0.01,04/01/19
04/01/19,18/01/19,148.24,350,14,0.038356164,1.2487,0.024,0.005,0,0.01,0.01,04/01/19
04/01/19,18/01/19,148.24,355,14,0.038356164,1.37511,0.024,0.01,0,0.02,0.02,04/01/19
04/01/19,18/01/19,148.24,360,14,0.038356164,1.28497,0.024,0.005,0,0.01,0.03,04/01/19
04/01/19,18/01/19,148.24,365,14,0.038356164,1.41382,0.024,0.015,0,0.03,0.05,04/01/19
04/01/19,18/01/19,148.24,370,14,0.038356164,1.32061,0.024,0.005,0,0.01,0.01,04/01/19
04/01/19,18/01/19,148.24,375,14,0.038356164,1.3378,0.024,0.01,0,0.02,0.01,04/01/19
04/01/19,25/01/19,148.24,100,21,0.057534247,0.77318,0.024,48.405,48.26,48.55,0,04/01/19
04/01/19,25/01/19,148.24,105,21,0.057534247,0.71814,0.024,43.455,43.31,43.6,52.37,04/01/19
04/01/19,25/01/19,148.24,110,21,0.057534247,0.63431,0.024,38.45,38.3,38.6,47.43,04/01/19
04/01/19,25/01/19,148.24,115,21,0.057534247,0.59216,0.024,33.545,33.4,33.69,39.05,04/01/19
04/01/19,25/01/19,148.24,120,21,0.057534247,0.52447,0.024,28.605,28.46,28.75,28.3,04/01/19
04/01/19,25/01/19,148.24,125,21,0.057534247,0.46434,0.024,23.705,23.56,23.85,23.55,04/01/19
04/01/19,25/01/19,148.24,130,21,0.057534247,0.42755,0.024,18.975,18.85,19.1,15.9,04/01/19
04/01/19,25/01/19,148.24,132,21,0.057534247,0.40563,0.024,17.075,16.95,17.2,0,04/01/19
04/01/19,25/01/19,148.24,133,21,0.057534247,0.4,0.024,16.175,16.05,16.3,0,04/01/19
04/01/19,25/01/19,148.24,134,21,0.057534247,0.39586,0.024,15.3,15.2,15.4,0,04/01/19
04/01/19,25/01/19,148.24,135,21,0.057534247,0.38835,0.024,14.405,14.3,14.51,13.5,04/01/19
04/01/19,25/01/19,148.24,136,21,0.057534247,0.38412,0.024,13.555,13.45,13.66,0,04/01/19
04/01/19,25/01/19,148.24,137,21,0.057534247,0.37657,0.024,12.675,12.55,12.8,0,04/01/19
04/01/19,25/01/19,148.24,138,21,0.057534247,0.372,0.024,11.85,11.75,11.95,8.2,04/01/19
04/01/19,25/01/19,148.24,139,21,0.057534247,0.363,0.024,11.005,10.91,11.1,10.4,04/01/19
04/01/19,25/01/19,148.24,140,21,0.057534247,0.36209,0.024,10.25,10.15,10.35,10.23,04/01/19
04/01/19,25/01/19,148.24,141,21,0.057534247,0.35431,0.024,9.445,9.34,9.55,8.8,04/01/19
04/01/19,25/01/19,148.24,142,21,0.057534247,0.35029,0.024,8.7,8.59,8.81,8.35,04/01/19
04/01/19,25/01/19,148.24,143,21,0.057534247,0.34695,0.024,7.995,7.89,8.1,7.54,04/01/19
04/01/19,25/01/19,148.24,144,21,0.057534247,0.34035,0.024,7.275,7.2,7.35,6.9,04/01/19
04/01/19,25/01/19,148.24,145,21,0.057534247,0.33625,0.024,6.62,6.54,6.7,6.33,04/01/19
04/01/19,25/01/19,148.24,146,21,0.057534247,0.33166,0.024,5.975,5.9,6.05,5.81,04/01/19
04/01/19,25/01/19,148.24,147,21,0.057534247,0.32739,0.024,5.385,5.31,5.46,5.27,04/01/19
04/01/19,25/01/19,148.24,148,21,0.057534247,0.32418,0.024,4.83,4.76,4.9,4.74,04/01/19
04/01/19,25/01/19,148.24,149,21,0.057534247,0.31929,0.024,4.27,4.19,4.35,3.84,04/01/19
04/01/19,25/01/19,148.24,150,21,0.057534247,0.31497,0.024,3.775,3.7,3.85,3.74,04/01/19
04/01/19,25/01/19,148.24,152.5,21,0.057534247,0.30483,0.024,2.675,2.62,2.73,2.6,04/01/19
04/01/19,25/01/19,148.24,155,21,0.057534247,0.2965,0.024,1.815,1.79,1.84,1.81,04/01/19
04/01/19,25/01/19,148.24,157.5,21,0.057534247,0.29004,0.024,1.19,1.16,1.22,1.17,04/01/19
04/01/19,25/01/19,148.24,160,21,0.057534247,0.28621,0.024,0.76,0.73,0.79,0.76,04/01/19
04/01/19,25/01/19,148.24,162.5,21,0.057534247,0.28402,0.024,0.475,0.45,0.5,0.47,04/01/19
04/01/19,25/01/19,148.24,165,21,0.057534247,0.28494,0.024,0.295,0.28,0.31,0.26,04/01/19
04/01/19,25/01/19,148.24,167.5,21,0.057534247,0.28941,0.024,0.19,0.16,0.22,0.2,04/01/19
04/01/19,25/01/19,148.24,170,21,0.057534247,0.29689,0.024,0.135,0.12,0.15,0.14,04/01/19
04/01/19,25/01/19,148.24,172.5,21,0.057534247,0.30755,0.024,0.1,0.08,0.12,0.08,04/01/19
04/01/19,25/01/19,148.24,175,21,0.057534247,0.3144,0.024,0.07,0.06,0.08,0.08,04/01/19
04/01/19,25/01/19,148.24,177.5,21,0.057534247,0.34097,0.024,0.075,0.05,0.1,0.05,04/01/19
04/01/19,25/01/19,148.24,180,21,0.057534247,0.35539,0.024,0.07,0.04,0.1,0.04,04/01/19
04/01/19,25/01/19,148.24,182.5,21,0.057534247,0.35514,0.024,0.04,0.03,0.05,0.05,04/01/19
04/01/19,25/01/19,148.24,185,21,0.057534247,0.37971,0.024,0.05,0.04,0.06,0.04,04/01/19
04/01/19,25/01/19,148.24,187.5,21,0.057534247,0.38842,0.024,0.03,0.03,0.03,0.03,04/01/19
04/01/19,25/01/19,148.24,190,21,0.057534247,0.40708,0.024,0.035,0.02,0.05,0.03,04/01/19
04/01/19,25/01/19,148.24,192.5,21,0.057534247,0.43282,0.024,0.035,0.01,0.06,0.03,04/01/19
04/01/19,25/01/19,148.24,195,21,0.057534247,0.43693,0.024,0.02,0.01,0.03,0.02,04/01/19
04/01/19,25/01/19,148.24,197.5,21,0.057534247,0.468,0.024,0.045,0.02,0.07,0.03,04/01/19
04/01/19,25/01/19,148.24,200,21,0.057534247,0.47916,0.024,0.03,0,0.06,0.02,04/01/19
04/01/19,25/01/19,148.24,202.5,21,0.057534247,0.49633,0.024,0.03,0,0.06,0.03,04/01/19
04/01/19,25/01/19,148.24,205,21,0.057534247,0.48404,0.024,0.015,0,0.03,0.01,04/01/19
04/01/19,25/01/19,148.24,207.5,21,0.057534247,0.52164,0.024,0.03,0.01,0.05,0.02,04/01/19
04/01/19,25/01/19,148.24,210,21,0.057534247,0.52781,0.024,0.025,0.01,0.04,0.01,04/01/19
04/01/19,25/01/19,148.24,212.5,21,0.057534247,0.55383,0.024,0.025,0.01,0.04,0.16,04/01/19
04/01/19,25/01/19,148.24,215,21,0.057534247,0.55869,0.024,0.02,0,0.04,0.2,04/01/19
04/01/19,25/01/19,148.24,220,21,0.057534247,0.57661,0.024,0.02,0,0.04,0.01,04/01/19
04/01/19,25/01/19,148.24,225,21,0.057534247,0.60581,0.024,0.02,0,0.04,0.01,04/01/19
04/01/19,01/02/19,148.24,100,28,0.076712329,0.72676,0.024,48.5,48.35,48.65,57,04/01/19
04/01/19,01/02/19,148.24,105,28,0.076712329,0.66844,0.024,43.54,43.39,43.69,0,04/01/19
04/01/19,01/02/19,148.24,110,28,0.076712329,0.62329,0.024,38.65,38.5,38.8,37.63,04/01/19
04/01/19,01/02/19,148.24,115,28,0.076712329,0.5699,0.024,33.745,33.6,33.89,41.4,04/01/19
04/01/19,01/02/19,148.24,120,28,0.076712329,0.52654,0.024,28.925,28.81,29.04,27,04/01/19
04/01/19,01/02/19,148.24,125,28,0.076712329,0.48312,0.024,24.185,24.06,24.31,19.18,04/01/19
04/01/19,01/02/19,148.24,130,28,0.076712329,0.45229,0.024,19.63,19.51,19.75,18.91,04/01/19
04/01/19,01/02/19,148.24,132,28,0.076712329,0.44087,0.024,17.87,17.75,17.99,0,04/01/19
04/01/19,01/02/19,148.24,133,28,0.076712329,0.43335,0.024,16.995,16.9,17.09,0,04/01/19
04/01/19,01/02/19,148.24,134,28,0.076712329,0.43008,0.024,16.17,16.05,16.29,0,04/01/19
04/01/19,01/02/19,148.24,135,28,0.076712329,0.42382,0.024,15.32,15.2,15.44,14.6,04/01/19
04/01/19,01/02/19,148.24,136,28,0.076712329,0.4201,0.024,14.525,14.4,14.65,0,04/01/19
04/01/19,01/02/19,148.24,137,28,0.076712329,0.41328,0.024,13.7,13.6,13.8,11.6,04/01/19
04/01/19,01/02/19,148.24,138,28,0.076712329,0.41306,0.024,12.975,12.85,13.1,12.84,04/01/19
04/01/19,01/02/19,148.24,139,28,0.076712329,0.40699,0.024,12.205,12.11,12.3,11.95,04/01/19
04/01/19,01/02/19,148.24,140,28,0.076712329,0.40216,0.024,11.455,11.36,11.55,10.8,04/01/19
04/01/19,01/02/19,148.24,141,28,0.076712329,0.39699,0.024,10.7,10.6,10.8,10.8,04/01/19
04/01/19,01/02/19,148.24,142,28,0.076712329,0.39445,0.024,10.025,9.95,10.1,9.55,04/01/19
04/01/19,01/02/19,148.24,143,28,0.076712329,0.39083,0.024,9.355,9.25,9.46,9,04/01/19
04/01/19,01/02/19,148.24,144,28,0.076712329,0.38715,0.024,8.695,8.6,8.79,8.7,04/01/19
04/01/19,01/02/19,148.24,145,28,0.076712329,0.38197,0.024,8.055,7.95,8.16,8.05,04/01/19
04/01/19,01/02/19,148.24,146,28,0.076712329,0.37785,0.024,7.43,7.36,7.5,6.87,04/01/19
04/01/19,01/02/19,148.24,147,28,0.076712329,0.3762,0.024,6.875,6.8,6.95,6.76,04/01/19
04/01/19,01/02/19,148.24,148,28,0.076712329,0.37233,0.024,6.33,6.26,6.4,6.05,04/01/19
04/01/19,01/02/19,148.24,149,28,0.076712329,0.36793,0.024,5.77,5.7,5.84,5.69,04/01/19
04/01/19,01/02/19,148.24,150,28,0.076712329,0.36495,0.024,5.275,5.19,5.36,5.2,04/01/19
04/01/19,01/02/19,148.24,152.5,28,0.076712329,0.3558,0.024,4.13,4.05,4.21,4.03,04/01/19
04/01/19,01/02/19,148.24,155,28,0.076712329,0.34794,0.024,3.15,3.1,3.2,3.11,04/01/19
04/01/19,01/02/19,148.24,157.5,28,0.076712329,0.34049,0.024,2.34,2.29,2.39,2.3,04/01/19
04/01/19,01/02/19,148.24,160,28,0.076712329,0.33442,0.024,1.715,1.68,1.75,1.67,04/01/19
04/01/19,01/02/19,148.24,162.5,28,0.076712329,0.32925,0.024,1.225,1.19,1.26,1.19,04/01/19
04/01/19,01/02/19,148.24,165,28,0.076712329,0.32655,0.024,0.87,0.84,0.9,0.85,04/01/19
04/01/19,01/02/19,148.24,167.5,28,0.076712329,0.32703,0.024,0.63,0.6,0.66,0.59,04/01/19
04/01/19,01/02/19,148.24,170,28,0.076712329,0.32754,0.024,0.445,0.42,0.47,0.44,04/01/19
04/01/19,01/02/19,148.24,172.5,28,0.076712329,0.33165,0.024,0.325,0.31,0.34,0.3,04/01/19
04/01/19,01/02/19,148.24,175,28,0.076712329,0.34006,0.024,0.26,0.26,0.26,0.25,04/01/19
04/01/19,01/02/19,148.24,177.5,28,0.076712329,0.34444,0.024,0.195,0.18,0.21,0.18,04/01/19
04/01/19,01/02/19,148.24,180,28,0.076712329,0.35616,0.024,0.17,0.15,0.19,0.18,04/01/19
04/01/19,01/02/19,148.24,182.5,28,0.076712329,0.36745,0.024,0.145,0.13,0.16,0.12,04/01/19
04/01/19,01/02/19,148.24,185,28,0.076712329,0.38034,0.024,0.125,0.1,0.15,0.11,04/01/19
04/01/19,01/02/19,148.24,187.5,28,0.076712329,0.38421,0.024,0.09,0.09,0.09,0.1,04/01/19
04/01/19,01/02/19,148.24,190,28,0.076712329,0.3961,0.024,0.085,0.08,0.09,0.08,04/01/19
04/01/19,01/02/19,148.24,192.5,28,0.076712329,0.42002,0.024,0.095,0.08,0.11,0.06,04/01/19
04/01/19,01/02/19,148.24,195,28,0.076712329,0.43077,0.024,0.09,0.07,0.11,0.08,04/01/19
04/01/19,01/02/19,148.24,197.5,28,0.076712329,0.44765,0.024,0.09,0.06,0.12,0.06,04/01/19
04/01/19,01/02/19,148.24,200,28,0.076712329,0.46031,0.024,0.075,0.05,0.1,0.06,04/01/19
04/01/19,01/02/19,148.24,202.5,28,0.076712329,0.47313,0.024,0.075,0.05,0.1,0.05,04/01/19
04/01/19,01/02/19,148.24,205,28,0.076712329,0.47043,0.024,0.06,0.05,0.07,0.04,04/01/19
04/01/19,01/02/19,148.24,207.5,28,0.076712329,0.49551,0.024,0.07,0.04,0.1,0.05,04/01/19
04/01/19,08/02/19,148.24,100,35,0.095890411,0.85492,0.024030137,48.595,48.39,48.8,0,04/01/19
04/01/19,08/02/19,148.24,105,35,0.095890411,0.75703,0.024030137,43.675,43.45,43.9,0,04/01/19
04/01/19,08/02/19,148.24,110,35,0.095890411,0.66868,0.024030137,38.745,38.55,38.94,35.05,04/01/19
04/01/19,08/02/19,148.24,115,35,0.095890411,0.5959,0.024030137,33.875,33.7,34.05,0,04/01/19
04/01/19,08/02/19,148.24,120,35,0.095890411,0.53682,0.024030137,29.08,28.91,29.25,26.75,04/01/19
04/01/19,08/02/19,148.24,125,35,0.095890411,0.48834,0.024030137,24.38,24.21,24.55,33.14,04/01/19
04/01/19,08/02/19,148.24,130,35,0.095890411,0.45334,0.024030137,19.895,19.74,20.05,28.5,04/01/19
04/01/19,08/02/19,148.24,132,35,0.095890411,0.44065,0.024030137,18.18,18.06,18.3,0,04/01/19
04/01/19,08/02/19,148.24,133,35,0.095890411,0.43609,0.024030137,17.35,17.2,17.5,0,04/01/19
04/01/19,08/02/19,148.24,134,35,0.095890411,0.42943,0.024030137,16.495,16.35,16.64,0,04/01/19
04/01/19,08/02/19,148.24,135,35,0.095890411,0.42497,0.024030137,15.7,15.55,15.85,15.76,04/01/19
04/01/19,08/02/19,148.24,136,35,0.095890411,0.4194,0.024030137,14.9,14.8,15,0,04/01/19
04/01/19,08/02/19,148.24,137,35,0.095890411,0.41669,0.024030137,14.15,14,14.3,10.65,04/01/19
04/01/19,08/02/19,148.24,138,35,0.095890411,0.40995,0.024030137,13.35,13.2,13.5,12.9,04/01/19
04/01/19,08/02/19,148.24,139,35,0.095890411,0.40535,0.024030137,12.595,12.44,12.75,12.15,04/01/19
04/01/19,08/02/19,148.24,140,35,0.095890411,0.40128,0.024030137,11.865,11.74,11.99,11.95,04/01/19
04/01/19,08/02/19,148.24,141,35,0.095890411,0.39746,0.024030137,11.165,11.04,11.29,10.7,04/01/19
04/01/19,08/02/19,148.24,142,35,0.095890411,0.39257,0.024030137,10.475,10.35,10.6,9.9,04/01/19
04/01/19,08/02/19,148.24,143,35,0.095890411,0.38616,0.024030137,9.775,9.65,9.9,9.3,04/01/19
04/01/19,08/02/19,148.24,144,35,0.095890411,0.38347,0.024030137,9.15,9.05,9.25,8.7,04/01/19
04/01/19,08/02/19,148.24,145,35,0.095890411,0.37968,0.024030137,8.535,8.41,8.66,8.5,04/01/19
04/01/19,08/02/19,148.24,146,35,0.095890411,0.37665,0.024030137,7.92,7.8,8.04,7.5,04/01/19
04/01/19,08/02/19,148.24,147,35,0.095890411,0.37265,0.024030137,7.345,7.24,7.45,7.11,04/01/19
04/01/19,08/02/19,148.24,148,35,0.095890411,0.36977,0.024030137,6.8,6.7,6.9,6.65,04/01/19
04/01/19,08/02/19,148.24,149,35,0.095890411,0.36518,0.024030137,6.255,6.16,6.35,6.16,04/01/19
04/01/19,08/02/19,148.24,150,35,0.095890411,0.36139,0.024030137,5.755,5.66,5.85,5.69,04/01/19
04/01/19,08/02/19,148.24,152.5,35,0.095890411,0.353,0.024030137,4.595,4.49,4.7,4.6,04/01/19
04/01/19,08/02/19,148.24,155,35,0.095890411,0.34523,0.024030137,3.6,3.5,3.7,3.53,04/01/19
04/01/19,08/02/19,148.24,157.5,35,0.095890411,0.33805,0.024030137,2.77,2.71,2.83,2.77,04/01/19
04/01/19,08/02/19,148.24,160,35,0.095890411,0.33194,0.024030137,2.09,2.04,2.14,2.08,04/01/19
04/01/19,08/02/19,148.24,162.5,35,0.095890411,0.32743,0.024030137,1.555,1.5,1.61,1.5,04/01/19
04/01/19,08/02/19,148.24,165,35,0.095890411,0.32458,0.024030137,1.145,1.1,1.19,1.13,04/01/19
04/01/19,08/02/19,148.24,167.5,35,0.095890411,0.32285,0.024030137,0.85,0.82,0.88,0.79,04/01/19
04/01/19,08/02/19,148.24,170,35,0.095890411,0.32321,0.024030137,0.625,0.59,0.66,0.61,04/01/19
04/01/19,08/02/19,148.24,172.5,35,0.095890411,0.32444,0.024030137,0.46,0.43,0.49,0.44,04/01/19
04/01/19,08/02/19,148.24,175,35,0.095890411,0.32883,0.024030137,0.365,0.33,0.4,0.33,04/01/19
04/01/19,08/02/19,148.24,177.5,35,0.095890411,0.33022,0.024030137,0.265,0.25,0.28,0.24,04/01/19
04/01/19,08/02/19,148.24,180,35,0.095890411,0.33893,0.024030137,0.22,0.2,0.24,0.22,04/01/19
04/01/19,08/02/19,148.24,182.5,35,0.095890411,0.34961,0.024030137,0.19,0.16,0.22,0.16,04/01/19
04/01/19,08/02/19,148.24,185,35,0.095890411,0.35352,0.024030137,0.155,0.13,0.18,0.13,04/01/19
04/01/19,08/02/19,148.24,187.5,35,0.095890411,0.36784,0.024030137,0.135,0.11,0.16,0.16,04/01/19
04/01/19,08/02/19,148.24,190,35,0.095890411,0.3761,0.024030137,0.115,0.09,0.14,0.1,04/01/19
04/01/19,08/02/19,148.24,192.5,35,0.095890411,0.38787,0.024030137,0.105,0.08,0.13,0.12,04/01/19
04/01/19,08/02/19,148.24,195,35,0.095890411,0.39848,0.024030137,0.105,0.07,0.14,0.1,04/01/19
04/01/19,08/02/19,148.24,200,35,0.095890411,0.42287,0.024030137,0.09,0.06,0.12,0.09,04/01/19
04/01/19,15/02/19,148.24,50,42,0.115068493,2.91056,0.024076164,98.35,98.15,98.55,107.9,04/01/19
04/01/19,15/02/19,148.24,55,42,0.115068493,2.52547,0.024076164,93.4,93.2,93.6,101.75,04/01/19
04/01/19,15/02/19,148.24,60,42,0.115068493,2.19712,0.024076164,88.405,88.21,88.6,0,04/01/19
04/01/19,15/02/19,148.24,65,42,0.115068493,1.91951,0.024076164,83.4,83.2,83.6,86.9,04/01/19
04/01/19,15/02/19,148.24,70,42,0.115068493,1.68553,0.024076164,78.425,78.2,78.65,81.7,04/01/19
04/01/19,15/02/19,148.24,75,42,0.115068493,1.47945,0.024076164,73.43,73.26,73.6,92.6,04/01/19
04/01/19,15/02/19,148.24,80,42,0.115068493,1.30829,0.024076164,68.475,68.3,68.65,0,04/01/19
04/01/19,15/02/19,148.24,85,42,0.115068493,1.15394,0.024076164,63.495,63.3,63.69,68.25,04/01/19
04/01/19,15/02/19,148.24,90,42,0.115068493,1.01757,0.024076164,58.53,58.35,58.71,57.13,04/01/19
04/01/19,15/02/19,148.24,95,42,0.115068493,0.89952,0.024076164,53.565,53.39,53.74,58.66,04/01/19
04/01/19,15/02/19,148.24,100,42,0.115068493,0.79547,0.024076164,48.62,48.45,48.79,48.75,04/01/19
04/01/19,15/02/19,148.24,105,42,0.115068493,0.7023,0.024076164,43.675,43.5,43.85,41.05,04/01/19
04/01/19,15/02/19,148.24,110,42,0.115068493,0.62506,0.024076164,38.775,38.6,38.95,37.75,04/01/19
04/01/19,15/02/19,148.24,115,42,0.115068493,0.56194,0.024076164,33.925,33.75,34.1,33.22,04/01/19
04/01/19,15/02/19,148.24,120,42,0.115068493,0.51014,0.024076164,29.15,29,29.3,29.1,04/01/19
04/01/19,15/02/19,148.24,125,42,0.115068493,0.46804,0.024076164,24.5,24.35,24.65,24.07,04/01/19
04/01/19,15/02/19,148.24,130,42,0.115068493,0.43873,0.024076164,20.1,19.95,20.25,20.26,04/01/19
04/01/19,15/02/19,148.24,135,42,0.115068493,0.41387,0.024076164,15.97,15.89,16.05,15.6,04/01/19
04/01/19,15/02/19,148.24,140,42,0.115068493,0.39239,0.024076164,12.23,12.16,12.3,12.19,04/01/19
04/01/19,15/02/19,148.24,145,42,0.115068493,0.37239,0.024076164,8.925,8.84,9.01,8.8,04/01/19
04/01/19,15/02/19,148.24,150,42,0.115068493,0.35595,0.024076164,6.175,6.1,6.25,6.14,04/01/19
04/01/19,15/02/19,148.24,155,42,0.115068493,0.33984,0.024076164,4,3.95,4.05,4.02,04/01/19
04/01/19,15/02/19,148.24,160,42,0.115068493,0.32765,0.024076164,2.42,2.39,2.45,2.44,04/01/19
04/01/19,15/02/19,148.24,165,42,0.115068493,0.31973,0.024076164,1.41,1.4,1.42,1.4,04/01/19
04/01/19,15/02/19,148.24,170,42,0.115068493,0.31669,0.024076164,0.795,0.78,0.81,0.77,04/01/19
04/01/19,15/02/19,148.24,175,42,0.115068493,0.31919,0.024076164,0.46,0.45,0.47,0.46,04/01/19
04/01/19,15/02/19,148.24,180,42,0.115068493,0.32668,0.024076164,0.285,0.27,0.3,0.27,04/01/19
04/01/19,15/02/19,148.24,185,42,0.115068493,0.33738,0.024076164,0.19,0.18,0.2,0.19,04/01/19
04/01/19,15/02/19,148.24,190,42,0.115068493,0.35368,0.024076164,0.145,0.13,0.16,0.14,04/01/19
04/01/19,15/02/19,148.24,195,42,0.115068493,0.36763,0.024076164,0.11,0.11,0.11,0.1,04/01/19
04/01/19,15/02/19,148.24,200,42,0.115068493,0.38476,0.024076164,0.085,0.08,0.09,0.08,04/01/19
04/01/19,15/02/19,148.24,205,42,0.115068493,0.40503,0.024076164,0.075,0.07,0.08,0.07,04/01/19
04/01/19,15/02/19,148.24,210,42,0.115068493,0.42291,0.024076164,0.065,0.06,0.07,0.07,04/01/19
04/01/19,15/02/19,148.24,215,42,0.115068493,0.43887,0.024076164,0.05,0.04,0.06,0.05,04/01/19
04/01/19,15/02/19,148.24,220,42,0.115068493,0.45722,0.024076164,0.045,0.03,0.06,0.04,04/01/19
04/01/19,15/02/19,148.24,225,42,0.115068493,0.46223,0.024076164,0.035,0.03,0.04,0.03,04/01/19
04/01/19,15/02/19,148.24,230,42,0.115068493,0.46605,0.024076164,0.025,0.02,0.03,0.03,04/01/19
04/01/19,15/02/19,148.24,235,42,0.115068493,0.48644,0.024076164,0.02,0.02,0.02,0.03,04/01/19
04/01/19,15/02/19,148.24,240,42,0.115068493,0.48241,0.024076164,0.015,0.01,0.02,0.02,04/01/19
04/01/19,15/02/19,148.24,245,42,0.115068493,0.50067,0.024076164,0.01,0.01,0.01,0.02,04/01/19
04/01/19,15/02/19,148.24,250,42,0.115068493,0.5187,0.024076164,0.02,0.01,0.03,0.01,04/01/19
04/01/19,15/02/19,148.24,255,42,0.115068493,0.53539,0.024076164,0.015,0.01,0.02,0.01,04/01/19
04/01/19,15/02/19,148.24,260,42,0.115068493,0.53353,0.024076164,0.01,0,0.02,0.01,04/01/19
04/01/19,15/02/19,148.24,265,42,0.115068493,0.57059,0.024076164,0.015,0,0.03,0.01,04/01/19
04/01/19,15/02/19,148.24,270,42,0.115068493,0.56706,0.024076164,0.015,0,0.03,0.03,04/01/19
04/01/19,15/02/19,148.24,275,42,0.115068493,0.58137,0.024076164,0.01,0,0.02,0.01,04/01/19
04/01/19,15/02/19,148.24,280,42,0.115068493,0.59853,0.024076164,0.01,0,0.02,0.03,04/01/19
04/01/19,15/02/19,148.24,285,42,0.115068493,0.57895,0.024076164,0.005,0,0.01,0.04,04/01/19
04/01/19,15/02/19,148.24,290,42,0.115068493,0.6459,0.024076164,0.015,0,0.03,0.01,04/01/19
04/01/19,15/02/19,148.24,295,42,0.115068493,0.63974,0.024076164,0.015,0,0.03,0.01,04/01/19
04/01/19,15/02/19,148.24,300,42,0.115068493,0.67509,0.024076164,0.02,0,0.04,0.01,04/01/19
04/01/19,15/02/19,148.24,310,42,0.115068493,0.64507,0.024076164,0.005,0,0.01,0.01,04/01/19
04/01/19,15/02/19,148.24,320,42,0.115068493,0.72883,0.024076164,0.015,0,0.03,0.02,04/01/19
04/01/19,22/02/19,148.24,90,49,0.134246575,0.9407,0.024122192,58.5,58.3,58.7,0,04/01/19
04/01/19,22/02/19,148.24,95,49,0.134246575,0.8326,0.024122192,53.55,53.35,53.75,0,04/01/19
04/01/19,22/02/19,148.24,100,49,0.134246575,0.73942,0.024122192,48.62,48.45,48.79,0,04/01/19
04/01/19,22/02/19,148.24,105,49,0.134246575,0.66388,0.024122192,43.75,43.55,43.95,0,04/01/19
04/01/19,22/02/19,148.24,110,49,0.134246575,0.58538,0.024122192,38.795,38.6,38.99,35.76,04/01/19
04/01/19,22/02/19,148.24,115,49,0.134246575,0.52865,0.024122192,33.975,33.8,34.15,0,04/01/19
04/01/19,22/02/19,148.24,120,49,0.134246575,0.48214,0.024122192,29.225,29.05,29.4,0,04/01/19
04/01/19,22/02/19,148.24,125,49,0.134246575,0.44885,0.024122192,24.655,24.5,24.81,23.8,04/01/19
04/01/19,22/02/19,148.24,130,49,0.134246575,0.42405,0.024122192,20.325,20.2,20.45,20.05,04/01/19
04/01/19,22/02/19,148.24,132,49,0.134246575,0.41075,0.024122192,18.595,18.45,18.74,0,04/01/19
04/01/19,22/02/19,148.24,133,49,0.134246575,0.40734,0.024122192,17.8,17.65,17.95,0,04/01/19
04/01/19,22/02/19,148.24,134,49,0.134246575,0.40259,0.024122192,17,16.85,17.15,0,04/01/19
04/01/19,22/02/19,148.24,135,49,0.134246575,0.39843,0.024122192,16.205,16.06,16.35,13.17,04/01/19
04/01/19,22/02/19,148.24,136,49,0.134246575,0.3949,0.024122192,15.45,15.3,15.6,0,04/01/19
04/01/19,22/02/19,148.24,137,49,0.134246575,0.39169,0.024122192,14.695,14.54,14.85,0,04/01/19
04/01/19,22/02/19,148.24,138,49,0.134246575,0.38534,0.024122192,13.925,13.8,14.05,0,04/01/19
04/01/19,22/02/19,148.24,139,49,0.134246575,0.38188,0.024122192,13.2,13.09,13.31,0,04/01/19
04/01/19,22/02/19,148.24,140,49,0.134246575,0.38032,0.024122192,12.525,12.4,12.65,11.75,04/01/19
04/01/19,22/02/19,148.24,141,49,0.134246575,0.37498,0.024122192,11.8,11.7,11.9,9.85,04/01/19
04/01/19,22/02/19,148.24,142,49,0.134246575,0.37061,0.024122192,11.125,11,11.25,10.3,04/01/19
04/01/19,22/02/19,148.24,143,49,0.134246575,0.3661,0.024122192,10.455,10.41,10.5,10.2,04/01/19
04/01/19,22/02/19,148.24,144,49,0.134246575,0.36576,0.024122192,9.875,9.75,10,9.05,04/01/19
04/01/19,22/02/19,148.24,145,49,0.134246575,0.36188,0.024122192,9.255,9.16,9.35,9.1,04/01/19
04/01/19,22/02/19,148.24,146,49,0.134246575,0.35886,0.024122192,8.685,8.56,8.81,7.9,04/01/19
04/01/19,22/02/19,148.24,147,49,0.134246575,0.35485,0.024122192,8.07,7.99,8.15,7.98,04/01/19
04/01/19,22/02/19,148.24,148,49,0.134246575,0.35131,0.024122192,7.515,7.44,7.59,7.05,04/01/19
04/01/19,22/02/19,148.24,149,49,0.134246575,0.34812,0.024122192,6.995,6.9,7.09,6.85,04/01/19
04/01/19,22/02/19,148.24,150,49,0.134246575,0.34535,0.024122192,6.5,6.4,6.6,6.11,04/01/19
04/01/19,22/02/19,148.24,152.5,49,0.134246575,0.33842,0.024122192,5.355,5.25,5.46,4.92,04/01/19
04/01/19,22/02/19,148.24,155,49,0.134246575,0.33209,0.024122192,4.33,4.26,4.4,4.22,04/01/19
04/01/19,22/02/19,148.24,157.5,49,0.134246575,0.3274,0.024122192,3.47,3.39,3.55,3.3,04/01/19
04/01/19,22/02/19,148.24,160,49,0.134246575,0.32098,0.024122192,2.725,2.68,2.77,2.51,04/01/19
04/01/19,22/02/19,148.24,162.5,49,0.134246575,0.31662,0.024122192,2.12,2.07,2.17,1.99,04/01/19
04/01/19,22/02/19,148.24,165,49,0.134246575,0.3131,0.024122192,1.64,1.6,1.68,1.52,04/01/19
04/01/19,22/02/19,148.24,167.5,49,0.134246575,0.31036,0.024122192,1.255,1.22,1.29,1.14,04/01/19
04/01/19,22/02/19,148.24,170,49,0.134246575,0.30921,0.024122192,0.955,0.93,0.98,0.84,04/01/19
04/01/19,22/02/19,148.24,172.5,49,0.134246575,0.30875,0.024122192,0.74,0.72,0.76,0.7,04/01/19
04/01/19,22/02/19,148.24,175,49,0.134246575,0.31008,0.024122192,0.565,0.54,0.59,0.55,04/01/19
04/01/19,22/02/19,148.24,177.5,49,0.134246575,0.31147,0.024122192,0.445,0.43,0.46,0.43,04/01/19
04/01/19,22/02/19,148.24,180,49,0.134246575,0.31476,0.024122192,0.355,0.33,0.38,0.32,04/01/19
04/01/19,22/02/19,148.24,182.5,49,0.134246575,0.3201,0.024122192,0.29,0.27,0.31,0.27,04/01/19
04/01/19,22/02/19,148.24,185,49,0.134246575,0.32652,0.024122192,0.235,0.21,0.26,0.22,04/01/19
04/01/19,22/02/19,148.24,187.5,49,0.134246575,0.33024,0.024122192,0.19,0.17,0.21,0.17,04/01/19
04/01/19,22/02/19,148.24,190,49,0.134246575,0.33888,0.024122192,0.17,0.15,0.19,0.14,04/01/19
04/01/19,22/02/19,148.24,192.5,49,0.134246575,0.342,0.024122192,0.135,0.11,0.16,0,04/01/19
04/01/19,22/02/19,148.24,195,49,0.134246575,0.34759,0.024122192,0.125,0.09,0.16,0,04/01/19
04/01/19,22/02/19,148.24,200,49,0.134246575,0.36533,0.024122192,0.1,0.07,0.13,0.13,04/01/19
04/01/19,15/03/19,148.24,75,69.96,0.191671233,1.15779,0.0242,73.45,73.25,73.65,0,04/01/19
04/01/19,15/03/19,148.24,80,69.96,0.191671233,1.02142,0.0242,68.48,68.26,68.7,0,04/01/19
04/01/19,15/03/19,148.24,85,69.96,0.191671233,0.90109,0.0242,63.5,63.3,63.7,0,04/01/19
04/01/19,15/03/19,148.24,90,69.96,0.191671233,0.80142,0.0242,58.57,58.34,58.8,53.9,04/01/19
04/01/19,15/03/19,148.24,95,69.96,0.191671233,0.70988,0.0242,53.62,53.44,53.8,0,04/01/19
04/01/19,15/03/19,148.24,100,69.96,0.191671233,0.63209,0.0242,48.7,48.5,48.9,45.2,04/01/19
04/01/19,15/03/19,148.24,105,69.96,0.191671233,0.56854,0.0242,43.82,43.64,44,40.65,04/01/19
04/01/19,15/03/19,148.24,110,69.96,0.191671233,0.51574,0.0242,39,38.8,39.2,0,04/01/19
04/01/19,15/03/19,148.24,115,69.96,0.191671233,0.47762,0.0242,34.305,34.11,34.5,31.52,04/01/19
04/01/19,15/03/19,148.24,120,69.96,0.191671233,0.44249,0.0242,29.65,29.5,29.8,29.47,04/01/19
04/01/19,15/03/19,148.24,125,69.96,0.191671233,0.41623,0.0242,25.2,25.05,25.35,25,04/01/19
04/01/19,15/03/19,148.24,130,69.96,0.191671233,0.39416,0.0242,20.98,20.86,21.1,20.75,04/01/19
04/01/19,15/03/19,148.24,135,69.96,0.191671233,0.37891,0.0242,17.11,16.96,17.26,16.75,04/01/19
04/01/19,15/03/19,148.24,140,69.96,0.191671233,0.36407,0.0242,13.575,13.5,13.65,12.95,04/01/19
04/01/19,15/03/19,148.24,145,69.96,0.191671233,0.34917,0.0242,10.405,10.3,10.51,10.35,04/01/19
04/01/19,15/03/19,148.24,150,69.96,0.191671233,0.33748,0.0242,7.725,7.65,7.8,7.55,04/01/19
04/01/19,15/03/19,148.24,155,69.96,0.191671233,0.32673,0.0242,5.5,5.45,5.55,5.43,04/01/19
04/01/19,15/03/19,148.24,160,69.96,0.191671233,0.31652,0.0242,3.775,3.7,3.85,3.7,04/01/19
04/01/19,15/03/19,148.24,165,69.96,0.191671233,0.30834,0.0242,2.485,2.46,2.51,2.43,04/01/19
04/01/19,15/03/19,148.24,170,69.96,0.191671233,0.30501,0.0242,1.615,1.58,1.65,1.61,04/01/19
04/01/19,15/03/19,148.24,175,69.96,0.191671233,0.29943,0.0242,0.99,0.98,1,1,04/01/19
04/01/19,15/03/19,148.24,180,69.96,0.191671233,0.30114,0.0242,0.645,0.63,0.66,0.65,04/01/19
04/01/19,15/03/19,148.24,185,69.96,0.191671233,0.3034,0.0242,0.415,0.4,0.43,0.39,04/01/19
04/01/19,15/03/19,148.24,190,69.96,0.191671233,0.30876,0.0242,0.285,0.27,0.3,0.29,04/01/19
04/01/19,15/03/19,148.24,195,69.96,0.191671233,0.31574,0.0242,0.2,0.18,0.22,0.2,04/01/19
04/01/19,15/03/19,148.24,200,69.96,0.191671233,0.32437,0.0242,0.15,0.13,0.17,0.15,04/01/19
04/01/19,15/03/19,148.24,205,69.96,0.191671233,0.33603,0.0242,0.12,0.1,0.14,0.1,04/01/19
04/01/19,15/03/19,148.24,210,69.96,0.191671233,0.33327,0.0242,0.065,0.04,0.09,0.09,04/01/19
04/01/19,15/03/19,148.24,215,69.96,0.191671233,0.34512,0.0242,0.06,0.03,0.09,0.07,04/01/19
04/01/19,15/03/19,148.24,220,69.96,0.191671233,0.36034,0.0242,0.055,0.03,0.08,0.07,04/01/19
04/01/19,15/03/19,148.24,225,69.96,0.191671233,0.35986,0.0242,0.035,0.02,0.05,0.05,04/01/19
04/01/19,15/03/19,148.24,230,69.96,0.191671233,0.38569,0.0242,0.04,0.04,0.04,0.03,04/01/19
04/01/19,15/03/19,148.24,235,69.96,0.191671233,0.39139,0.0242,0.03,0,0.06,0.03,04/01/19
04/01/19,15/03/19,148.24,240,69.96,0.191671233,0.41281,0.0242,0.035,0.02,0.05,0.03,04/01/19
04/01/19,15/03/19,148.24,245,69.96,0.191671233,0.40851,0.0242,0.02,0,0.04,0.02,04/01/19
04/01/19,15/03/19,148.24,250,69.96,0.191671233,0.43014,0.0242,0.035,0.03,0.04,0.03,04/01/19
04/01/19,15/03/19,148.24,255,69.96,0.191671233,0.45194,0.0242,0.03,0.02,0.04,0.03,04/01/19
04/01/19,15/03/19,148.24,260,69.96,0.191671233,0.45845,0.0242,0.03,0.01,0.05,0.01,04/01/19
04/01/19,15/03/19,148.24,265,69.96,0.191671233,0.46401,0.0242,0.02,0,0.04,0.03,04/01/19
04/01/19,15/03/19,148.24,270,69.96,0.191671233,0.47717,0.0242,0.025,0,0.05,0.08,04/01/19
04/01/19,15/03/19,148.24,275,69.96,0.191671233,0.4902,0.0242,0.025,0,0.05,0.03,04/01/19
04/01/19,15/03/19,148.24,280,69.96,0.191671233,0.50205,0.0242,0.025,0.01,0.04,0.03,04/01/19
04/01/19,15/03/19,148.24,285,69.96,0.191671233,0.5045,0.0242,0.02,0,0.04,0.05,04/01/19
04/01/19,15/03/19,148.24,290,69.96,0.191671233,0.51591,0.0242,0.02,0,0.04,0.04,04/01/19
04/01/19,15/03/19,148.24,295,69.96,0.191671233,0.52743,0.0242,0.025,0,0.05,0.07,04/01/19
04/01/19,15/03/19,148.24,300,69.96,0.191671233,0.53886,0.0242,0.02,0,0.04,0.01,04/01/19
04/01/19,18/04/19,148.24,22.5,103.96,0.284821918,5.24626,0.024325359,125.805,125.61,126,130.65,04/01/19
04/01/19,18/04/19,148.24,25,103.96,0.284821918,4.62879,0.024325359,123.3,123.1,123.5,0,04/01/19
04/01/19,18/04/19,148.24,30,103.96,0.284821918,3.70917,0.024325359,118.32,118.1,118.54,0,04/01/19
04/01/19,18/04/19,148.24,35,103.96,0.284821918,3.05255,0.024325359,113.345,113.15,113.54,0,04/01/19
04/01/19,18/04/19,148.24,40,103.96,0.284821918,2.55669,0.024325359,108.355,108.15,108.56,104.79,04/01/19
04/01/19,18/04/19,148.24,45,103.96,0.284821918,2.17128,0.024325359,103.35,103.15,103.55,0,04/01/19
04/01/19,18/04/19,148.24,50,103.96,0.284821918,1.86581,0.024325359,98.37,98.14,98.6,0,04/01/19
04/01/19,18/04/19,148.24,55,103.96,0.284821918,1.61416,0.024325359,93.38,93.16,93.6,153.48,04/01/19
04/01/19,18/04/19,148.24,60,103.96,0.284821918,1.40674,0.024325359,88.405,88.2,88.61,108.12,04/01/19
04/01/19,18/04/19,148.24,65,103.96,0.284821918,1.23168,0.024325359,83.425,83.2,83.65,144.55,04/01/19
04/01/19,18/04/19,148.24,70,103.96,0.284821918,1.07977,0.024325359,78.435,78.21,78.66,0,04/01/19
04/01/19,18/04/19,148.24,75,103.96,0.284821918,0.95319,0.024325359,73.475,73.3,73.65,83.1,04/01/19
04/01/19,18/04/19,148.24,80,103.96,0.284821918,0.84528,0.024325359,68.55,68.35,68.75,0,04/01/19
04/01/19,18/04/19,148.24,85,103.96,0.284821918,0.74998,0.024325359,63.6,63.4,63.8,0,04/01/19
04/01/19,18/04/19,148.24,90,103.96,0.284821918,0.6671,0.024325359,58.68,58.5,58.86,0,04/01/19
04/01/19,18/04/19,148.24,95,103.96,0.284821918,0.60249,0.024325359,53.82,53.64,54,124.27,04/01/19
04/01/19,18/04/19,148.24,100,103.96,0.284821918,0.5447,0.024325359,48.975,48.8,49.15,43.5,04/01/19
04/01/19,18/04/19,148.24,105,103.96,0.284821918,0.49959,0.024325359,44.205,44.06,44.35,41.75,04/01/19
04/01/19,18/04/19,148.24,110,103.96,0.284821918,0.46463,0.024325359,39.525,39.35,39.7,37.4,04/01/19
04/01/19,18/04/19,148.24,115,103.96,0.284821918,0.43436,0.024325359,34.925,34.75,35.1,30.8,04/01/19
04/01/19,18/04/19,148.24,120,103.96,0.284821918,0.41369,0.024325359,30.525,30.35,30.7,30,04/01/19
04/01/19,18/04/19,148.24,125,103.96,0.284821918,0.39519,0.024325359,26.305,26.16,26.45,25.85,04/01/19
04/01/19,18/04/19,148.24,130,103.96,0.284821918,0.37751,0.024325359,22.245,22.15,22.34,22.05,04/01/19
04/01/19,18/04/19,148.24,135,103.96,0.284821918,0.36453,0.024325359,18.55,18.45,18.65,18,04/01/19
04/01/19,18/04/19,148.24,140,103.96,0.284821918,0.35367,0.024325359,15.175,15.05,15.3,14.5,04/01/19
04/01/19,18/04/19,148.24,145,103.96,0.284821918,0.34247,0.024325359,12.13,12.01,12.25,11.8,04/01/19
04/01/19,18/04/19,148.24,150,103.96,0.284821918,0.33071,0.024325359,9.425,9.35,9.5,9.35,04/01/19
04/01/19,18/04/19,148.24,155,103.96,0.284821918,0.32135,0.024325359,7.175,7.1,7.25,6.93,04/01/19
04/01/19,18/04/19,148.24,160,103.96,0.284821918,0.3134,0.024325359,5.3,5.25,5.35,5.13,04/01/19
04/01/19,18/04/19,148.24,165,103.96,0.284821918,0.30634,0.024325359,3.82,3.74,3.9,3.75,04/01/19
04/01/19,18/04/19,148.24,170,103.96,0.284821918,0.30184,0.024325359,2.715,2.65,2.78,2.67,04/01/19
04/01/19,18/04/19,148.24,175,103.96,0.284821918,0.2963,0.024325359,1.87,1.84,1.9,1.77,04/01/19
04/01/19,18/04/19,148.24,180,103.96,0.284821918,0.29271,0.024325359,1.27,1.24,1.3,1.21,04/01/19
04/01/19,18/04/19,148.24,185,103.96,0.284821918,0.29239,0.024325359,0.87,0.85,0.89,0.8,04/01/19
04/01/19,18/04/19,148.24,190,103.96,0.284821918,0.29233,0.024325359,0.605,0.58,0.63,0.59,04/01/19
04/01/19,18/04/19,148.24,195,103.96,0.284821918,0.29585,0.024325359,0.43,0.4,0.46,0.4,04/01/19
04/01/19,18/04/19,148.24,200,103.96,0.284821918,0.29659,0.024325359,0.295,0.28,0.31,0.29,04/01/19
04/01/19,18/04/19,148.24,205,103.96,0.284821918,0.30368,0.024325359,0.23,0.2,0.26,0.21,04/01/19
04/01/19,18/04/19,148.24,210,103.96,0.284821918,0.30516,0.024325359,0.16,0.15,0.17,0.16,04/01/19
04/01/19,18/04/19,148.24,215,103.96,0.284821918,0.31306,0.024325359,0.13,0.1,0.16,0.14,04/01/19
04/01/19,18/04/19,148.24,220,103.96,0.284821918,0.32192,0.024325359,0.115,0.1,0.13,0.09,04/01/19
04/01/19,18/04/19,148.24,225,103.96,0.284821918,0.32899,0.024325359,0.09,0.07,0.11,0.1,04/01/19
04/01/19,18/04/19,148.24,230,103.96,0.284821918,0.33576,0.024325359,0.075,0.05,0.1,0.08,04/01/19
04/01/19,18/04/19,148.24,235,103.96,0.284821918,0.34696,0.024325359,0.065,0.05,0.08,0.04,04/01/19
04/01/19,18/04/19,148.24,240,103.96,0.284821918,0.35401,0.024325359,0.06,0.05,0.07,0.04,04/01/19
04/01/19,18/04/19,148.24,245,103.96,0.284821918,0.36313,0.024325359,0.06,0.04,0.08,0.04,04/01/19
04/01/19,18/04/19,148.24,250,103.96,0.284821918,0.37308,0.024325359,0.05,0.03,0.07,0.05,04/01/19
04/01/19,18/04/19,148.24,255,103.96,0.284821918,0.38034,0.024325359,0.045,0.03,0.06,0.04,04/01/19
04/01/19,18/04/19,148.24,260,103.96,0.284821918,0.38196,0.024325359,0.03,0.01,0.05,0.03,04/01/19
04/01/19,18/04/19,148.24,265,103.96,0.284821918,0.39407,0.024325359,0.035,0.02,0.05,0.02,04/01/19
04/01/19,18/04/19,148.24,270,103.96,0.284821918,0.39838,0.024325359,0.03,0.02,0.04,0.01,04/01/19
04/01/19,18/04/19,148.24,275,103.96,0.284821918,0.40914,0.024325359,0.03,0.01,0.05,0.03,04/01/19
04/01/19,18/04/19,148.24,280,103.96,0.284821918,0.39455,0.024325359,0.015,0.01,0.02,0.03,04/01/19
04/01/19,18/04/19,148.24,285,103.96,0.284821918,0.40388,0.024325359,0.015,0.01,0.02,0.02,04/01/19
04/01/19,18/04/19,148.24,290,103.96,0.284821918,0.44037,0.024325359,0.025,0.01,0.04,0.02,04/01/19
04/01/19,18/04/19,148.24,295,103.96,0.284821918,0.43371,0.024325359,0.025,0,0.05,0.09,04/01/19
04/01/19,18/04/19,148.24,300,103.96,0.284821918,0.43231,0.024325359,0.02,0,0.04,0.01,04/01/19
04/01/19,18/04/19,148.24,305,103.96,0.284821918,0.44181,0.024325359,0.02,0.01,0.03,0.01,04/01/19
04/01/19,18/04/19,148.24,310,103.96,0.284821918,0.4607,0.024325359,0.02,0,0.04,0.09,04/01/19
04/01/19,18/04/19,148.24,315,103.96,0.284821918,0.46913,0.024325359,0.025,0,0.05,0.23,04/01/19
04/01/19,18/04/19,148.24,320,103.96,0.284821918,0.47829,0.024325359,0.015,0,0.03,0.05,04/01/19
04/01/19,18/04/19,148.24,325,103.96,0.284821918,0.48644,0.024325359,0.025,0,0.05,0.04,04/01/19
04/01/19,18/04/19,148.24,330,103.96,0.284821918,0.49448,0.024325359,0.02,0,0.04,0.02,04/01/19
04/01/19,18/04/19,148.24,335,103.96,0.284821918,0.50331,0.024325359,0.025,0,0.05,0.06,04/01/19
04/01/19,18/04/19,148.24,340,103.96,0.284821918,0.51157,0.024325359,0.02,0,0.04,0.13,04/01/19
04/01/19,18/04/19,148.24,345,103.96,0.284821918,0.51987,0.024325359,0.02,0,0.04,0.03,04/01/19
04/01/19,18/04/19,148.24,350,103.96,0.284821918,0.52711,0.024325359,0.02,0,0.04,0.12,04/01/19
04/01/19,18/04/19,148.24,355,103.96,0.284821918,0.5343,0.024325359,0.02,0,0.04,0.1,04/01/19
04/01/19,18/04/19,148.24,360,103.96,0.284821918,0.54175,0.024325359,0.02,0,0.04,0.06,04/01/19
04/01/19,18/04/19,148.24,365,103.96,0.284821918,0.54962,0.024325359,0.02,0,0.04,0.1,04/01/19
04/01/19,18/04/19,148.24,370,103.96,0.284821918,0.55655,0.024325359,0.02,0,0.04,0.08,04/01/19
04/01/19,18/04/19,148.24,375,103.96,0.284821918,0.56321,0.024325359,0.025,0,0.05,0.04,04/01/19
04/01/19,18/04/19,148.24,380,103.96,0.284821918,0.57064,0.024325359,0.02,0,0.04,0.01,04/01/19
04/01/19,18/04/19,148.24,385,103.96,0.284821918,0.5785,0.024325359,0.025,0,0.05,0.05,04/01/19
04/01/19,18/04/19,148.24,390,103.96,0.284821918,0.58445,0.024325359,0.015,0,0.03,0.17,04/01/19
04/01/19,18/04/19,148.24,395,103.96,0.284821918,0.59208,0.024325359,0.02,0,0.04,0.1,04/01/19
04/01/19,18/04/19,148.24,400,103.96,0.284821918,0.59814,0.024325359,0.025,0,0.05,0.02,04/01/19
04/01/19,18/04/19,148.24,405,103.96,0.284821918,0.6045,0.024325359,0.02,0,0.04,0.02,04/01/19
04/01/19,18/04/19,148.24,410,103.96,0.284821918,0.59701,0.024325359,0.015,0,0.03,0.01,04/01/19
04/01/19,18/04/19,148.24,415,103.96,0.284821918,0.61814,0.024325359,0.02,0,0.04,0,04/01/19
04/01/19,18/04/19,148.24,420,103.96,0.284821918,0.6231,0.024325359,0.02,0,0.04,0.02,04/01/19
04/01/19,18/04/19,148.24,425,103.96,0.284821918,0.59721,0.024325359,0.01,0,0.02,0.04,04/01/19
04/01/19,21/06/19,148.24,80,167.96,0.460164384,0.69298,0.024956592,68.705,68.5,68.91,0,04/01/19
04/01/19,21/06/19,148.24,85,167.96,0.460164384,0.62765,0.024956592,63.87,63.65,64.09,85.79,04/01/19
04/01/19,21/06/19,148.24,90,167.96,0.460164384,0.57033,0.024956592,59.045,58.85,59.24,53.3,04/01/19
04/01/19,21/06/19,148.24,95,167.96,0.460164384,0.528,0.024956592,54.355,54.15,54.56,92.75,04/01/19
04/01/19,21/06/19,148.24,100,167.96,0.460164384,0.48946,0.024956592,49.625,49.39,49.86,49.2,04/01/19
04/01/19,21/06/19,148.24,105,167.96,0.460164384,0.4583,0.024956592,45,44.8,45.2,87.46,04/01/19
04/01/19,21/06/19,148.24,110,167.96,0.460164384,0.43449,0.024956592,40.53,40.35,40.71,46.72,04/01/19
04/01/19,21/06/19,148.24,115,167.96,0.460164384,0.41353,0.024956592,36.15,36,36.3,33.05,04/01/19
04/01/19,21/06/19,148.24,120,167.96,0.460164384,0.39684,0.024956592,31.945,31.8,32.09,31.59,04/01/19
04/01/19,21/06/19,148.24,125,167.96,0.460164384,0.38166,0.024956592,27.945,27.79,28.1,23.95,04/01/19
04/01/19,21/06/19,148.24,130,167.96,0.460164384,0.36899,0.024956592,24.175,24.05,24.3,24.15,04/01/19
04/01/19,21/06/19,148.24,135,167.96,0.460164384,0.356,0.024956592,20.63,20.5,20.76,20,04/01/19
04/01/19,21/06/19,148.24,140,167.96,0.460164384,0.34675,0.024956592,17.45,17.3,17.6,17.25,04/01/19
04/01/19,21/06/19,148.24,145,167.96,0.460164384,0.33733,0.024956592,14.505,14.45,14.56,14.15,04/01/19
04/01/19,21/06/19,148.24,150,167.96,0.460164384,0.32895,0.024956592,11.925,11.8,12.05,11.78,04/01/19
04/01/19,21/06/19,148.24,155,167.96,0.460164384,0.32146,0.024956592,9.625,9.5,9.75,9.35,04/01/19
04/01/19,21/06/19,148.24,160,167.96,0.460164384,0.31391,0.024956592,7.645,7.54,7.75,7.5,04/01/19
04/01/19,21/06/19,148.24,165,167.96,0.460164384,0.30679,0.024956592,5.96,5.91,6.01,5.9,04/01/19
04/01/19,21/06/19,148.24,170,167.96,0.460164384,0.3005,0.024956592,4.57,4.55,4.59,4.53,04/01/19
04/01/19,21/06/19,148.24,175,167.96,0.460164384,0.2955,0.024956592,3.47,3.45,3.49,3.43,04/01/19
04/01/19,21/06/19,148.24,180,167.96,0.460164384,0.29394,0.024956592,2.67,2.62,2.72,2.63,04/01/19
04/01/19,21/06/19,148.24,185,167.96,0.460164384,0.29112,0.024956592,2.01,1.97,2.05,1.9,04/01/19
04/01/19,21/06/19,148.24,190,167.96,0.460164384,0.28995,0.024956592,1.505,1.47,1.54,1.48,04/01/19
04/01/19,21/06/19,148.24,195,167.96,0.460164384,0.28913,0.024956592,1.135,1.11,1.16,1.08,04/01/19
04/01/19,21/06/19,148.24,200,167.96,0.460164384,0.28884,0.024956592,0.855,0.83,0.88,0.86,04/01/19
04/01/19,21/06/19,148.24,205,167.96,0.460164384,0.29001,0.024956592,0.65,0.62,0.68,0.63,04/01/19
04/01/19,21/06/19,148.24,210,167.96,0.460164384,0.28947,0.024956592,0.485,0.47,0.5,0.48,04/01/19
04/01/19,21/06/19,148.24,215,167.96,0.460164384,0.29302,0.024956592,0.385,0.36,0.41,0.36,04/01/19
04/01/19,21/06/19,148.24,220,167.96,0.460164384,0.29718,0.024956592,0.32,0.29,0.35,0.28,04/01/19
04/01/19,21/06/19,148.24,225,167.96,0.460164384,0.29871,0.024956592,0.245,0.22,0.27,0.25,04/01/19
04/01/19,21/06/19,148.24,230,167.96,0.460164384,0.30556,0.024956592,0.215,0.2,0.23,0.2,04/01/19
04/01/19,21/06/19,148.24,235,167.96,0.460164384,0.31182,0.024956592,0.195,0.17,0.22,0.17,04/01/19
04/01/19,21/06/19,148.24,240,167.96,0.460164384,0.31131,0.024956592,0.135,0.13,0.14,0.14,04/01/19
04/01/19,21/06/19,148.24,245,167.96,0.460164384,0.32328,0.024956592,0.15,0.13,0.17,0.12,04/01/19
04/01/19,21/06/19,148.24,250,167.96,0.460164384,0.32085,0.024956592,0.1,0.08,0.12,0.12,04/01/19
04/01/19,21/06/19,148.24,255,167.96,0.460164384,0.33362,0.024956592,0.115,0.08,0.15,0.12,04/01/19
04/01/19,21/06/19,148.24,260,167.96,0.460164384,0.33944,0.024956592,0.095,0.06,0.13,0.08,04/01/19
04/01/19,21/06/19,148.24,265,167.96,0.460164384,0.34239,0.024956592,0.09,0.05,0.13,0.1,04/01/19
04/01/19,21/06/19,148.24,270,167.96,0.460164384,0.34961,0.024956592,0.075,0.05,0.1,0.06,04/01/19
04/01/19,21/06/19,148.24,275,167.96,0.460164384,0.35603,0.024956592,0.065,0.04,0.09,0.08,04/01/19
04/01/19,21/06/19,148.24,280,167.96,0.460164384,0.36179,0.024956592,0.07,0.04,0.1,0.06,04/01/19
04/01/19,21/06/19,148.24,285,167.96,0.460164384,0.36425,0.024956592,0.06,0.03,0.09,0.08,04/01/19
04/01/19,21/06/19,148.24,290,167.96,0.460164384,0.37271,0.024956592,0.06,0.03,0.09,0.14,04/01/19
04/01/19,21/06/19,148.24,295,167.96,0.460164384,0.37434,0.024956592,0.05,0.02,0.08,0.05,04/01/19
04/01/19,21/06/19,148.24,300,167.96,0.460164384,0.36401,0.024956592,0.025,0.02,0.03,0.05,04/01/19
04/01/19,21/06/19,148.24,310,167.96,0.460164384,0.3971,0.024956592,0.05,0.02,0.08,0.06,04/01/19
04/01/19,21/06/19,148.24,320,167.96,0.460164384,0.40287,0.024956592,0.04,0.01,0.07,0.01,04/01/19
04/01/19,21/06/19,148.24,330,167.96,0.460164384,0.41184,0.024956592,0.03,0,0.06,0.04,04/01/19
04/01/19,21/06/19,148.24,340,167.96,0.460164384,0.41892,0.024956592,0.03,0.02,0.04,0.03,04/01/19
04/01/19,19/07/19,148.24,80,195.96,0.536876712,0.64288,0.025144252,68.73,68.56,68.9,78.2,04/01/19
04/01/19,19/07/19,148.24,85,195.96,0.536876712,0.58414,0.025144252,63.93,63.76,64.1,67.11,04/01/19
04/01/19,19/07/19,148.24,90,195.96,0.536876712,0.53452,0.025144252,59.15,58.95,59.35,62.8,04/01/19
04/01/19,19/07/19,148.24,95,195.96,0.536876712,0.49417,0.025144252,54.425,54.25,54.6,63.1,04/01/19
04/01/19,19/07/19,148.24,100,195.96,0.536876712,0.4614,0.025144252,49.78,49.61,49.95,49.9,04/01/19
04/01/19,19/07/19,148.24,105,195.96,0.536876712,0.43499,0.025144252,45.22,45.04,45.4,53.65,04/01/19
04/01/19,19/07/19,148.24,110,195.96,0.536876712,0.41601,0.025144252,40.83,40.66,41,37.5,04/01/19
04/01/19,19/07/19,148.24,115,195.96,0.536876712,0.39806,0.025144252,36.525,36.35,36.7,36.4,04/01/19
04/01/19,19/07/19,148.24,120,195.96,0.536876712,0.38369,0.025144252,32.42,32.25,32.59,32.43,04/01/19
04/01/19,19/07/19,148.24,125,195.96,0.536876712,0.36915,0.025144252,28.48,28.35,28.61,28.57,04/01/19
04/01/19,19/07/19,148.24,130,195.96,0.536876712,0.35837,0.025144252,24.805,24.7,24.91,24.65,04/01/19
04/01/19,19/07/19,148.24,135,195.96,0.536876712,0.34971,0.025144252,21.425,21.3,21.55,20.76,04/01/19
04/01/19,19/07/19,148.24,140,195.96,0.536876712,0.33917,0.025144252,18.205,18.11,18.3,18,04/01/19
04/01/19,19/07/19,148.24,145,195.96,0.536876712,0.33202,0.025144252,15.345,15.24,15.45,15.1,04/01/19
04/01/19,19/07/19,148.24,150,195.96,0.536876712,0.32462,0.025144252,12.78,12.7,12.86,12.55,04/01/19
04/01/19,19/07/19,148.24,155,195.96,0.536876712,0.31686,0.025144252,10.445,10.34,10.55,10.26,04/01/19
04/01/19,19/07/19,148.24,160,195.96,0.536876712,0.31009,0.025144252,8.455,8.4,8.51,8.05,04/01/19
04/01/19,19/07/19,148.24,165,195.96,0.536876712,0.30414,0.025144252,6.775,6.7,6.85,6.55,04/01/19
04/01/19,19/07/19,148.24,170,195.96,0.536876712,0.29851,0.025144252,5.33,5.31,5.35,5.17,04/01/19
04/01/19,19/07/19,148.24,175,195.96,0.536876712,0.29596,0.025144252,4.205,4.15,4.26,4.06,04/01/19
04/01/19,19/07/19,148.24,180,195.96,0.536876712,0.29156,0.025144252,3.255,3.2,3.31,3.25,04/01/19
04/01/19,19/07/19,148.24,185,195.96,0.536876712,0.28805,0.025144252,2.485,2.47,2.5,2.38,04/01/19
04/01/19,19/07/19,148.24,190,195.96,0.536876712,0.28696,0.025144252,1.93,1.9,1.96,1.86,04/01/19
04/01/19,19/07/19,148.24,195,195.96,0.536876712,0.28695,0.025144252,1.505,1.47,1.54,1.46,04/01/19
04/01/19,19/07/19,148.24,200,195.96,0.536876712,0.28534,0.025144252,1.14,1.11,1.17,1.05,04/01/19
04/01/19,19/07/19,148.24,205,195.96,0.536876712,0.28529,0.025144252,0.88,0.85,0.91,0.85,04/01/19
04/01/19,19/07/19,148.24,210,195.96,0.536876712,0.28648,0.025144252,0.69,0.68,0.7,0.67,04/01/19
04/01/19,19/07/19,148.24,215,195.96,0.536876712,0.28799,0.025144252,0.545,0.53,0.56,0.52,04/01/19
04/01/19,19/07/19,148.24,220,195.96,0.536876712,0.29063,0.025144252,0.44,0.42,0.46,0.44,04/01/19
04/01/19,19/07/19,148.24,225,195.96,0.536876712,0.29374,0.025144252,0.355,0.34,0.37,0.36,04/01/19
04/01/19,19/07/19,148.24,230,195.96,0.536876712,0.29717,0.025144252,0.305,0.28,0.33,0.28,04/01/19
04/01/19,19/07/19,148.24,235,195.96,0.536876712,0.30244,0.025144252,0.26,0.23,0.29,0.49,04/01/19
04/01/19,19/07/19,148.24,240,195.96,0.536876712,0.30623,0.025144252,0.215,0.18,0.25,0.18,04/01/19
04/01/19,19/07/19,148.24,245,195.96,0.536876712,0.30981,0.025144252,0.195,0.16,0.23,0.18,04/01/19
04/01/19,19/07/19,148.24,250,195.96,0.536876712,0.31544,0.025144252,0.17,0.14,0.2,0.15,04/01/19
04/01/19,19/07/19,148.24,255,195.96,0.536876712,0.32064,0.025144252,0.15,0.12,0.18,0.31,04/01/19
04/01/19,19/07/19,148.24,260,195.96,0.536876712,0.32561,0.025144252,0.135,0.1,0.17,0.11,04/01/19
04/01/19,19/07/19,148.24,265,195.96,0.536876712,0.33047,0.025144252,0.125,0.09,0.16,0.47,04/01/19
04/01/19,19/07/19,148.24,270,195.96,0.536876712,0.33552,0.025144252,0.11,0.08,0.14,0.1,04/01/19
04/01/19,19/07/19,148.24,275,195.96,0.536876712,0.34037,0.025144252,0.1,0.07,0.13,0.09,04/01/19
04/01/19,19/07/19,148.24,280,195.96,0.536876712,0.34843,0.025144252,0.11,0.08,0.14,0.06,04/01/19
04/01/19,19/07/19,148.24,285,195.96,0.536876712,0.35303,0.025144252,0.09,0.06,0.12,0.13,04/01/19
04/01/19,19/07/19,148.24,290,195.96,0.536876712,0.35593,0.025144252,0.08,0.05,0.11,0.06,04/01/19
04/01/19,17/01/20,148.24,50,378,1.035616438,1.0105,0.025675068,98.42,97.89,98.95,98.5,04/01/19
04/01/19,17/01/20,148.24,55,378,1.035616438,0.87857,0.025675068,93.45,92.95,93.95,89.53,04/01/19
04/01/19,17/01/20,148.24,60,378,1.035616438,0.77092,0.025675068,88.5,88,89,88.43,04/01/19
04/01/19,17/01/20,148.24,65,378,1.035616438,0.68076,0.025675068,83.555,83.06,84.05,103.4,04/01/19
04/01/19,17/01/20,148.24,70,378,1.035616438,0.60922,0.025675068,78.705,78.2,79.21,85.05,04/01/19
04/01/19,17/01/20,148.24,75,378,1.035616438,0.55364,0.025675068,73.955,73.45,74.46,73,04/01/19
04/01/19,17/01/20,148.24,80,378,1.035616438,0.51064,0.025675068,69.27,69.04,69.5,68.28,04/01/19
04/01/19,17/01/20,148.24,85,378,1.035616438,0.47465,0.025675068,64.655,64.45,64.86,70.3,04/01/19
04/01/19,17/01/20,148.24,90,378,1.035616438,0.44856,0.025675068,60.155,59.96,60.35,59.92,04/01/19
04/01/19,17/01/20,148.24,95,378,1.035616438,0.42714,0.025675068,55.715,55.54,55.89,53,04/01/19
04/01/19,17/01/20,148.24,100,378,1.035616438,0.4079,0.025675068,51.35,51.2,51.5,51.42,04/01/19
04/01/19,17/01/20,148.24,105,378,1.035616438,0.39655,0.025675068,47.245,47.04,47.45,46.55,04/01/19
04/01/19,17/01/20,148.24,110,378,1.035616438,0.38378,0.025675068,43.2,43,43.4,43,04/01/19
04/01/19,17/01/20,148.24,115,378,1.035616438,0.37252,0.025675068,39.295,39.15,39.44,39.05,04/01/19
04/01/19,17/01/20,148.24,120,378,1.035616438,0.36352,0.025675068,35.6,35.44,35.76,35.5,04/01/19
04/01/19,17/01/20,148.24,125,378,1.035616438,0.35465,0.025675068,32.05,31.95,32.15,31.94,04/01/19
04/01/19,17/01/20,148.24,130,378,1.035616438,0.34691,0.025675068,28.745,28.6,28.89,28.31,04/01/19
04/01/19,17/01/20,148.24,135,378,1.035616438,0.34088,0.025675068,25.655,25.51,25.8,25.4,04/01/19
04/01/19,17/01/20,148.24,140,378,1.035616438,0.33326,0.025675068,22.695,22.6,22.79,22.6,04/01/19
04/01/19,17/01/20,148.24,145,378,1.035616438,0.32752,0.025675068,20.025,19.9,20.15,19.81,04/01/19
04/01/19,17/01/20,148.24,150,378,1.035616438,0.32145,0.025675068,17.53,17.41,17.65,17.3,04/01/19
04/01/19,17/01/20,148.24,155,378,1.035616438,0.31583,0.025675068,15.25,15.15,15.35,14.92,04/01/19
04/01/19,17/01/20,148.24,160,378,1.035616438,0.31128,0.025675068,13.2,13.1,13.3,13.2,04/01/19
04/01/19,17/01/20,148.24,165,378,1.035616438,0.30633,0.025675068,11.35,11.25,11.45,11.2,04/01/19
04/01/19,17/01/20,148.24,170,378,1.035616438,0.30222,0.025675068,9.725,9.65,9.8,9.3,04/01/19
04/01/19,17/01/20,148.24,175,378,1.035616438,0.29785,0.025675068,8.25,8.2,8.3,8.05,04/01/19
04/01/19,17/01/20,148.24,180,378,1.035616438,0.29339,0.025675068,6.975,6.95,7,6.88,04/01/19
04/01/19,17/01/20,148.24,185,378,1.035616438,0.29118,0.025675068,5.925,5.85,6,5.9,04/01/19
04/01/19,17/01/20,148.24,190,378,1.035616438,0.28744,0.025675068,4.945,4.9,4.99,4.85,04/01/19
04/01/19,17/01/20,148.24,195,378,1.035616438,0.28639,0.025675068,4.18,4.11,4.25,4.15,04/01/19
04/01/19,17/01/20,148.24,200,378,1.035616438,0.28374,0.025675068,3.475,3.44,3.51,3.5,04/01/19
04/01/19,17/01/20,148.24,205,378,1.035616438,0.28294,0.025675068,2.94,2.89,2.99,2.86,04/01/19
04/01/19,17/01/20,148.24,210,378,1.035616438,0.28041,0.025675068,2.435,2.42,2.45,2.4,04/01/19
04/01/19,17/01/20,148.24,215,378,1.035616438,0.28019,0.025675068,2.065,2.03,2.1,2.05,04/01/19
04/01/19,17/01/20,148.24,220,378,1.035616438,0.27954,0.025675068,1.735,1.71,1.76,1.74,04/01/19
04/01/19,17/01/20,148.24,225,378,1.035616438,0.27949,0.025675068,1.465,1.44,1.49,1.37,04/01/19
04/01/19,17/01/20,148.24,230,378,1.035616438,0.28041,0.025675068,1.24,1.22,1.26,1.24,04/01/19
04/01/19,17/01/20,148.24,235,378,1.035616438,0.28115,0.025675068,1.055,1.02,1.09,1.01,04/01/19
04/01/19,17/01/20,148.24,240,378,1.035616438,0.27783,0.025675068,0.855,0.76,0.95,0.88,04/01/19
04/01/19,17/01/20,148.24,245,378,1.035616438,0.28236,0.025675068,0.775,0.75,0.8,0.76,04/01/19
04/01/19,17/01/20,148.24,250,378,1.035616438,0.28331,0.025675068,0.675,0.66,0.69,0.66,04/01/19
04/01/19,17/01/20,148.24,255,378,1.035616438,0.28501,0.025675068,0.585,0.57,0.6,0.59,04/01/19
04/01/19,17/01/20,148.24,260,378,1.035616438,0.28694,0.025675068,0.51,0.51,0.51,0.52,04/01/19
04/01/19,17/01/20,148.24,270,378,1.035616438,0.29101,0.025675068,0.405,0.39,0.42,0.43,04/01/19
04/01/19,17/01/20,148.24,280,378,1.035616438,0.29628,0.025675068,0.335,0.3,0.37,0.34,04/01/19
04/01/19,17/01/20,148.24,290,378,1.035616438,0.30444,0.025675068,0.31,0.28,0.34,0.31,04/01/19
04/01/19,17/01/20,148.24,300,378,1.035616438,0.31043,0.025675068,0.255,0.23,0.28,0.27,04/01/19
04/01/19,17/01/20,148.24,310,378,1.035616438,0.31335,0.025675068,0.205,0.2,0.21,0.23,04/01/19
04/01/19,17/01/20,148.24,320,378,1.035616438,0.32073,0.025675068,0.185,0.15,0.22,0.16,04/01/19
04/01/19,17/01/20,148.24,330,378,1.035616438,0.33014,0.025675068,0.195,0.17,0.22,0.19,04/01/19
04/01/19,17/01/20,148.24,340,378,1.035616438,0.33692,0.025675068,0.165,0.13,0.2,0.16,04/01/19
04/01/19,19/06/20,148.24,75,531.96,1.457424658,0.4838,0.025379803,74.05,73.44,74.66,0,04/01/19
04/01/19,19/06/20,148.24,80,531.96,1.457424658,0.4498,0.025379803,69.45,69.2,69.7,66.96,04/01/19
04/01/19,19/06/20,148.24,85,531.96,1.457424658,0.42603,0.025379803,64.995,64.74,65.25,59.5,04/01/19
04/01/19,19/06/20,148.24,90,531.96,1.457424658,0.40877,0.025379803,60.675,60.45,60.9,60.5,04/01/19
04/01/19,19/06/20,148.24,95,531.96,1.457424658,0.39556,0.025379803,56.5,56.25,56.75,55.59,04/01/19
04/01/19,19/06/20,148.24,100,531.96,1.457424658,0.38525,0.025379803,52.455,52.2,52.71,51.59,04/01/19
04/01/19,19/06/20,148.24,105,531.96,1.457424658,0.37717,0.025379803,48.575,48.3,48.85,46.35,04/01/19
04/01/19,19/06/20,148.24,110,531.96,1.457424658,0.36933,0.025379803,44.825,44.6,45.05,43.75,04/01/19
04/01/19,19/06/20,148.24,115,531.96,1.457424658,0.36077,0.025379803,41.18,40.95,41.41,38.52,04/01/19
04/01/19,19/06/20,148.24,120,531.96,1.457424658,0.35534,0.025379803,37.75,37.5,38,37.25,04/01/19
04/01/19,19/06/20,148.24,125,531.96,1.457424658,0.34881,0.025379803,34.47,34.25,34.69,33.85,04/01/19
04/01/19,19/06/20,148.24,130,531.96,1.457424658,0.34358,0.025379803,31.425,31.2,31.65,30.78,04/01/19
04/01/19,19/06/20,148.24,135,531.96,1.457424658,0.33871,0.025379803,28.505,28.3,28.71,25.2,04/01/19
04/01/19,19/06/20,148.24,140,531.96,1.457424658,0.3338,0.025379803,25.775,25.55,26,25,04/01/19
04/01/19,19/06/20,148.24,145,531.96,1.457424658,0.33028,0.025379803,23.275,23.05,23.5,23,04/01/19
04/01/19,19/06/20,148.24,150,531.96,1.457424658,0.32553,0.025379803,20.9,20.7,21.1,20.1,04/01/19
04/01/19,19/06/20,148.24,155,531.96,1.457424658,0.3213,0.025379803,18.755,18.56,18.95,18.85,04/01/19
04/01/19,19/06/20,148.24,160,531.96,1.457424658,0.31771,0.025379803,16.745,16.55,16.94,16.4,04/01/19
04/01/19,19/06/20,148.24,165,531.96,1.457424658,0.31353,0.025379803,14.88,14.71,15.05,14.55,04/01/19
04/01/19,19/06/20,148.24,170,531.96,1.457424658,0.31028,0.025379803,13.14,13.04,13.24,13,04/01/19
04/01/19,19/06/20,148.24,175,531.96,1.457424658,0.30828,0.025379803,11.735,11.56,11.91,11.3,04/01/19
04/01/19,19/06/20,148.24,180,531.96,1.457424658,0.30471,0.025379803,10.325,10.15,10.5,9.9,04/01/19
04/01/19,19/06/20,148.24,185,531.96,1.457424658,0.30292,0.025379803,9.145,9,9.29,9,04/01/19
04/01/19,19/06/20,148.24,190,531.96,1.457424658,0.29998,0.025379803,8.025,7.9,8.15,7.64,04/01/19
04/01/19,19/06/20,148.24,195,531.96,1.457424658,0.29865,0.025379803,7.05,6.89,7.21,6.75,04/01/19
04/01/19,19/06/20,148.24,200,531.96,1.457424658,0.29775,0.025379803,6.25,6.2,6.3,6.2,04/01/19
04/01/19,19/06/20,148.24,205,531.96,1.457424658,0.29253,0.025379803,5.305,5,5.61,5.3,04/01/19
04/01/19,19/06/20,148.24,210,531.96,1.457424658,0.2952,0.025379803,4.825,4.7,4.95,4.7,04/01/19
04/01/19,19/06/20,148.24,215,531.96,1.457424658,0.29498,0.025379803,4.275,4.15,4.4,4.05,04/01/19
04/01/19,19/06/20,148.24,220,531.96,1.457424658,0.28946,0.025379803,3.575,3.3,3.85,3.5,04/01/19
04/01/19,19/06/20,148.24,225,531.96,1.457424658,0.29167,0.025379803,3.255,3.21,3.3,3.25,04/01/19
04/01/19,19/06/20,148.24,230,531.96,1.457424658,0.29314,0.025379803,2.935,2.87,3,2.83,04/01/19
04/01/19,19/06/20,148.24,235,531.96,1.457424658,0.29317,0.025379803,2.635,2.54,2.73,2.57,04/01/19
04/01/19,19/06/20,148.24,240,531.96,1.457424658,0.29281,0.025379803,2.305,2.22,2.39,2.35,04/01/19
04/01/19,19/06/20,148.24,245,531.96,1.457424658,0.29369,0.025379803,2.07,1.97,2.17,1.81,04/01/19
04/01/19,19/06/20,148.24,250,531.96,1.457424658,0.29203,0.025379803,1.79,1.65,1.93,1.89,04/01/19
04/01/19,19/06/20,148.24,260,531.96,1.457424658,0.296,0.025379803,1.5,1.44,1.56,1.49,04/01/19
04/01/19,19/06/20,148.24,270,531.96,1.457424658,0.29731,0.025379803,1.205,1.16,1.25,1.18,04/01/19
04/01/19,19/06/20,148.24,280,531.96,1.457424658,0.30129,0.025379803,1.025,0.96,1.09,1.02,04/01/19
04/01/19,19/06/20,148.24,290,531.96,1.457424658,0.30439,0.025379803,0.87,0.8,0.94,0.81,04/01/19
04/01/19,19/06/20,148.24,300,531.96,1.457424658,0.30888,0.025379803,0.755,0.7,0.81,0.75,04/01/19
04/01/19,19/06/20,148.24,310,531.96,1.457424658,0.3082,0.025379803,0.6,0.48,0.72,0.63,04/01/19
04/01/19,19/06/20,148.24,320,531.96,1.457424658,0.31533,0.025379803,0.565,0.49,0.64,0.58,04/01/19
04/01/19,19/06/20,148.24,330,531.96,1.457424658,0.31992,0.025379803,0.505,0.44,0.57,0.5,04/01/19
04/01/19,19/06/20,148.24,340,531.96,1.457424658,0.32347,0.025379803,0.445,0.42,0.47,0.45,04/01/19
04/01/19,15/01/21,148.24,75,742,2.032876712,0.43056,0.024990137,74.005,73.01,75,73.56,04/01/19
04/01/19,15/01/21,148.24,80,742,2.032876712,0.42367,0.024990137,70,67.5,72.5,69.67,04/01/19
04/01/19,15/01/21,148.24,85,742,2.032876712,0.39898,0.024990137,65.5,63,68,75.08,04/01/19
04/01/19,15/01/21,148.24,90,742,2.032876712,0.39078,0.024990137,61.5,59,64,61.75,04/01/19
04/01/19,15/01/21,148.24,95,742,2.032876712,0.37239,0.024990137,57.155,55.31,59,57.75,04/01/19
04/01/19,15/01/21,148.24,100,742,2.032876712,0.39011,0.024990137,54.505,53.01,56,54,04/01/19
04/01/19,15/01/21,148.24,105,742,2.032876712,0.37102,0.024990137,50.25,48,52.5,50.1,04/01/19
04/01/19,15/01/21,148.24,110,742,2.032876712,0.36542,0.024990137,46.77,45.04,48.5,47.25,04/01/19
04/01/19,15/01/21,148.24,115,742,2.032876712,0.36089,0.024990137,43.5,41,46,40.62,04/01/19
04/01/19,15/01/21,148.24,120,742,2.032876712,0.37654,0.024990137,41.705,39.9,43.51,40.63,04/01/19
04/01/19,15/01/21,148.24,125,742,2.032876712,0.36494,0.024990137,38.25,36.5,40,38.02,04/01/19
04/01/19,15/01/21,148.24,130,742,2.032876712,0.3648,0.024990137,35.75,34,37.5,34.76,04/01/19
04/01/19,15/01/21,148.24,135,742,2.032876712,0.34626,0.024990137,32,31.8,32.2,32,04/01/19
04/01/19,15/01/21,148.24,140,742,2.032876712,0.34369,0.024990137,29.54,29.29,29.79,29.6,04/01/19
04/01/19,15/01/21,148.24,145,742,2.032876712,0.34015,0.024990137,27.205,27.01,27.4,27,04/01/19
04/01/19,15/01/21,148.24,150,742,2.032876712,0.33439,0.024990137,24.73,24.51,24.95,24.75,04/01/19
04/01/19,15/01/21,148.24,155,742,2.032876712,0.33375,0.024990137,22.845,22.3,23.39,22.4,04/01/19
04/01/19,15/01/21,148.24,160,742,2.032876712,0.32439,0.024990137,20.395,19.99,20.8,20.49,04/01/19
04/01/19,15/01/21,148.24,165,742,2.032876712,0.32027,0.024990137,18.505,18,19.01,18.62,04/01/19
04/01/19,15/01/21,148.24,170,742,2.032876712,0.31743,0.024990137,16.825,16.5,17.15,17.1,04/01/19
04/01/19,15/01/21,148.24,175,742,2.032876712,0.31971,0.024990137,15.655,15,16.31,15.5,04/01/19
04/01/19,15/01/21,148.24,180,742,2.032876712,0.31583,0.024990137,14.13,13.75,14.51,14.25,04/01/19
04/01/19,15/01/21,148.24,185,742,2.032876712,0.31143,0.024990137,12.625,12.2,13.05,12.95,04/01/19
04/01/19,15/01/21,148.24,190,742,2.032876712,0.30835,0.024990137,11.355,11,11.71,11.49,04/01/19
04/01/19,15/01/21,148.24,195,742,2.032876712,0.30969,0.024990137,10.5,9.65,11.35,10.35,04/01/19
04/01/19,15/01/21,148.24,200,742,2.032876712,0.30759,0.024990137,9.5,9.35,9.65,9.4,04/01/19
04/01/19,15/01/21,148.24,205,742,2.032876712,0.30469,0.024990137,8.53,8.16,8.9,8.6,04/01/19
04/01/19,15/01/21,148.24,210,742,2.032876712,0.30524,0.024990137,7.85,7.25,8.45,7.92,04/01/19
04/01/19,15/01/21,148.24,215,742,2.032876712,0.30454,0.024990137,7.15,6.45,7.85,7,04/01/19
04/01/19,15/01/21,148.24,220,742,2.032876712,0.29956,0.024990137,6.225,6,6.45,6.45,04/01/19
04/01/19,15/01/21,148.24,225,742,2.032876712,0.29515,0.024990137,5.45,5,5.9,6.25,04/01/19
04/01/19,15/01/21,148.24,230,742,2.032876712,0.30773,0.024990137,5.645,4.74,6.55,5.22,04/01/19
04/01/19,15/01/21,148.24,235,742,2.032876712,0.30614,0.024990137,5.075,3,7.15,4.65,04/01/19
04/01/19,15/01/21,148.24,240,742,2.032876712,0.31408,0.024990137,5.075,3.4,6.75,4.5,04/01/19
04/01/19,15/01/21,148.24,245,742,2.032876712,0.31649,0.024990137,4.83,3.4,6.26,4.2,04/01/19
04/01/19,15/01/21,148.24,250,742,2.032876712,0.30113,0.024990137,3.675,3.35,4,3.45,04/01/19
04/01/19,15/01/21,148.24,255,742,2.032876712,0.30241,0.024990137,3.45,1.5,5.4,3.25,04/01/19
04/01/19,15/01/21,148.24,260,742,2.032876712,0.31484,0.024990137,3.665,2.34,4.99,2.64,04/01/19
04/01/19,15/01/21,148.24,265,742,2.032876712,0.30703,0.024990137,3.055,1.4,4.71,2.54,04/01/19
04/01/19,15/01/21,148.24,270,742,2.032876712,0.31553,0.024990137,3.135,1.92,4.35,2.55,04/01/19
04/01/19,15/01/21,148.24,280,742,2.032876712,0.31928,0.024990137,2.8,1.8,3.8,1.9,04/01/19
04/01/19,15/01/21,148.24,290,742,2.032876712,0.31511,0.024990137,2.245,1.14,3.35,1.78,04/01/19
04/01/19,15/01/21,148.24,300,742,2.032876712,0.3241,0.024990137,2.19,1.39,2.99,1.6,04/01/19
04/01/19,15/01/21,148.24,310,742,2.032876712,0.32074,0.024990137,1.785,0.89,2.68,1.3,04/01/19
04/01/19,15/01/21,148.24,320,742,2.032876712,0.32697,0.024990137,1.705,1,2.41,1.15,04/01/19
04/01/19,15/01/21,148.24,330,742,2.032876712,0.32736,0.024990137,1.47,0.75,2.19,0.95,04/01/19
04/01/19,15/01/21,148.24,340,742,2.032876712,0.30821,0.024990137,0.89,0.58,1.2,0.87,04/01/19
04/01/19,15/01/21,148.24,350,742,2.032876712,0.3143,0.024990137,0.86,0.73,0.99,0.71,04/01/19
04/01/19,15/01/21,148.24,360,742,2.032876712,0.33078,0.024990137,1.02,0.3,1.74,0.7,04/01/19
04/01/19,15/01/21,148.24,370,742,2.032876712,0.33067,0.024990137,0.88,0.46,1.3,0.65,04/01/19
04/01/19,15/01/21,148.24,380,742,2.032876712,0.3189,0.024990137,0.6,0.5,0.7,0.65,04/01/19
07/01/19,11/01/19,147.89,100,4,0.010958904,2.06565,0.0242,47.92,47.75,48.09,47.1,07/01/19
07/01/19,11/01/19,147.89,105,4,0.010958904,1.76553,0.0242,42.925,42.69,43.16,0,07/01/19
07/01/19,11/01/19,147.89,110,4,0.010958904,1.50544,0.0242,37.96,37.76,38.16,34.04,07/01/19
07/01/19,11/01/19,147.89,111,4,0.010958904,1.4408,0.0242,36.925,36.4,37.45,0,07/01/19
07/01/19,11/01/19,147.89,115,4,0.010958904,1.25607,0.0242,32.955,32.56,33.35,33.26,07/01/19
07/01/19,11/01/19,147.89,116,4,0.010958904,1.19486,0.0242,31.93,31.4,32.46,0,07/01/19
07/01/19,11/01/19,147.89,117,4,0.010958904,1.13461,0.0242,30.89,30.39,31.39,0,07/01/19
07/01/19,11/01/19,147.89,118,4,0.010958904,1.10322,0.0242,29.925,29.4,30.45,0,07/01/19
07/01/19,11/01/19,147.89,119,4,0.010958904,1.05793,0.0242,28.925,28.4,29.45,0,07/01/19
07/01/19,11/01/19,147.89,120,4,0.010958904,1.02789,0.0242,27.96,27.51,28.41,35.86,07/01/19
07/01/19,11/01/19,147.89,121,4,0.010958904,0.98392,0.0242,26.95,26.51,27.39,0,07/01/19
07/01/19,11/01/19,147.89,122,4,0.010958904,0.9687,0.0242,26,25.45,26.55,0,07/01/19
07/01/19,11/01/19,147.89,123,4,0.010958904,0.9391,0.0242,25.02,24.49,25.55,24.15,07/01/19
07/01/19,11/01/19,147.89,124,4,0.010958904,0.88501,0.0242,24.005,23.45,24.56,20.45,07/01/19
07/01/19,11/01/19,147.89,125,4,0.010958904,0.81813,0.0242,22.955,22.46,23.45,21.88,07/01/19
07/01/19,11/01/19,147.89,126,4,0.010958904,0.79177,0.0242,21.98,21.51,22.45,18.35,07/01/19
07/01/19,11/01/19,147.89,127,4,0.010958904,0.77827,0.0242,21.025,20.6,21.45,16.1,07/01/19
07/01/19,11/01/19,147.89,128,4,0.010958904,0.7398,0.0242,20.03,19.5,20.56,17.5,07/01/19
07/01/19,11/01/19,147.89,129,4,0.010958904,0.70174,0.0242,19.015,18.49,19.54,19,07/01/19
07/01/19,11/01/19,147.89,130,4,0.010958904,0.68979,0.0242,18.08,17.66,18.5,17.1,07/01/19
07/01/19,11/01/19,147.89,131,4,0.010958904,0.62736,0.0242,17.03,16.51,17.55,14.66,07/01/19
07/01/19,11/01/19,147.89,132,4,0.010958904,0.59028,0.0242,16.025,15.6,16.45,16.15,07/01/19
07/01/19,11/01/19,147.89,133,4,0.010958904,0.5667,0.0242,15.05,14.6,15.5,14.96,07/01/19
07/01/19,11/01/19,147.89,134,4,0.010958904,0.5656,0.0242,14.125,13.65,14.6,13.25,07/01/19
07/01/19,11/01/19,147.89,135,4,0.010958904,0.53971,0.0242,13.15,12.7,13.6,11.6,07/01/19
07/01/19,11/01/19,147.89,136,4,0.010958904,0.48322,0.0242,12.1,11.9,12.3,10.65,07/01/19
07/01/19,11/01/19,147.89,137,4,0.010958904,0.43715,0.0242,11.075,11,11.15,10,07/01/19
07/01/19,11/01/19,147.89,138,4,0.010958904,0.43204,0.0242,10.15,10.01,10.29,8.75,07/01/19
07/01/19,11/01/19,147.89,139,4,0.010958904,0.40486,0.0242,9.17,9.09,9.25,8.15,07/01/19
07/01/19,11/01/19,147.89,140,4,0.010958904,0.40044,0.0242,8.265,8.14,8.39,8.25,07/01/19
07/01/19,11/01/19,147.89,141,4,0.010958904,0.38274,0.0242,7.355,7.25,7.46,7.38,07/01/19
07/01/19,11/01/19,147.89,142,4,0.010958904,0.37798,0.0242,6.5,6.4,6.6,6.5,07/01/19
07/01/19,11/01/19,147.89,143,4,0.010958904,0.36167,0.0242,5.62,5.54,5.7,5.7,07/01/19
07/01/19,11/01/19,147.89,144,4,0.010958904,0.36607,0.0242,4.9,4.8,5,4.87,07/01/19
07/01/19,11/01/19,147.89,145,4,0.010958904,0.35789,0.0242,4.15,4.1,4.2,4.15,07/01/19
07/01/19,11/01/19,147.89,146,4,0.010958904,0.34948,0.0242,3.45,3.4,3.5,3.48,07/01/19
07/01/19,11/01/19,147.89,147,4,0.010958904,0.34558,0.0242,2.845,2.81,2.88,2.87,07/01/19
07/01/19,11/01/19,147.89,148,4,0.010958904,0.33773,0.0242,2.27,2.25,2.29,2.28,07/01/19
07/01/19,11/01/19,147.89,149,4,0.010958904,0.33124,0.0242,1.78,1.77,1.79,1.79,07/01/19
07/01/19,11/01/19,147.89,150,4,0.010958904,0.32439,0.0242,1.345,1.33,1.36,1.35,07/01/19
07/01/19,11/01/19,147.89,152.5,4,0.010958904,0.31487,0.0242,0.62,0.61,0.63,0.62,07/01/19
07/01/19,11/01/19,147.89,155,4,0.010958904,0.31278,0.0242,0.265,0.26,0.27,0.26,07/01/19
07/01/19,11/01/19,147.89,157.5,4,0.010958904,0.32898,0.0242,0.125,0.12,0.13,0.13,07/01/19
07/01/19,11/01/19,147.89,160,4,0.010958904,0.34996,0.0242,0.065,0.06,0.07,0.07,07/01/19
07/01/19,11/01/19,147.89,162.5,4,0.010958904,0.37025,0.0242,0.03,0.03,0.03,0.04,07/01/19
07/01/19,11/01/19,147.89,165,4,0.010958904,0.40301,0.0242,0.025,0.02,0.03,0.03,07/01/19
07/01/19,11/01/19,147.89,167.5,4,0.010958904,0.44973,0.0242,0.025,0.02,0.03,0.02,07/01/19
07/01/19,11/01/19,147.89,170,4,0.010958904,0.46865,0.0242,0.01,0,0.02,0.02,07/01/19
07/01/19,11/01/19,147.89,172.5,4,0.010958904,0.45771,0.0242,0.005,0,0.01,0.01,07/01/19
07/01/19,11/01/19,147.89,175,4,0.010958904,0.49527,0.0242,0.005,0,0.01,0.01,07/01/19
07/01/19,11/01/19,147.89,177.5,4,0.010958904,0.53352,0.0242,0.005,0,0.01,0.01,07/01/19
07/01/19,11/01/19,147.89,180,4,0.010958904,0.56989,0.0242,0.005,0,0.01,0.01,07/01/19
07/01/19,11/01/19,147.89,182.5,4,0.010958904,0.60645,0.0242,0.01,0,0.02,0.01,07/01/19
07/01/19,11/01/19,147.89,185,4,0.010958904,0.64096,0.0242,0.005,0,0.01,0.01,07/01/19
07/01/19,11/01/19,147.89,187.5,4,0.010958904,0.6758,0.0242,0.005,0,0.01,0.01,07/01/19
07/01/19,11/01/19,147.89,190,4,0.010958904,0.71011,0.0242,0,0,0,0.03,07/01/19
07/01/19,11/01/19,147.89,192.5,4,0.010958904,0.74317,0.0242,0.01,0,0.02,0.02,07/01/19
07/01/19,11/01/19,147.89,195,4,0.010958904,0.77572,0.0242,0.01,0,0.02,0.02,07/01/19
07/01/19,11/01/19,147.89,197.5,4,0.010958904,0.89286,0.0242,0.015,0,0.03,0.01,07/01/19
07/01/19,11/01/19,147.89,200,4,0.010958904,0.84017,0.0242,0.005,0,0.01,0.02,07/01/19
07/01/19,11/01/19,147.89,202.5,4,0.010958904,0.96204,0.0242,0.015,0,0.03,0.03,07/01/19
07/01/19,11/01/19,147.89,205,4,0.010958904,0.90224,0.0242,0.01,0,0.02,0.02,07/01/19
07/01/19,11/01/19,147.89,207.5,4,0.010958904,1.02431,0.0242,0.01,0,0.02,0.02,07/01/19
07/01/19,11/01/19,147.89,210,4,0.010958904,1.06132,0.0242,0.015,0,0.03,0.01,07/01/19
07/01/19,11/01/19,147.89,212.5,4,0.010958904,1.09205,0.0242,0.015,0,0.03,0.07,07/01/19
07/01/19,11/01/19,147.89,215,4,0.010958904,1.1225,0.0242,0.01,0,0.02,0.03,07/01/19
07/01/19,11/01/19,147.89,220,4,0.010958904,1.07643,0.0242,0.005,0,0.01,0.01,07/01/19
07/01/19,11/01/19,147.89,225,4,0.010958904,1.24501,0.0242,0.015,0,0.03,0.12,07/01/19
07/01/19,11/01/19,147.89,230,4,0.010958904,1.18519,0.0242,0.005,0,0.01,0.02,07/01/19
07/01/19,11/01/19,147.89,235,4,0.010958904,1.31282,0.0242,0.01,0,0.02,0.08,07/01/19
07/01/19,11/01/19,147.89,240,4,0.010958904,1.41245,0.0242,0.02,0,0.04,0.02,07/01/19
07/01/19,11/01/19,147.89,245,4,0.010958904,1.46797,0.0242,0.015,0,0.03,0.02,07/01/19
07/01/19,11/01/19,147.89,250,4,0.010958904,1.52016,0.0242,0.015,0,0.03,0.01,07/01/19
07/01/19,18/01/19,147.89,2.5,11,0.030136986,7.64706,0.0242,145.395,144.84,145.95,142.05,07/01/19
07/01/19,18/01/19,147.89,5,11,0.030136986,7.46563,0.0242,142.95,142.35,143.55,142.15,07/01/19
07/01/19,18/01/19,147.89,7.5,11,0.030136986,5.42367,0.0242,140.4,139.85,140.95,163.3,07/01/19
07/01/19,18/01/19,147.89,10,11,0.030136986,4.87493,0.0242,137.895,137.35,138.44,160.8,07/01/19
07/01/19,18/01/19,147.89,12.5,11,0.030136986,5.3004,0.0242,135.45,134.85,136.05,161.45,07/01/19
07/01/19,18/01/19,147.89,15,11,0.030136986,4.12725,0.0242,132.895,132.34,133.45,151.82,07/01/19
07/01/19,18/01/19,147.89,17.5,11,0.030136986,3.8359,0.0242,130.4,129.85,130.95,154.45,07/01/19
07/01/19,18/01/19,147.89,20,11,0.030136986,4.26475,0.0242,127.95,127.35,128.55,151.95,07/01/19
07/01/19,18/01/19,147.89,22.5,11,0.030136986,4.01141,0.0242,125.455,124.86,126.05,159,07/01/19
07/01/19,18/01/19,147.89,25,11,0.030136986,3.78664,0.0242,122.955,122.36,123.55,145.85,07/01/19
07/01/19,18/01/19,147.89,30,11,0.030136986,3.64671,0.0242,118,117.4,118.6,142,07/01/19
07/01/19,18/01/19,147.89,35,11,0.030136986,3.07762,0.0242,112.95,112.35,113.55,113.13,07/01/19
07/01/19,18/01/19,147.89,40,11,0.030136986,2.79971,0.0242,107.95,107.45,108.45,104.9,07/01/19
07/01/19,18/01/19,147.89,42.5,11,0.030136986,2.87041,0.0242,105.5,104.9,106.1,102.2,07/01/19
07/01/19,18/01/19,147.89,45,11,0.030136986,2.74343,0.0242,103,102.41,103.59,122.02,07/01/19
07/01/19,18/01/19,147.89,47.5,11,0.030136986,2.62376,0.0242,100.5,99.9,101.1,117.9,07/01/19
07/01/19,18/01/19,147.89,50,11,0.030136986,2.51102,0.0242,98,97.4,98.6,105.4,07/01/19
07/01/19,18/01/19,147.89,55,11,0.030136986,2.30185,0.0242,93,92.4,93.6,109.05,07/01/19
07/01/19,18/01/19,147.89,60,11,0.030136986,2.11215,0.0242,88.005,87.4,88.61,86.9,07/01/19
07/01/19,18/01/19,147.89,65,11,0.030136986,1.93632,0.0242,83.005,82.4,83.61,92.4,07/01/19
07/01/19,18/01/19,147.89,70,11,0.030136986,1.71768,0.0242,77.98,77.46,78.5,72.2,07/01/19
07/01/19,18/01/19,147.89,75,11,0.030136986,1.57188,0.0242,72.98,72.45,73.51,73.11,07/01/19
07/01/19,18/01/19,147.89,80,11,0.030136986,1.37404,0.0242,67.955,67.41,68.5,67.25,07/01/19
07/01/19,18/01/19,147.89,85,11,0.030136986,1.30358,0.0242,62.975,62.45,63.5,87.87,07/01/19
07/01/19,18/01/19,147.89,90,11,0.030136986,1.22174,0.0242,58.005,57.56,58.45,58,07/01/19
07/01/19,18/01/19,147.89,95,11,0.030136986,0.95686,0.0242,52.92,52.4,53.44,49.43,07/01/19
07/01/19,18/01/19,147.89,97.5,11,0.030136986,0.90558,0.0242,50.425,49.9,50.95,60.9,07/01/19
07/01/19,18/01/19,147.89,100,11,0.030136986,1.01633,0.0242,48.02,47.54,48.5,47.55,07/01/19
07/01/19,18/01/19,147.89,105,11,0.030136986,0.84625,0.0242,42.98,42.41,43.55,40.4,07/01/19
07/01/19,18/01/19,147.89,110,11,0.030136986,0.74389,0.0242,37.97,37.45,38.49,37.38,07/01/19
07/01/19,18/01/19,147.89,111,11,0.030136986,0.75056,0.0242,37.005,36.45,37.56,0,07/01/19
07/01/19,18/01/19,147.89,112,11,0.030136986,0.72976,0.0242,35.995,35.45,36.54,0,07/01/19
07/01/19,18/01/19,147.89,113,11,0.030136986,0.68365,0.0242,34.975,34.45,35.5,0,07/01/19
07/01/19,18/01/19,147.89,114,11,0.030136986,0.66362,0.0242,33.97,33.44,34.5,0,07/01/19
07/01/19,18/01/19,147.89,115,11,0.030136986,0.70918,0.0242,33.05,32.55,33.55,32.45,07/01/19
07/01/19,18/01/19,147.89,116,11,0.030136986,0.67052,0.0242,32.02,31.5,32.54,0,07/01/19
07/01/19,18/01/19,147.89,117,11,0.030136986,0.66812,0.0242,31.045,30.49,31.6,0,07/01/19
07/01/19,18/01/19,147.89,118,11,0.030136986,0.64699,0.0242,30.06,29.51,30.61,0,07/01/19
07/01/19,18/01/19,147.89,119,11,0.030136986,0.65592,0.0242,29.1,28.5,29.7,0,07/01/19
07/01/19,18/01/19,147.89,120,11,0.030136986,0.52211,0.0242,27.945,27.64,28.25,28.09,07/01/19
07/01/19,18/01/19,147.89,121,11,0.030136986,0.60034,0.0242,27.08,26.51,27.65,0,07/01/19
07/01/19,18/01/19,147.89,122,11,0.030136986,0.59232,0.0242,26.1,25.55,26.65,0,07/01/19
07/01/19,18/01/19,147.89,123,11,0.030136986,0.52938,0.0242,25.03,24.45,25.61,0,07/01/19
07/01/19,18/01/19,147.89,124,11,0.030136986,0.55043,0.0242,24.1,23.55,24.65,0,07/01/19
07/01/19,18/01/19,147.89,125,11,0.030136986,0.45406,0.0242,22.975,22.65,23.3,23.14,07/01/19
07/01/19,18/01/19,147.89,126,11,0.030136986,0.51997,0.0242,22.12,21.6,22.64,0,07/01/19
07/01/19,18/01/19,147.89,127,11,0.030136986,0.49837,0.0242,21.12,20.6,21.64,0,07/01/19
07/01/19,18/01/19,147.89,128,11,0.030136986,0.48703,0.0242,20.155,19.61,20.7,0,07/01/19
07/01/19,18/01/19,147.89,129,11,0.030136986,0.47553,0.0242,19.175,18.65,19.7,18.95,07/01/19
07/01/19,18/01/19,147.89,130,11,0.030136986,0.45342,0.0242,18.18,18,18.36,17.8,07/01/19
07/01/19,18/01/19,147.89,131,11,0.030136986,0.44768,0.0242,17.225,17.05,17.4,15.95,07/01/19
07/01/19,18/01/19,147.89,132,11,0.030136986,0.44616,0.0242,16.305,16.11,16.5,14.25,07/01/19
07/01/19,18/01/19,147.89,133,11,0.030136986,0.41732,0.0242,15.27,15.09,15.45,14.05,07/01/19
07/01/19,18/01/19,147.89,134,11,0.030136986,0.41229,0.0242,14.35,14.15,14.55,13.7,07/01/19
07/01/19,18/01/19,147.89,135,11,0.030136986,0.41075,0.0242,13.445,13.3,13.59,12.45,07/01/19
07/01/19,18/01/19,147.89,136,11,0.030136986,0.40121,0.0242,12.525,12.35,12.7,11.5,07/01/19
07/01/19,18/01/19,147.89,137,11,0.030136986,0.38919,0.0242,11.605,11.46,11.75,11.9,07/01/19
07/01/19,18/01/19,147.89,138,11,0.030136986,0.37981,0.0242,10.7,10.56,10.84,10.5,07/01/19
07/01/19,18/01/19,147.89,139,11,0.030136986,0.37533,0.0242,9.85,9.75,9.95,9.91,07/01/19
07/01/19,18/01/19,147.89,140,11,0.030136986,0.36855,0.0242,9.01,8.91,9.11,9,07/01/19
07/01/19,18/01/19,147.89,141,11,0.030136986,0.36436,0.0242,8.195,8.09,8.3,8.05,07/01/19
07/01/19,18/01/19,147.89,142,11,0.030136986,0.35644,0.0242,7.4,7.3,7.5,7.2,07/01/19
07/01/19,18/01/19,147.89,143,11,0.030136986,0.35476,0.0242,6.67,6.6,6.74,6.55,07/01/19
07/01/19,18/01/19,147.89,144,11,0.030136986,0.34896,0.0242,5.955,5.9,6.01,6.16,07/01/19
07/01/19,18/01/19,147.89,145,11,0.030136986,0.34434,0.0242,5.275,5.2,5.35,5.3,07/01/19
07/01/19,18/01/19,147.89,146,11,0.030136986,0.33852,0.0242,4.625,4.55,4.7,4.6,07/01/19
07/01/19,18/01/19,147.89,147,11,0.030136986,0.33142,0.0242,4,3.95,4.05,4.05,07/01/19
07/01/19,18/01/19,147.89,148,11,0.030136986,0.32989,0.0242,3.47,3.44,3.5,3.5,07/01/19
07/01/19,18/01/19,147.89,149,11,0.030136986,0.32532,0.0242,2.975,2.95,3,2.99,07/01/19
07/01/19,18/01/19,147.89,150,11,0.030136986,0.32291,0.0242,2.52,2.5,2.54,2.55,07/01/19
07/01/19,18/01/19,147.89,152.5,11,0.030136986,0.31329,0.0242,1.58,1.56,1.6,1.6,07/01/19
07/01/19,18/01/19,147.89,155,11,0.030136986,0.3063,0.0242,0.935,0.92,0.95,0.93,07/01/19
07/01/19,18/01/19,147.89,157.5,11,0.030136986,0.30604,0.0242,0.54,0.52,0.56,0.54,07/01/19
07/01/19,18/01/19,147.89,160,11,0.030136986,0.30988,0.0242,0.315,0.3,0.33,0.33,07/01/19
07/01/19,18/01/19,147.89,162.5,11,0.030136986,0.32113,0.0242,0.2,0.19,0.21,0.21,07/01/19
07/01/19,18/01/19,147.89,165,11,0.030136986,0.33773,0.0242,0.145,0.13,0.16,0.14,07/01/19
07/01/19,18/01/19,147.89,167.5,11,0.030136986,0.35358,0.0242,0.1,0.09,0.11,0.11,07/01/19
07/01/19,18/01/19,147.89,170,11,0.030136986,0.38481,0.0242,0.1,0.1,0.1,0.09,07/01/19
07/01/19,18/01/19,147.89,172.5,11,0.030136986,0.39964,0.0242,0.07,0.06,0.08,0.08,07/01/19
07/01/19,18/01/19,147.89,175,11,0.030136986,0.42647,0.0242,0.06,0.06,0.06,0.07,07/01/19
07/01/19,18/01/19,147.89,177.5,11,0.030136986,0.45712,0.0242,0.065,0.06,0.07,0.06,07/01/19
07/01/19,18/01/19,147.89,180,11,0.030136986,0.47639,0.0242,0.05,0.04,0.06,0.05,07/01/19
07/01/19,18/01/19,147.89,182.5,11,0.030136986,0.50428,0.0242,0.055,0.04,0.07,0.05,07/01/19
07/01/19,18/01/19,147.89,185,11,0.030136986,0.51875,0.0242,0.05,0.04,0.06,0.04,07/01/19
07/01/19,18/01/19,147.89,190,11,0.030136986,0.55619,0.0242,0.03,0.02,0.04,0.04,07/01/19
07/01/19,18/01/19,147.89,195,11,0.030136986,0.58394,0.0242,0.025,0.02,0.03,0.03,07/01/19
07/01/19,18/01/19,147.89,200,11,0.030136986,0.61597,0.0242,0.025,0.02,0.03,0.02,07/01/19
07/01/19,18/01/19,147.89,205,11,0.030136986,0.6433,0.0242,0.015,0.01,0.02,0.02,07/01/19
07/01/19,18/01/19,147.89,210,11,0.030136986,0.68505,0.0242,0.015,0.01,0.02,0.01,07/01/19
07/01/19,18/01/19,147.89,215,11,0.030136986,0.65887,0.0242,0.01,0,0.02,0.01,07/01/19
07/01/19,18/01/19,147.89,220,11,0.030136986,0.69481,0.0242,0.005,0,0.01,0.01,07/01/19
07/01/19,18/01/19,147.89,225,11,0.030136986,0.8034,0.0242,0.01,0,0.02,0.01,07/01/19
07/01/19,18/01/19,147.89,230,11,0.030136986,0.76532,0.0242,0,0,0,0.01,07/01/19
07/01/19,18/01/19,147.89,235,11,0.030136986,0.79886,0.0242,0.005,0,0.01,0.01,07/01/19
07/01/19,18/01/19,147.89,240,11,0.030136986,0.83161,0.0242,0.005,0,0.01,0.01,07/01/19
07/01/19,18/01/19,147.89,245,11,0.030136986,0.86399,0.0242,0.01,0,0.02,0.02,07/01/19
07/01/19,18/01/19,147.89,250,11,0.030136986,0.89516,0.0242,0.005,0,0.01,0.01,07/01/19
07/01/19,18/01/19,147.89,255,11,0.030136986,0.92521,0.0242,0.005,0,0.01,0.01,07/01/19
07/01/19,18/01/19,147.89,260,11,0.030136986,0.9545,0.0242,0.005,0,0.01,0.01,07/01/19
07/01/19,18/01/19,147.89,265,11,0.030136986,0.98355,0.0242,0.005,0,0.01,0.01,07/01/19
07/01/19,18/01/19,147.89,270,11,0.030136986,1.01263,0.0242,0.005,0,0.01,0.01,07/01/19
07/01/19,18/01/19,147.89,275,11,0.030136986,1.03996,0.0242,0.005,0,0.01,0.01,07/01/19
07/01/19,18/01/19,147.89,280,11,0.030136986,1.06771,0.0242,0,0,0,0.01,07/01/19
07/01/19,18/01/19,147.89,285,11,0.030136986,1.09457,0.0242,0.005,0,0.01,0.01,07/01/19
07/01/19,18/01/19,147.89,290,11,0.030136986,1.12014,0.0242,0.01,0,0.02,0.01,07/01/19
07/01/19,18/01/19,147.89,295,11,0.030136986,1.14658,0.0242,0.005,0,0.01,0.01,07/01/19
07/01/19,18/01/19,147.89,300,11,0.030136986,1.17154,0.0242,0.005,0,0.01,0.01,07/01/19
07/01/19,18/01/19,147.89,305,11,0.030136986,1.19606,0.0242,0.005,0,0.01,0.01,07/01/19
07/01/19,18/01/19,147.89,310,11,0.030136986,1.22065,0.0242,0.005,0,0.01,0.02,07/01/19
07/01/19,18/01/19,147.89,315,11,0.030136986,1.24394,0.0242,0.005,0,0.01,0.02,07/01/19
07/01/19,18/01/19,147.89,320,11,0.030136986,1.26734,0.0242,0.005,0,0.01,0.01,07/01/19
07/01/19,18/01/19,147.89,325,11,0.030136986,1.28992,0.0242,0.005,0,0.01,0.01,07/01/19
07/01/19,18/01/19,147.89,330,11,0.030136986,1.31257,0.0242,0.005,0,0.01,0.06,07/01/19
07/01/19,18/01/19,147.89,335,11,0.030136986,1.40619,0.0242,0.01,0,0.02,0.02,07/01/19
07/01/19,18/01/19,147.89,340,11,0.030136986,1.35642,0.0242,0.01,0,0.02,0.01,07/01/19
07/01/19,18/01/19,147.89,345,11,0.030136986,1.3778,0.0242,0.005,0,0.01,0.01,07/01/19
07/01/19,18/01/19,147.89,350,11,0.030136986,1.39893,0.0242,0.01,0,0.02,0.01,07/01/19
07/01/19,18/01/19,147.89,355,11,0.030136986,1.49456,0.0242,0.01,0,0.02,0.02,07/01/19
07/01/19,18/01/19,147.89,360,11,0.030136986,2.54364,0.0242,1.07,0,2.14,0.03,07/01/19
07/01/19,18/01/19,147.89,365,11,0.030136986,1.58535,0.0242,0.015,0,0.03,0.05,07/01/19
07/01/19,18/01/19,147.89,370,11,0.030136986,2.60347,0.0242,1.065,0,2.13,0.01,07/01/19
07/01/19,18/01/19,147.89,375,11,0.030136986,2.63232,0.0242,1.065,0,2.13,0.01,07/01/19
07/01/19,25/01/19,147.89,100,18,0.049315068,0.86378,0.0242,48.1,47.5,48.7,46.26,07/01/19
07/01/19,25/01/19,147.89,105,18,0.049315068,0.76863,0.0242,43.1,42.5,43.7,52.37,07/01/19
07/01/19,25/01/19,147.89,110,18,0.049315068,0.70281,0.0242,38.15,37.55,38.75,47.43,07/01/19
07/01/19,25/01/19,147.89,115,18,0.049315068,0.63257,0.0242,33.195,32.6,33.79,32.58,07/01/19
07/01/19,25/01/19,147.89,120,18,0.049315068,0.55111,0.0242,28.23,27.65,28.81,28.3,07/01/19
07/01/19,25/01/19,147.89,125,18,0.049315068,0.48845,0.0242,23.325,22.75,23.9,23,07/01/19
07/01/19,25/01/19,147.89,130,18,0.049315068,0.41703,0.0242,18.425,18.24,18.61,18.94,07/01/19
07/01/19,25/01/19,147.89,132,18,0.049315068,0.40577,0.0242,16.57,16.39,16.75,0,07/01/19
07/01/19,25/01/19,147.89,133,18,0.049315068,0.39345,0.0242,15.63,15.45,15.81,15.35,07/01/19
07/01/19,25/01/19,147.89,134,18,0.049315068,0.38852,0.0242,14.73,14.55,14.91,0,07/01/19
07/01/19,25/01/19,147.89,135,18,0.049315068,0.38513,0.0242,13.85,13.7,14,13.5,07/01/19
07/01/19,25/01/19,147.89,136,18,0.049315068,0.38292,0.0242,12.995,12.84,13.15,0,07/01/19
07/01/19,25/01/19,147.89,137,18,0.049315068,0.37796,0.0242,12.15,12,12.3,11.9,07/01/19
07/01/19,25/01/19,147.89,138,18,0.049315068,0.36626,0.0242,11.255,11.1,11.41,11.1,07/01/19
07/01/19,25/01/19,147.89,139,18,0.049315068,0.36323,0.0242,10.45,10.29,10.61,10.6,07/01/19
07/01/19,25/01/19,147.89,140,18,0.049315068,0.35529,0.0242,9.615,9.49,9.74,9.35,07/01/19
07/01/19,25/01/19,147.89,141,18,0.049315068,0.35099,0.0242,8.85,8.7,9,8.8,07/01/19
07/01/19,25/01/19,147.89,142,18,0.049315068,0.35075,0.0242,8.15,8.05,8.25,8.48,07/01/19
07/01/19,25/01/19,147.89,143,18,0.049315068,0.34095,0.0242,7.375,7.25,7.5,7.2,07/01/19
07/01/19,25/01/19,147.89,144,18,0.049315068,0.33781,0.0242,6.705,6.6,6.81,6.7,07/01/19
07/01/19,25/01/19,147.89,145,18,0.049315068,0.33423,0.0242,6.055,5.96,6.15,6.25,07/01/19
07/01/19,25/01/19,147.89,146,18,0.049315068,0.32693,0.0242,5.38,5.3,5.46,5.6,07/01/19
07/01/19,25/01/19,147.89,147,18,0.049315068,0.3251,0.0242,4.825,4.75,4.9,4.8,07/01/19
07/01/19,25/01/19,147.89,148,18,0.049315068,0.32184,0.0242,4.275,4.2,4.35,4.3,07/01/19
07/01/19,25/01/19,147.89,149,18,0.049315068,0.31736,0.0242,3.75,3.7,3.8,3.77,07/01/19
07/01/19,25/01/19,147.89,150,18,0.049315068,0.312,0.0242,3.25,3.2,3.3,3.28,07/01/19
07/01/19,25/01/19,147.89,152.5,18,0.049315068,0.30431,0.0242,2.25,2.22,2.28,2.26,07/01/19
07/01/19,25/01/19,147.89,155,18,0.049315068,0.29728,0.0242,1.485,1.46,1.51,1.49,07/01/19
07/01/19,25/01/19,147.89,157.5,18,0.049315068,0.29336,0.0242,0.955,0.93,0.98,0.96,07/01/19
07/01/19,25/01/19,147.89,160,18,0.049315068,0.29216,0.0242,0.595,0.57,0.62,0.59,07/01/19
07/01/19,25/01/19,147.89,162.5,18,0.049315068,0.2938,0.0242,0.38,0.35,0.41,0.4,07/01/19
07/01/19,25/01/19,147.89,165,18,0.049315068,0.29929,0.0242,0.245,0.23,0.26,0.24,07/01/19
07/01/19,25/01/19,147.89,167.5,18,0.049315068,0.30783,0.0242,0.17,0.15,0.19,0.17,07/01/19
07/01/19,25/01/19,147.89,170,18,0.049315068,0.32008,0.0242,0.125,0.1,0.15,0.12,07/01/19
07/01/19,25/01/19,147.89,172.5,18,0.049315068,0.34042,0.0242,0.11,0.09,0.13,0.1,07/01/19
07/01/19,25/01/19,147.89,175,18,0.049315068,0.35589,0.0242,0.09,0.07,0.11,0.08,07/01/19
07/01/19,25/01/19,147.89,177.5,18,0.049315068,0.37054,0.0242,0.08,0.06,0.1,0.06,07/01/19
07/01/19,25/01/19,147.89,180,18,0.049315068,0.38668,0.0242,0.06,0.04,0.08,0.06,07/01/19
07/01/19,25/01/19,147.89,182.5,18,0.049315068,0.40525,0.0242,0.06,0.04,0.08,0.05,07/01/19
07/01/19,25/01/19,147.89,185,18,0.049315068,0.4069,0.0242,0.045,0.02,0.07,0.05,07/01/19
07/01/19,25/01/19,147.89,187.5,18,0.049315068,0.42118,0.0242,0.04,0.03,0.05,0.03,07/01/19
07/01/19,25/01/19,147.89,190,18,0.049315068,0.44829,0.0242,0.04,0.01,0.07,0.06,07/01/19
07/01/19,25/01/19,147.89,192.5,18,0.049315068,0.46175,0.0242,0.04,0.01,0.07,0.05,07/01/19
07/01/19,25/01/19,147.89,195,18,0.049315068,0.47304,0.0242,0.03,0.02,0.04,0.03,07/01/19
07/01/19,25/01/19,147.89,197.5,18,0.049315068,0.50067,0.0242,0.04,0,0.08,0.05,07/01/19
07/01/19,25/01/19,147.89,200,18,0.049315068,0.48962,0.0242,0.02,0.01,0.03,0.03,07/01/19
07/01/19,25/01/19,147.89,202.5,18,0.049315068,0.49293,0.0242,0.015,0,0.03,0.03,07/01/19
07/01/19,25/01/19,147.89,205,18,0.049315068,0.51081,0.0242,0.015,0,0.03,0.01,07/01/19
07/01/19,25/01/19,147.89,207.5,18,0.049315068,0.55429,0.0242,0.02,0,0.04,0.02,07/01/19
07/01/19,25/01/19,147.89,210,18,0.049315068,0.54397,0.0242,0.015,0,0.03,0.01,07/01/19
07/01/19,25/01/19,147.89,212.5,18,0.049315068,0.58832,0.0242,0.025,0,0.05,0.16,07/01/19
07/01/19,25/01/19,147.89,215,18,0.049315068,0.60476,0.0242,0.025,0,0.05,0.2,07/01/19
07/01/19,25/01/19,147.89,220,18,0.049315068,0.62353,0.0242,0.02,0,0.04,0.01,07/01/19
07/01/19,25/01/19,147.89,225,18,0.049315068,0.65481,0.0242,0.02,0,0.04,0.01,07/01/19
07/01/19,01/02/19,147.89,100,25,0.068493151,0.78718,0.0242,48.195,48.04,48.35,57,07/01/19
07/01/19,01/02/19,147.89,105,25,0.068493151,0.66936,0.0242,43.13,43,43.26,42.15,07/01/19
07/01/19,01/02/19,147.89,110,25,0.068493151,0.64632,0.0242,38.275,38.15,38.4,37.25,07/01/19
07/01/19,01/02/19,147.89,115,25,0.068493151,0.58493,0.0242,33.345,33.2,33.49,41.4,07/01/19
07/01/19,01/02/19,147.89,120,25,0.068493151,0.51982,0.0242,28.42,28.29,28.55,27,07/01/19
07/01/19,01/02/19,147.89,125,25,0.068493151,0.49075,0.0242,23.72,23.6,23.84,23.27,07/01/19
07/01/19,01/02/19,147.89,130,25,0.068493151,0.45694,0.0242,19.15,18.99,19.31,18.7,07/01/19
07/01/19,01/02/19,147.89,132,25,0.068493151,0.43879,0.0242,17.325,17.2,17.45,0,07/01/19
07/01/19,01/02/19,147.89,133,25,0.068493151,0.43397,0.0242,16.475,16.35,16.6,0,07/01/19
07/01/19,01/02/19,147.89,134,25,0.068493151,0.42442,0.0242,15.575,15.45,15.7,0,07/01/19
07/01/19,01/02/19,147.89,135,25,0.068493151,0.42497,0.0242,14.795,14.7,14.89,14.1,07/01/19
07/01/19,01/02/19,147.89,136,25,0.068493151,0.41999,0.0242,13.97,13.84,14.1,13.3,07/01/19
07/01/19,01/02/19,147.89,137,25,0.068493151,0.41872,0.0242,13.225,13.1,13.35,12.55,07/01/19
07/01/19,01/02/19,147.89,138,25,0.068493151,0.41116,0.0242,12.4,12.3,12.5,12.84,07/01/19
07/01/19,01/02/19,147.89,139,25,0.068493151,0.40618,0.0242,11.625,11.5,11.75,11.95,07/01/19
07/01/19,01/02/19,147.89,140,25,0.068493151,0.40112,0.0242,10.87,10.74,11,10.79,07/01/19
07/01/19,01/02/19,147.89,141,25,0.068493151,0.40072,0.0242,10.2,10.09,10.31,10.8,07/01/19
07/01/19,01/02/19,147.89,142,25,0.068493151,0.39272,0.0242,9.455,9.36,9.55,8.95,07/01/19
07/01/19,01/02/19,147.89,143,25,0.068493151,0.39092,0.0242,8.8,8.69,8.91,8.97,07/01/19
07/01/19,01/02/19,147.89,144,25,0.068493151,0.39058,0.0242,8.205,8.11,8.3,8.4,07/01/19
07/01/19,01/02/19,147.89,145,25,0.068493151,0.38517,0.0242,7.55,7.45,7.65,7.57,07/01/19
07/01/19,01/02/19,147.89,146,25,0.068493151,0.37989,0.0242,6.925,6.85,7,6.9,07/01/19
07/01/19,01/02/19,147.89,147,25,0.068493151,0.37747,0.0242,6.375,6.3,6.45,6.4,07/01/19
07/01/19,01/02/19,147.89,148,25,0.068493151,0.37394,0.0242,5.83,5.75,5.91,6,07/01/19
07/01/19,01/02/19,147.89,149,25,0.068493151,0.3713,0.0242,5.33,5.25,5.41,5.44,07/01/19
07/01/19,01/02/19,147.89,150,25,0.068493151,0.3675,0.0242,4.825,4.75,4.9,4.8,07/01/19
07/01/19,01/02/19,147.89,152.5,25,0.068493151,0.35852,0.0242,3.73,3.66,3.8,3.7,07/01/19
07/01/19,01/02/19,147.89,155,25,0.068493151,0.35073,0.0242,2.8,2.77,2.83,2.82,07/01/19
07/01/19,01/02/19,147.89,157.5,25,0.068493151,0.3453,0.0242,2.06,2.02,2.1,2.11,07/01/19
07/01/19,01/02/19,147.89,160,25,0.068493151,0.34044,0.0242,1.5,1.47,1.53,1.52,07/01/19
07/01/19,01/02/19,147.89,162.5,25,0.068493151,0.3377,0.0242,1.08,1.06,1.1,1.07,07/01/19
07/01/19,01/02/19,147.89,165,25,0.068493151,0.33776,0.0242,0.77,0.74,0.8,0.76,07/01/19
07/01/19,01/02/19,147.89,167.5,25,0.068493151,0.33919,0.0242,0.545,0.52,0.57,0.55,07/01/19
07/01/19,01/02/19,147.89,170,25,0.068493151,0.34288,0.0242,0.4,0.37,0.43,0.42,07/01/19
07/01/19,01/02/19,147.89,172.5,25,0.068493151,0.35002,0.0242,0.31,0.29,0.33,0.29,07/01/19
07/01/19,01/02/19,147.89,175,25,0.068493151,0.3578,0.0242,0.24,0.22,0.26,0.23,07/01/19
07/01/19,01/02/19,147.89,177.5,25,0.068493151,0.36779,0.0242,0.195,0.17,0.22,0.22,07/01/19
07/01/19,01/02/19,147.89,180,25,0.068493151,0.37828,0.0242,0.155,0.14,0.17,0.18,07/01/19
07/01/19,01/02/19,147.89,182.5,25,0.068493151,0.38867,0.0242,0.13,0.12,0.14,0.14,07/01/19
07/01/19,01/02/19,147.89,185,25,0.068493151,0.4032,0.0242,0.12,0.1,0.14,0.12,07/01/19
07/01/19,01/02/19,147.89,187.5,25,0.068493151,0.42033,0.0242,0.11,0.09,0.13,0.11,07/01/19
07/01/19,01/02/19,147.89,190,25,0.068493151,0.43732,0.0242,0.105,0.08,0.13,0.09,07/01/19
07/01/19,01/02/19,147.89,192.5,25,0.068493151,0.44692,0.0242,0.095,0.07,0.12,0.06,07/01/19
07/01/19,01/02/19,147.89,195,25,0.068493151,0.46476,0.0242,0.095,0.07,0.12,0.08,07/01/19
07/01/19,01/02/19,147.89,197.5,25,0.068493151,0.47252,0.0242,0.075,0.06,0.09,0.06,07/01/19
07/01/19,01/02/19,147.89,200,25,0.068493151,0.48952,0.0242,0.08,0.06,0.1,0.06,07/01/19
07/01/19,01/02/19,147.89,202.5,25,0.068493151,0.50321,0.0242,0.075,0.06,0.09,0.05,07/01/19
07/01/19,01/02/19,147.89,205,25,0.068493151,0.52001,0.0242,0.075,0.05,0.1,0.06,07/01/19
07/01/19,01/02/19,147.89,207.5,25,0.068493151,0.52699,0.0242,0.065,0.04,0.09,0.07,07/01/19
07/01/19,08/02/19,147.89,100,32,0.087671233,0.88361,0.0242,48.25,48.05,48.45,0,07/01/19
07/01/19,08/02/19,147.89,105,32,0.087671233,0.76777,0.0242,43.25,43.05,43.45,0,07/01/19
07/01/19,08/02/19,147.89,110,32,0.087671233,0.67125,0.0242,38.305,38.1,38.51,35.05,07/01/19
07/01/19,08/02/19,147.89,115,32,0.087671233,0.59281,0.0242,33.395,33.19,33.6,0,07/01/19
07/01/19,08/02/19,147.89,120,32,0.087671233,0.54071,0.0242,28.655,28.46,28.85,26.75,07/01/19
07/01/19,08/02/19,147.89,125,32,0.087671233,0.48962,0.0242,23.925,23.75,24.1,33.14,07/01/19
07/01/19,08/02/19,147.89,130,32,0.087671233,0.51991,0.0242,20.17,19.25,21.09,18.38,07/01/19
07/01/19,08/02/19,147.89,132,32,0.087671233,0.43653,0.0242,17.65,17.5,17.8,0,07/01/19
07/01/19,08/02/19,147.89,133,32,0.087671233,0.431,0.0242,16.8,16.65,16.95,0,07/01/19
07/01/19,08/02/19,147.89,134,32,0.087671233,0.42371,0.0242,15.95,15.81,16.09,0,07/01/19
07/01/19,08/02/19,147.89,135,32,0.087671233,0.42059,0.0242,15.15,15,15.3,15.76,07/01/19
07/01/19,08/02/19,147.89,136,32,0.087671233,0.41527,0.0242,14.35,14.2,14.5,0,07/01/19
07/01/19,08/02/19,147.89,137,32,0.087671233,0.41295,0.0242,13.6,13.45,13.75,10.65,07/01/19
07/01/19,08/02/19,147.89,138,32,0.087671233,0.40545,0.0242,12.8,12.65,12.95,12.9,07/01/19
07/01/19,08/02/19,147.89,139,32,0.087671233,0.40274,0.0242,12.075,11.95,12.2,12.15,07/01/19
07/01/19,08/02/19,147.89,140,32,0.087671233,0.39716,0.0242,11.325,11.2,11.45,11.3,07/01/19
07/01/19,08/02/19,147.89,141,32,0.087671233,0.39284,0.0242,10.625,10.51,10.74,9.87,07/01/19
07/01/19,08/02/19,147.89,142,32,0.087671233,0.38874,0.0242,9.92,9.8,10.04,9.35,07/01/19
07/01/19,08/02/19,147.89,143,32,0.087671233,0.38396,0.0242,9.25,9.1,9.4,9.44,07/01/19
07/01/19,08/02/19,147.89,144,32,0.087671233,0.38084,0.0242,8.62,8.49,8.75,8.2,07/01/19
07/01/19,08/02/19,147.89,145,32,0.087671233,0.37799,0.0242,8.025,7.9,8.15,7.95,07/01/19
07/01/19,08/02/19,147.89,146,32,0.087671233,0.37539,0.0242,7.445,7.35,7.54,7.59,07/01/19
07/01/19,08/02/19,147.89,147,32,0.087671233,0.37254,0.0242,6.9,6.8,7,7.05,07/01/19
07/01/19,08/02/19,147.89,148,32,0.087671233,0.36782,0.0242,6.325,6.25,6.4,6.5,07/01/19
07/01/19,08/02/19,147.89,149,32,0.087671233,0.36369,0.0242,5.8,5.7,5.9,5.35,07/01/19
07/01/19,08/02/19,147.89,150,32,0.087671233,0.36085,0.0242,5.325,5.25,5.4,5.3,07/01/19
07/01/19,08/02/19,147.89,152.5,32,0.087671233,0.3541,0.0242,4.225,4.15,4.3,4.25,07/01/19
07/01/19,08/02/19,147.89,155,32,0.087671233,0.34544,0.0242,3.245,3.14,3.35,3.28,07/01/19
07/01/19,08/02/19,147.89,157.5,32,0.087671233,0.34053,0.0242,2.485,2.45,2.52,2.5,07/01/19
07/01/19,08/02/19,147.89,160,32,0.087671233,0.33444,0.0242,1.85,1.8,1.9,1.96,07/01/19
07/01/19,08/02/19,147.89,162.5,32,0.087671233,0.33021,0.0242,1.365,1.32,1.41,1.55,07/01/19
07/01/19,08/02/19,147.89,165,32,0.087671233,0.32924,0.0242,1.01,0.98,1.04,0.98,07/01/19
07/01/19,08/02/19,147.89,167.5,32,0.087671233,0.32981,0.0242,0.745,0.72,0.77,0.78,07/01/19
07/01/19,08/02/19,147.89,170,32,0.087671233,0.33164,0.0242,0.565,0.54,0.59,0.6,07/01/19
07/01/19,08/02/19,147.89,172.5,32,0.087671233,0.33674,0.0242,0.425,0.4,0.45,0.47,07/01/19
07/01/19,08/02/19,147.89,175,32,0.087671233,0.34108,0.0242,0.33,0.3,0.36,0.31,07/01/19
07/01/19,08/02/19,147.89,177.5,32,0.087671233,0.34814,0.0242,0.27,0.25,0.29,0.26,07/01/19
07/01/19,08/02/19,147.89,180,32,0.087671233,0.35732,0.0242,0.215,0.19,0.24,0.22,07/01/19
07/01/19,08/02/19,147.89,182.5,32,0.087671233,0.36568,0.0242,0.18,0.14,0.22,0.16,07/01/19
07/01/19,08/02/19,147.89,185,32,0.087671233,0.37253,0.0242,0.145,0.12,0.17,0.14,07/01/19
07/01/19,08/02/19,147.89,187.5,32,0.087671233,0.38617,0.0242,0.135,0.11,0.16,0.16,07/01/19
07/01/19,08/02/19,147.89,190,32,0.087671233,0.39732,0.0242,0.125,0.09,0.16,0.11,07/01/19
07/01/19,08/02/19,147.89,192.5,32,0.087671233,0.40965,0.0242,0.11,0.07,0.15,0,07/01/19
07/01/19,08/02/19,147.89,195,32,0.087671233,0.42071,0.0242,0.105,0.07,0.14,0.09,07/01/19
07/01/19,08/02/19,147.89,200,32,0.087671233,0.44417,0.0242,0.09,0.06,0.12,0.08,07/01/19
07/01/19,15/02/19,147.89,50,39,0.106849315,3.01848,0.0242,98.06,97.66,98.46,107.9,07/01/19
07/01/19,15/02/19,147.89,55,39,0.106849315,2.60954,0.0242,93.045,92.65,93.44,101.75,07/01/19
07/01/19,15/02/19,147.89,60,39,0.106849315,2.27022,0.0242,88.05,87.65,88.45,0,07/01/19
07/01/19,15/02/19,147.89,65,39,0.106849315,1.97814,0.0242,83.025,82.6,83.45,86.9,07/01/19
07/01/19,15/02/19,147.89,70,39,0.106849315,1.74607,0.0242,78.1,77.7,78.5,81.7,07/01/19
07/01/19,15/02/19,147.89,75,39,0.106849315,1.53286,0.0242,73.095,72.69,73.5,92.6,07/01/19
07/01/19,15/02/19,147.89,80,39,0.106849315,1.34648,0.0242,68.105,67.7,68.51,0,07/01/19
07/01/19,15/02/19,147.89,85,39,0.106849315,1.18194,0.0242,63.1,62.7,63.5,68.25,07/01/19
07/01/19,15/02/19,147.89,90,39,0.106849315,1.0453,0.0242,58.15,57.75,58.55,57.13,07/01/19
07/01/19,15/02/19,147.89,95,39,0.106849315,0.91962,0.0242,53.175,52.75,53.6,58.66,07/01/19
07/01/19,15/02/19,147.89,100,39,0.106849315,0.81255,0.0242,48.22,47.85,48.59,48.75,07/01/19
07/01/19,15/02/19,147.89,105,39,0.106849315,0.71975,0.0242,43.3,42.9,43.7,41.05,07/01/19
07/01/19,15/02/19,147.89,110,39,0.106849315,0.64502,0.0242,38.43,38.05,38.81,37.75,07/01/19
07/01/19,15/02/19,147.89,115,39,0.106849315,0.57596,0.0242,33.55,33.2,33.9,32.86,07/01/19
07/01/19,15/02/19,147.89,120,39,0.106849315,0.51284,0.0242,28.7,28.54,28.86,28,07/01/19
07/01/19,15/02/19,147.89,125,39,0.106849315,0.47381,0.0242,24.075,23.9,24.25,24.35,07/01/19
07/01/19,15/02/19,147.89,130,39,0.106849315,0.43909,0.0242,19.595,19.45,19.74,19.87,07/01/19
07/01/19,15/02/19,147.89,135,39,0.106849315,0.41045,0.0242,15.425,15.29,15.56,15.25,07/01/19
07/01/19,15/02/19,147.89,140,39,0.106849315,0.38951,0.0242,11.675,11.6,11.75,11.83,07/01/19
07/01/19,15/02/19,147.89,145,39,0.106849315,0.36992,0.0242,8.405,8.36,8.45,8.45,07/01/19
07/01/19,15/02/19,147.89,150,39,0.106849315,0.35443,0.0242,5.725,5.65,5.8,5.75,07/01/19
07/01/19,15/02/19,147.89,155,39,0.106849315,0.3406,0.0242,3.645,3.59,3.7,3.63,07/01/19
07/01/19,15/02/19,147.89,160,39,0.106849315,0.32911,0.0242,2.18,2.16,2.2,2.17,07/01/19
07/01/19,15/02/19,147.89,165,39,0.106849315,0.32274,0.0242,1.25,1.23,1.27,1.26,07/01/19
07/01/19,15/02/19,147.89,170,39,0.106849315,0.32247,0.0242,0.715,0.7,0.73,0.71,07/01/19
07/01/19,15/02/19,147.89,175,39,0.106849315,0.32795,0.0242,0.415,0.4,0.43,0.41,07/01/19
07/01/19,15/02/19,147.89,180,39,0.106849315,0.3373,0.0242,0.265,0.25,0.28,0.26,07/01/19
07/01/19,15/02/19,147.89,185,39,0.106849315,0.3504,0.0242,0.185,0.18,0.19,0.17,07/01/19
07/01/19,15/02/19,147.89,190,39,0.106849315,0.3653,0.0242,0.135,0.12,0.15,0.14,07/01/19
07/01/19,15/02/19,147.89,195,39,0.106849315,0.38682,0.0242,0.105,0.1,0.11,0.11,07/01/19
07/01/19,15/02/19,147.89,200,39,0.106849315,0.39963,0.0242,0.08,0.07,0.09,0.09,07/01/19
07/01/19,15/02/19,147.89,205,39,0.106849315,0.42602,0.0242,0.085,0.08,0.09,0.07,07/01/19
07/01/19,15/02/19,147.89,210,39,0.106849315,0.44201,0.0242,0.065,0.06,0.07,0.06,07/01/19
07/01/19,15/02/19,147.89,215,39,0.106849315,0.45771,0.0242,0.055,0.05,0.06,0.05,07/01/19
07/01/19,15/02/19,147.89,220,39,0.106849315,0.47148,0.0242,0.045,0.04,0.05,0.04,07/01/19
07/01/19,15/02/19,147.89,225,39,0.106849315,0.48109,0.0242,0.035,0.02,0.05,0.03,07/01/19
07/01/19,15/02/19,147.89,230,39,0.106849315,0.48633,0.0242,0.02,0.01,0.03,0.02,07/01/19
07/01/19,15/02/19,147.89,235,39,0.106849315,0.51603,0.0242,0.03,0.02,0.04,0.02,07/01/19
07/01/19,15/02/19,147.89,240,39,0.106849315,0.50341,0.0242,0.01,0.01,0.01,0.02,07/01/19
07/01/19,15/02/19,147.89,245,39,0.106849315,0.54721,0.0242,0.025,0.01,0.04,0.05,07/01/19
07/01/19,15/02/19,147.89,250,39,0.106849315,0.53995,0.0242,0.015,0,0.03,0.02,07/01/19
07/01/19,15/02/19,147.89,255,39,0.106849315,0.55772,0.0242,0.015,0.01,0.02,0.02,07/01/19
07/01/19,15/02/19,147.89,260,39,0.106849315,0.55589,0.0242,0.005,0,0.01,0.01,07/01/19
07/01/19,15/02/19,147.89,265,39,0.106849315,0.59311,0.0242,0.02,0,0.04,0.01,07/01/19
07/01/19,15/02/19,147.89,270,39,0.106849315,0.55754,0.0242,0.005,0,0.01,0.03,07/01/19
07/01/19,15/02/19,147.89,275,39,0.106849315,0.605,0.0242,0.01,0,0.02,0.01,07/01/19
07/01/19,15/02/19,147.89,280,39,0.106849315,0.61985,0.0242,0.005,0,0.01,0.03,07/01/19
07/01/19,15/02/19,147.89,285,39,0.106849315,0.67366,0.0242,0.02,0,0.04,0.04,07/01/19
07/01/19,15/02/19,147.89,290,39,0.106849315,0.6894,0.0242,0.02,0,0.04,0.01,07/01/19
07/01/19,15/02/19,147.89,295,39,0.106849315,0.66567,0.0242,0.01,0,0.02,0.01,07/01/19
07/01/19,15/02/19,147.89,300,39,0.106849315,0.67954,0.0242,0.01,0,0.02,0.01,07/01/19
07/01/19,15/02/19,147.89,310,39,0.106849315,0.70785,0.0242,0.015,0,0.03,0.01,07/01/19
07/01/19,15/02/19,147.89,320,39,0.106849315,0.73569,0.0242,0.015,0,0.03,0.02,07/01/19
07/01/19,22/02/19,147.89,90,46,0.126027397,0.95568,0.0242,58.125,57.7,58.55,0,07/01/19
07/01/19,22/02/19,147.89,95,46,0.126027397,0.84432,0.0242,53.18,52.76,53.6,0,07/01/19
07/01/19,22/02/19,147.89,100,46,0.126027397,0.7442,0.0242,48.225,47.8,48.65,0,07/01/19
07/01/19,22/02/19,147.89,105,46,0.126027397,0.66278,0.0242,43.325,42.9,43.75,0,07/01/19
07/01/19,22/02/19,147.89,110,46,0.126027397,0.59382,0.0242,38.45,38.05,38.85,35.76,07/01/19
07/01/19,22/02/19,147.89,115,46,0.126027397,0.52547,0.0242,33.55,33.15,33.95,0,07/01/19
07/01/19,22/02/19,147.89,125,46,0.126027397,0.4377,0.0242,24.12,23.94,24.3,23.8,07/01/19
07/01/19,22/02/19,147.89,130,46,0.126027397,0.41561,0.0242,19.795,19.65,19.94,19.72,07/01/19
07/01/19,22/02/19,147.89,132,46,0.126027397,0.40462,0.0242,18.105,17.96,18.25,0,07/01/19
07/01/19,22/02/19,147.89,133,46,0.126027397,0.39807,0.0242,17.25,17.1,17.4,0,07/01/19
07/01/19,22/02/19,147.89,134,46,0.126027397,0.39737,0.0242,16.505,16.36,16.65,0,07/01/19
07/01/19,22/02/19,147.89,135,46,0.126027397,0.39215,0.0242,15.705,15.55,15.86,0,07/01/19
07/01/19,22/02/19,147.89,136,46,0.126027397,0.38975,0.0242,14.955,14.81,15.1,0,07/01/19
07/01/19,22/02/19,147.89,137,46,0.126027397,0.38287,0.0242,14.15,14,14.3,0,07/01/19
07/01/19,22/02/19,147.89,138,46,0.126027397,0.37947,0.0242,13.4,13.25,13.55,0,07/01/19
07/01/19,22/02/19,147.89,139,46,0.126027397,0.37525,0.0242,12.67,12.55,12.79,0,07/01/19
07/01/19,22/02/19,147.89,140,46,0.126027397,0.3704,0.0242,11.955,11.81,12.1,11.75,07/01/19
07/01/19,22/02/19,147.89,141,46,0.126027397,0.36801,0.0242,11.28,11.15,11.41,9.85,07/01/19
07/01/19,22/02/19,147.89,142,46,0.126027397,0.36498,0.0242,10.63,10.51,10.75,10.3,07/01/19
07/01/19,22/02/19,147.89,143,46,0.126027397,0.36355,0.0242,10,9.9,10.1,10.5,07/01/19
07/01/19,22/02/19,147.89,144,46,0.126027397,0.35852,0.0242,9.35,9.25,9.45,9.05,07/01/19
07/01/19,22/02/19,147.89,145,46,0.126027397,0.35562,0.0242,8.755,8.66,8.85,8.5,07/01/19
07/01/19,22/02/19,147.89,146,46,0.126027397,0.35273,0.0242,8.17,8.05,8.29,7.58,07/01/19
07/01/19,22/02/19,147.89,147,46,0.126027397,0.35034,0.0242,7.625,7.5,7.75,7.75,07/01/19
07/01/19,22/02/19,147.89,148,46,0.126027397,0.34818,0.0242,7.095,7,7.19,6.85,07/01/19
07/01/19,22/02/19,147.89,149,46,0.126027397,0.34343,0.0242,6.55,6.46,6.64,6.39,07/01/19
07/01/19,22/02/19,147.89,150,46,0.126027397,0.34004,0.0242,6.045,5.94,6.15,6.11,07/01/19
07/01/19,22/02/19,147.89,152.5,46,0.126027397,0.33534,0.0242,4.95,4.85,5.05,4.85,07/01/19
07/01/19,22/02/19,147.89,155,46,0.126027397,0.32912,0.0242,3.98,3.9,4.06,4,07/01/19
07/01/19,22/02/19,147.89,157.5,46,0.126027397,0.32265,0.0242,3.135,3.06,3.21,3.1,07/01/19
07/01/19,22/02/19,147.89,160,46,0.126027397,0.3188,0.0242,2.455,2.42,2.49,2.45,07/01/19
07/01/19,22/02/19,147.89,162.5,46,0.126027397,0.31519,0.0242,1.895,1.85,1.94,1.97,07/01/19
07/01/19,22/02/19,147.89,165,46,0.126027397,0.31277,0.0242,1.455,1.41,1.5,1.53,07/01/19
07/01/19,22/02/19,147.89,167.5,46,0.126027397,0.31079,0.0242,1.105,1.07,1.14,1.13,07/01/19
07/01/19,22/02/19,147.89,170,46,0.126027397,0.31096,0.0242,0.845,0.81,0.88,0.87,07/01/19
07/01/19,22/02/19,147.89,172.5,46,0.126027397,0.31271,0.0242,0.66,0.63,0.69,0.63,07/01/19
07/01/19,22/02/19,147.89,175,46,0.126027397,0.31482,0.0242,0.515,0.48,0.55,0.53,07/01/19
07/01/19,22/02/19,147.89,177.5,46,0.126027397,0.31767,0.0242,0.4,0.37,0.43,0.41,07/01/19
07/01/19,22/02/19,147.89,180,46,0.126027397,0.32274,0.0242,0.325,0.3,0.35,0.34,07/01/19
07/01/19,22/02/19,147.89,182.5,46,0.126027397,0.32898,0.0242,0.27,0.24,0.3,0.27,07/01/19
07/01/19,22/02/19,147.89,185,46,0.126027397,0.33469,0.0242,0.22,0.18,0.26,0.22,07/01/19
07/01/19,22/02/19,147.89,187.5,46,0.126027397,0.34102,0.0242,0.19,0.16,0.22,0.19,07/01/19
07/01/19,22/02/19,147.89,190,46,0.126027397,0.34886,0.0242,0.165,0.13,0.2,0.15,07/01/19
07/01/19,22/02/19,147.89,192.5,46,0.126027397,0.35469,0.0242,0.135,0.1,0.17,0,07/01/19
07/01/19,22/02/19,147.89,195,46,0.126027397,0.36248,0.0242,0.125,0.09,0.16,0.15,07/01/19
07/01/19,22/02/19,147.89,200,46,0.126027397,0.37054,0.0242,0.08,0.07,0.09,0.11,07/01/19
07/01/19,15/03/19,147.89,75,66.96,0.183452055,1.17554,0.024260427,73.095,72.69,73.5,0,07/01/19
07/01/19,15/03/19,147.89,80,66.96,0.183452055,1.0392,0.024260427,68.155,67.75,68.56,0,07/01/19
07/01/19,15/03/19,147.89,85,66.96,0.183452055,0.91343,0.024260427,63.15,62.75,63.55,0,07/01/19
07/01/19,15/03/19,147.89,90,66.96,0.183452055,0.80864,0.024260427,58.2,57.8,58.6,53.9,07/01/19
07/01/19,15/03/19,147.89,95,66.96,0.183452055,0.7162,0.024260427,53.25,52.85,53.65,0,07/01/19
07/01/19,15/03/19,147.89,100,66.96,0.183452055,0.64568,0.024260427,48.395,48.05,48.74,45.2,07/01/19
07/01/19,15/03/19,147.89,105,66.96,0.183452055,0.56482,0.024260427,43.405,43.06,43.75,43.55,07/01/19
07/01/19,15/03/19,147.89,110,66.96,0.183452055,0.51481,0.024260427,38.605,38.21,39,0,07/01/19
07/01/19,15/03/19,147.89,115,66.96,0.183452055,0.46826,0.024260427,33.795,33.59,34,31.52,07/01/19
07/01/19,15/03/19,147.89,120,66.96,0.183452055,0.44023,0.024260427,29.225,29.1,29.35,29.47,07/01/19
07/01/19,15/03/19,147.89,125,66.96,0.183452055,0.41072,0.024260427,24.73,24.55,24.91,24.8,07/01/19
07/01/19,15/03/19,147.89,130,66.96,0.183452055,0.38712,0.024260427,20.45,20.3,20.6,19.89,07/01/19
07/01/19,15/03/19,147.89,135,66.96,0.183452055,0.37272,0.024260427,16.575,16.45,16.7,16.35,07/01/19
07/01/19,15/03/19,147.89,140,66.96,0.183452055,0.3589,0.024260427,13.055,12.96,13.15,13.05,07/01/19
07/01/19,15/03/19,147.89,145,66.96,0.183452055,0.34661,0.024260427,9.97,9.89,10.05,9.95,07/01/19
07/01/19,15/03/19,147.89,150,66.96,0.183452055,0.33441,0.024260427,7.295,7.24,7.35,7.52,07/01/19
07/01/19,15/03/19,147.89,155,66.96,0.183452055,0.32356,0.024260427,5.15,5.1,5.2,5.1,07/01/19
07/01/19,15/03/19,147.89,160,66.96,0.183452055,0.31482,0.024260427,3.475,3.4,3.55,3.5,07/01/19
07/01/19,15/03/19,147.89,165,66.96,0.183452055,0.30727,0.024260427,2.265,2.23,2.3,2.27,07/01/19
07/01/19,15/03/19,147.89,170,66.96,0.183452055,0.30271,0.024260427,1.43,1.4,1.46,1.44,07/01/19
07/01/19,15/03/19,147.89,175,66.96,0.183452055,0.30057,0.024260427,0.9,0.88,0.92,0.91,07/01/19
07/01/19,15/03/19,147.89,180,66.96,0.183452055,0.30096,0.024260427,0.555,0.55,0.56,0.58,07/01/19
07/01/19,15/03/19,147.89,185,66.96,0.183452055,0.30631,0.024260427,0.375,0.35,0.4,0.39,07/01/19
07/01/19,15/03/19,147.89,190,66.96,0.183452055,0.31394,0.024260427,0.265,0.25,0.28,0.28,07/01/19
07/01/19,15/03/19,147.89,195,66.96,0.183452055,0.32075,0.024260427,0.18,0.17,0.19,0.19,07/01/19
07/01/19,15/03/19,147.89,200,66.96,0.183452055,0.33064,0.024260427,0.135,0.13,0.14,0.15,07/01/19
07/01/19,15/03/19,147.89,205,66.96,0.183452055,0.34127,0.024260427,0.11,0.1,0.12,0.11,07/01/19
07/01/19,15/03/19,147.89,210,66.96,0.183452055,0.35026,0.024260427,0.095,0.08,0.11,0.09,07/01/19
07/01/19,15/03/19,147.89,215,66.96,0.183452055,0.36671,0.024260427,0.08,0.07,0.09,0.09,07/01/19
07/01/19,15/03/19,147.89,220,66.96,0.183452055,0.37964,0.024260427,0.08,0.06,0.1,0.06,07/01/19
07/01/19,15/03/19,147.89,225,66.96,0.183452055,0.37387,0.024260427,0.035,0.03,0.04,0.03,07/01/19
07/01/19,15/03/19,147.89,230,66.96,0.183452055,0.39166,0.024260427,0.045,0.03,0.06,0.07,07/01/19
07/01/19,15/03/19,147.89,235,66.96,0.183452055,0.41739,0.024260427,0.05,0.03,0.07,0.03,07/01/19
07/01/19,15/03/19,147.89,240,66.96,0.183452055,0.41149,0.024260427,0.03,0.02,0.04,0.03,07/01/19
07/01/19,15/03/19,147.89,245,66.96,0.183452055,0.43842,0.024260427,0.045,0.02,0.07,0.02,07/01/19
07/01/19,15/03/19,147.89,250,66.96,0.183452055,0.44107,0.024260427,0.035,0.03,0.04,0.03,07/01/19
07/01/19,15/03/19,147.89,255,66.96,0.183452055,0.46922,0.024260427,0.04,0.02,0.06,0.03,07/01/19
07/01/19,15/03/19,147.89,260,66.96,0.183452055,0.47682,0.024260427,0.035,0.02,0.05,0.01,07/01/19
07/01/19,15/03/19,147.89,265,66.96,0.183452055,0.48415,0.024260427,0.025,0,0.05,0.04,07/01/19
07/01/19,15/03/19,147.89,270,66.96,0.183452055,0.49707,0.024260427,0.03,0,0.06,0.08,07/01/19
07/01/19,15/03/19,147.89,275,66.96,0.183452055,0.50202,0.024260427,0.02,0,0.04,0.03,07/01/19
07/01/19,15/03/19,147.89,280,66.96,0.183452055,0.52367,0.024260427,0.03,0.01,0.05,0.03,07/01/19
07/01/19,15/03/19,147.89,285,66.96,0.183452055,0.52657,0.024260427,0.025,0,0.05,0.05,07/01/19
07/01/19,15/03/19,147.89,290,66.96,0.183452055,0.54005,0.024260427,0.025,0,0.05,0.04,07/01/19
07/01/19,15/03/19,147.89,295,66.96,0.183452055,0.55121,0.024260427,0.025,0,0.05,0.07,07/01/19
07/01/19,15/03/19,147.89,300,66.96,0.183452055,0.6266,0.024260427,0.08,0,0.16,0.01,07/01/19
07/01/19,18/04/19,147.89,22.5,100.96,0.27660274,5.30526,0.02459577,125.45,125,125.9,130.65,07/01/19
07/01/19,18/04/19,147.89,25,100.96,0.27660274,4.68723,0.02459577,122.975,122.55,123.4,0,07/01/19
07/01/19,18/04/19,147.89,30,100.96,0.27660274,3.74866,0.02459577,117.98,117.55,118.41,0,07/01/19
07/01/19,18/04/19,147.89,35,100.96,0.27660274,3.07944,0.02459577,112.98,112.56,113.4,0,07/01/19
07/01/19,18/04/19,147.89,40,100.96,0.27660274,2.58233,0.02459577,108.005,107.56,108.45,104.79,07/01/19
07/01/19,18/04/19,147.89,45,100.96,0.27660274,2.19238,0.02459577,103,102.55,103.45,0,07/01/19
07/01/19,18/04/19,147.89,50,100.96,0.27660274,1.88374,0.02459577,98.025,97.59,98.46,0,07/01/19
07/01/19,18/04/19,147.89,55,100.96,0.27660274,1.62813,0.02459577,93.025,92.6,93.45,153.48,07/01/19
07/01/19,18/04/19,147.89,60,100.96,0.27660274,1.41493,0.02459577,88.03,87.61,88.45,108.12,07/01/19
07/01/19,18/04/19,147.89,65,100.96,0.27660274,1.24142,0.02459577,83.085,82.66,83.51,144.55,07/01/19
07/01/19,18/04/19,147.89,70,100.96,0.27660274,1.0867,0.02459577,78.075,77.65,78.5,0,07/01/19
07/01/19,18/04/19,147.89,75,100.96,0.27660274,0.96176,0.02459577,73.155,72.76,73.55,83.1,07/01/19
07/01/19,18/04/19,147.89,80,100.96,0.27660274,0.85012,0.02459577,68.195,67.8,68.59,0,07/01/19
07/01/19,18/04/19,147.89,85,100.96,0.27660274,0.75271,0.02459577,63.245,62.85,63.64,0,07/01/19
07/01/19,18/04/19,147.89,90,100.96,0.27660274,0.6701,0.02459577,58.33,57.96,58.7,0,07/01/19
07/01/19,18/04/19,147.89,95,100.96,0.27660274,0.60153,0.02459577,53.445,53.04,53.85,124.27,07/01/19
07/01/19,18/04/19,147.89,100,100.96,0.27660274,0.53834,0.02459577,48.55,48.15,48.95,47.3,07/01/19
07/01/19,18/04/19,147.89,105,100.96,0.27660274,0.49035,0.02459577,43.75,43.55,43.95,41.75,07/01/19
07/01/19,18/04/19,147.89,110,100.96,0.27660274,0.45485,0.02459577,39.045,38.84,39.25,37.9,07/01/19
07/01/19,18/04/19,147.89,115,100.96,0.27660274,0.42703,0.02459577,34.475,34.3,34.65,30.8,07/01/19
07/01/19,18/04/19,147.89,120,100.96,0.27660274,0.40433,0.02459577,30.025,29.85,30.2,30,07/01/19
07/01/19,18/04/19,147.89,125,100.96,0.27660274,0.38732,0.02459577,25.795,25.64,25.95,25.1,07/01/19
07/01/19,18/04/19,147.89,130,100.96,0.27660274,0.37152,0.02459577,21.77,21.64,21.9,21.5,07/01/19
07/01/19,18/04/19,147.89,135,100.96,0.27660274,0.35758,0.02459577,18.025,17.9,18.15,18.25,07/01/19
07/01/19,18/04/19,147.89,140,100.96,0.27660274,0.3442,0.02459577,14.6,14.5,14.7,14.7,07/01/19
07/01/19,18/04/19,147.89,145,100.96,0.27660274,0.33397,0.02459577,11.575,11.46,11.69,11.82,07/01/19
07/01/19,18/04/19,147.89,150,100.96,0.27660274,0.32374,0.02459577,8.955,8.85,9.06,9,07/01/19
07/01/19,18/04/19,147.89,155,100.96,0.27660274,0.31493,0.02459577,6.73,6.66,6.8,6.88,07/01/19
07/01/19,18/04/19,147.89,160,100.96,0.27660274,0.30707,0.02459577,4.9,4.84,4.96,4.9,07/01/19
07/01/19,18/04/19,147.89,165,100.96,0.27660274,0.30029,0.02459577,3.475,3.45,3.5,3.47,07/01/19
07/01/19,18/04/19,147.89,170,100.96,0.27660274,0.29527,0.02459577,2.43,2.39,2.47,2.48,07/01/19
07/01/19,18/04/19,147.89,175,100.96,0.27660274,0.29227,0.02459577,1.67,1.62,1.72,1.65,07/01/19
07/01/19,18/04/19,147.89,180,100.96,0.27660274,0.29054,0.02459577,1.14,1.11,1.17,1.18,07/01/19
07/01/19,18/04/19,147.89,185,100.96,0.27660274,0.29027,0.02459577,0.795,0.77,0.82,0.8,07/01/19
07/01/19,18/04/19,147.89,190,100.96,0.27660274,0.29195,0.02459577,0.545,0.52,0.57,0.54,07/01/19
07/01/19,18/04/19,147.89,195,100.96,0.27660274,0.29509,0.02459577,0.385,0.37,0.4,0.39,07/01/19
07/01/19,18/04/19,147.89,200,100.96,0.27660274,0.30099,0.02459577,0.295,0.28,0.31,0.3,07/01/19
07/01/19,18/04/19,147.89,205,100.96,0.27660274,0.30798,0.02459577,0.22,0.21,0.23,0.24,07/01/19
07/01/19,18/04/19,147.89,210,100.96,0.27660274,0.31625,0.02459577,0.175,0.16,0.19,0.17,07/01/19
07/01/19,18/04/19,147.89,215,100.96,0.27660274,0.32133,0.02459577,0.145,0.12,0.17,0.13,07/01/19
07/01/19,18/04/19,147.89,220,100.96,0.27660274,0.32971,0.02459577,0.115,0.09,0.14,0.1,07/01/19
07/01/19,18/04/19,147.89,225,100.96,0.27660274,0.3446,0.02459577,0.11,0.1,0.12,0.11,07/01/19
07/01/19,18/04/19,147.89,230,100.96,0.27660274,0.35418,0.02459577,0.1,0.08,0.12,0.08,07/01/19
07/01/19,18/04/19,147.89,235,100.96,0.27660274,0.35884,0.02459577,0.08,0.06,0.1,0.07,07/01/19
07/01/19,18/04/19,147.89,240,100.96,0.27660274,0.36927,0.02459577,0.075,0.06,0.09,0.08,07/01/19
07/01/19,18/04/19,147.89,245,100.96,0.27660274,0.37985,0.02459577,0.075,0.07,0.08,0.07,07/01/19
07/01/19,18/04/19,147.89,250,100.96,0.27660274,0.39006,0.02459577,0.065,0.04,0.09,0.05,07/01/19
07/01/19,18/04/19,147.89,255,100.96,0.27660274,0.39508,0.02459577,0.055,0.03,0.08,0.06,07/01/19
07/01/19,18/04/19,147.89,260,100.96,0.27660274,0.394,0.02459577,0.04,0.03,0.05,0.05,07/01/19
07/01/19,18/04/19,147.89,265,100.96,0.27660274,0.41082,0.02459577,0.04,0.01,0.07,0.02,07/01/19
07/01/19,18/04/19,147.89,270,100.96,0.27660274,0.42642,0.02459577,0.055,0.03,0.08,0.05,07/01/19
07/01/19,18/04/19,147.89,275,100.96,0.27660274,0.43296,0.02459577,0.045,0.02,0.07,0.03,07/01/19
07/01/19,18/04/19,147.89,280,100.96,0.27660274,0.42025,0.02459577,0.025,0.01,0.04,0.04,07/01/19
07/01/19,18/04/19,147.89,285,100.96,0.27660274,0.44392,0.02459577,0.035,0.01,0.06,0.02,07/01/19
07/01/19,18/04/19,147.89,290,100.96,0.27660274,0.45362,0.02459577,0.04,0.02,0.06,0.02,07/01/19
07/01/19,18/04/19,147.89,295,100.96,0.27660274,0.4637,0.02459577,0.025,0,0.05,0.04,07/01/19
07/01/19,18/04/19,147.89,300,100.96,0.27660274,0.45075,0.02459577,0.02,0.01,0.03,0.01,07/01/19
07/01/19,18/04/19,147.89,305,100.96,0.27660274,0.44934,0.02459577,0.015,0.01,0.02,0.01,07/01/19
07/01/19,18/04/19,147.89,310,100.96,0.27660274,0.48519,0.02459577,0.03,0.01,0.05,0.09,07/01/19
07/01/19,18/04/19,147.89,315,100.96,0.27660274,0.49517,0.02459577,0.03,0.01,0.05,0.23,07/01/19
07/01/19,18/04/19,147.89,320,100.96,0.27660274,0.49585,0.02459577,0.025,0,0.05,0.05,07/01/19
07/01/19,18/04/19,147.89,325,100.96,0.27660274,0.50393,0.02459577,0.025,0,0.05,0.04,07/01/19
07/01/19,18/04/19,147.89,330,100.96,0.27660274,0.51357,0.02459577,0.025,0,0.05,0.02,07/01/19
07/01/19,18/04/19,147.89,335,100.96,0.27660274,0.52127,0.02459577,0.025,0,0.05,0.06,07/01/19
07/01/19,18/04/19,147.89,340,100.96,0.27660274,0.52993,0.02459577,0.025,0,0.05,0.13,07/01/19
07/01/19,18/04/19,147.89,345,100.96,0.27660274,0.53815,0.02459577,0.03,0,0.06,0.03,07/01/19
07/01/19,18/04/19,147.89,350,100.96,0.27660274,0.54581,0.02459577,0.03,0,0.06,0.12,07/01/19
07/01/19,18/04/19,147.89,355,100.96,0.27660274,0.55304,0.02459577,0.025,0,0.05,0.1,07/01/19
07/01/19,18/04/19,147.89,360,100.96,0.27660274,0.56159,0.02459577,0.02,0,0.04,0.06,07/01/19
07/01/19,18/04/19,147.89,365,100.96,0.27660274,0.55905,0.02459577,0.02,0,0.04,0.1,07/01/19
07/01/19,18/04/19,147.89,370,100.96,0.27660274,0.56573,0.02459577,0.02,0,0.04,0.08,07/01/19
07/01/19,18/04/19,147.89,375,100.96,0.27660274,0.57252,0.02459577,0.025,0,0.05,0.04,07/01/19
07/01/19,18/04/19,147.89,380,100.96,0.27660274,0.58046,0.02459577,0.02,0,0.04,0.01,07/01/19
07/01/19,18/04/19,147.89,385,100.96,0.27660274,0.58765,0.02459577,0.02,0,0.04,0.05,07/01/19
07/01/19,18/04/19,147.89,390,100.96,0.27660274,0.59373,0.02459577,0.015,0,0.03,0.17,07/01/19
07/01/19,18/04/19,147.89,395,100.96,0.27660274,0.60157,0.02459577,0.025,0,0.05,0.1,07/01/19
07/01/19,18/04/19,147.89,400,100.96,0.27660274,0.60743,0.02459577,0.02,0,0.04,0.02,07/01/19
07/01/19,18/04/19,147.89,405,100.96,0.27660274,0.61467,0.02459577,0.02,0,0.04,0.02,07/01/19
07/01/19,18/04/19,147.89,410,100.96,0.27660274,0.60653,0.02459577,0.01,0,0.02,0.01,07/01/19
07/01/19,18/04/19,147.89,415,100.96,0.27660274,0.62801,0.02459577,0.015,0,0.03,0,07/01/19
07/01/19,18/04/19,147.89,420,100.96,0.27660274,0.63332,0.02459577,0.025,0,0.05,0.02,07/01/19
07/01/19,18/04/19,147.89,425,100.96,0.27660274,0.6063,0.02459577,0.015,0,0.03,0.04,07/01/19
07/01/19,21/06/19,147.89,80,164.96,0.451945206,0.69417,0.025227003,68.35,67.95,68.75,0,07/01/19
07/01/19,21/06/19,147.89,85,164.96,0.451945206,0.61914,0.025227003,63.425,63,63.85,85.79,07/01/19
07/01/19,21/06/19,147.89,90,164.96,0.451945206,0.56853,0.025227003,58.68,58.3,59.06,53.3,07/01/19
07/01/19,21/06/19,147.89,95,164.96,0.451945206,0.52146,0.025227003,53.91,53.51,54.31,53,07/01/19
07/01/19,21/06/19,147.89,100,164.96,0.451945206,0.47843,0.025227003,49.125,48.95,49.3,48.2,07/01/19
07/01/19,21/06/19,147.89,105,164.96,0.451945206,0.44853,0.025227003,44.5,44.3,44.7,87.46,07/01/19
07/01/19,21/06/19,147.89,110,164.96,0.451945206,0.42623,0.025227003,40.025,39.85,40.2,39.05,07/01/19
07/01/19,21/06/19,147.89,115,164.96,0.451945206,0.40555,0.025227003,35.625,35.45,35.8,35.7,07/01/19
07/01/19,21/06/19,147.89,120,164.96,0.451945206,0.38774,0.025227003,31.4,31.2,31.6,31.05,07/01/19
07/01/19,21/06/19,147.89,125,164.96,0.451945206,0.37599,0.025227003,27.455,27.3,27.61,27.55,07/01/19
07/01/19,21/06/19,147.89,130,164.96,0.451945206,0.36204,0.025227003,23.65,23.5,23.8,23.7,07/01/19
07/01/19,21/06/19,147.89,135,164.96,0.451945206,0.34938,0.025227003,20.1,19.95,20.25,19.48,07/01/19
07/01/19,21/06/19,147.89,140,164.96,0.451945206,0.33934,0.025227003,16.875,16.75,17,17,07/01/19
07/01/19,21/06/19,147.89,145,164.96,0.451945206,0.3309,0.025227003,14,13.9,14.1,14.15,07/01/19
07/01/19,21/06/19,147.89,150,164.96,0.451945206,0.32182,0.025227003,11.37,11.24,11.5,11.57,07/01/19
07/01/19,21/06/19,147.89,155,164.96,0.451945206,0.31426,0.025227003,9.095,8.99,9.2,9.15,07/01/19
07/01/19,21/06/19,147.89,160,164.96,0.451945206,0.30698,0.025227003,7.175,7.1,7.25,7.1,07/01/19
07/01/19,21/06/19,147.89,165,164.96,0.451945206,0.30149,0.025227003,5.585,5.51,5.66,5.69,07/01/19
07/01/19,21/06/19,147.89,170,164.96,0.451945206,0.29361,0.025227003,4.2,4.15,4.25,4.35,07/01/19
07/01/19,21/06/19,147.89,175,164.96,0.451945206,0.29183,0.025227003,3.22,3.14,3.3,3.3,07/01/19
07/01/19,21/06/19,147.89,180,164.96,0.451945206,0.28774,0.025227003,2.39,2.35,2.43,2.45,07/01/19
07/01/19,21/06/19,147.89,185,164.96,0.451945206,0.28601,0.025227003,1.79,1.75,1.83,1.84,07/01/19
07/01/19,21/06/19,147.89,190,164.96,0.451945206,0.28469,0.025227003,1.345,1.3,1.39,1.27,07/01/19
07/01/19,21/06/19,147.89,195,164.96,0.451945206,0.28494,0.025227003,1.01,0.98,1.04,1.04,07/01/19
07/01/19,21/06/19,147.89,200,164.96,0.451945206,0.28542,0.025227003,0.755,0.73,0.78,0.75,07/01/19
07/01/19,21/06/19,147.89,205,164.96,0.451945206,0.28734,0.025227003,0.575,0.55,0.6,0.58,07/01/19
07/01/19,21/06/19,147.89,210,164.96,0.451945206,0.29016,0.025227003,0.455,0.45,0.46,0.47,07/01/19
07/01/19,21/06/19,147.89,215,164.96,0.451945206,0.29358,0.025227003,0.365,0.34,0.39,0.37,07/01/19
07/01/19,21/06/19,147.89,220,164.96,0.451945206,0.29728,0.025227003,0.295,0.27,0.32,0.31,07/01/19
07/01/19,21/06/19,147.89,225,164.96,0.451945206,0.30219,0.025227003,0.245,0.23,0.26,0.26,07/01/19
07/01/19,21/06/19,147.89,230,164.96,0.451945206,0.30825,0.025227003,0.21,0.2,0.22,0.2,07/01/19
07/01/19,21/06/19,147.89,235,164.96,0.451945206,0.31618,0.025227003,0.185,0.16,0.21,0.18,07/01/19
07/01/19,21/06/19,147.89,240,164.96,0.451945206,0.32248,0.025227003,0.17,0.14,0.2,0.14,07/01/19
07/01/19,21/06/19,147.89,245,164.96,0.451945206,0.33274,0.025227003,0.16,0.14,0.18,0.14,07/01/19
07/01/19,21/06/19,147.89,250,164.96,0.451945206,0.33393,0.025227003,0.135,0.11,0.16,0.12,07/01/19
07/01/19,21/06/19,147.89,255,164.96,0.451945206,0.34386,0.025227003,0.13,0.1,0.16,0.11,07/01/19
07/01/19,21/06/19,147.89,260,164.96,0.451945206,0.35048,0.025227003,0.125,0.1,0.15,0.1,07/01/19
07/01/19,21/06/19,147.89,265,164.96,0.451945206,0.35528,0.025227003,0.11,0.08,0.14,0.1,07/01/19
07/01/19,21/06/19,147.89,270,164.96,0.451945206,0.363,0.025227003,0.1,0.07,0.13,0.06,07/01/19
07/01/19,21/06/19,147.89,275,164.96,0.451945206,0.3669,0.025227003,0.095,0.07,0.12,0.08,07/01/19
07/01/19,21/06/19,147.89,280,164.96,0.451945206,0.37445,0.025227003,0.08,0.04,0.12,0.06,07/01/19
07/01/19,21/06/19,147.89,285,164.96,0.451945206,0.38018,0.025227003,0.09,0.06,0.12,0.08,07/01/19
07/01/19,21/06/19,147.89,290,164.96,0.451945206,0.38866,0.025227003,0.08,0.05,0.11,0.14,07/01/19
07/01/19,21/06/19,147.89,295,164.96,0.451945206,0.38814,0.025227003,0.065,0.05,0.08,0.06,07/01/19
07/01/19,21/06/19,147.89,300,164.96,0.451945206,0.40253,0.025227003,0.08,0.05,0.11,0.06,07/01/19
07/01/19,21/06/19,147.89,310,164.96,0.451945206,0.41232,0.025227003,0.065,0.03,0.1,0.05,07/01/19
07/01/19,21/06/19,147.89,320,164.96,0.451945206,0.42406,0.025227003,0.065,0.04,0.09,0.01,07/01/19
07/01/19,21/06/19,147.89,330,164.96,0.451945206,0.42635,0.025227003,0.04,0.02,0.06,0.04,07/01/19
07/01/19,21/06/19,147.89,340,164.96,0.451945206,0.44378,0.025227003,0.05,0.03,0.07,0.04,07/01/19
07/01/19,19/07/19,147.89,80,192.96,0.528657534,0.63772,0.025422926,68.325,67.9,68.75,78.2,07/01/19
07/01/19,19/07/19,147.89,85,192.96,0.528657534,0.57804,0.025422926,63.525,63.1,63.95,67.11,07/01/19
07/01/19,19/07/19,147.89,90,192.96,0.528657534,0.52683,0.025422926,58.73,58.3,59.16,62.8,07/01/19
07/01/19,19/07/19,147.89,95,192.96,0.528657534,0.4842,0.025422926,53.975,53.8,54.15,63.1,07/01/19
07/01/19,19/07/19,147.89,100,192.96,0.528657534,0.45016,0.025422926,49.28,49.11,49.45,48.85,07/01/19
07/01/19,19/07/19,147.89,105,192.96,0.528657534,0.42772,0.025422926,44.78,44.6,44.96,53.65,07/01/19
07/01/19,19/07/19,147.89,110,192.96,0.528657534,0.40666,0.025422926,40.32,40.15,40.49,37.5,07/01/19
07/01/19,19/07/19,147.89,115,192.96,0.528657534,0.38743,0.025422926,35.975,35.8,36.15,36.4,07/01/19
07/01/19,19/07/19,147.89,120,192.96,0.528657534,0.37397,0.025422926,31.87,31.7,32.04,31.7,07/01/19
07/01/19,19/07/19,147.89,125,192.96,0.528657534,0.36258,0.025422926,27.98,27.85,28.11,28.57,07/01/19
07/01/19,19/07/19,147.89,130,192.96,0.528657534,0.35275,0.025422926,24.33,24.21,24.45,24.25,07/01/19
07/01/19,19/07/19,147.89,135,192.96,0.528657534,0.34152,0.025422926,20.82,20.69,20.95,20.76,07/01/19
07/01/19,19/07/19,147.89,140,192.96,0.528657534,0.33274,0.025422926,17.7,17.6,17.8,17.75,07/01/19
07/01/19,19/07/19,147.89,145,192.96,0.528657534,0.32399,0.025422926,14.805,14.71,14.9,14.1,07/01/19
07/01/19,19/07/19,147.89,150,192.96,0.528657534,0.31622,0.025422926,12.195,12.09,12.3,12.25,07/01/19
07/01/19,19/07/19,147.89,155,192.96,0.528657534,0.30979,0.025422926,9.955,9.85,10.06,9.95,07/01/19
07/01/19,19/07/19,147.89,160,192.96,0.528657534,0.303,0.025422926,8,7.9,8.1,8,07/01/19
07/01/19,19/07/19,147.89,165,192.96,0.528657534,0.297,0.025422926,6.325,6.25,6.4,6.4,07/01/19
07/01/19,19/07/19,147.89,170,192.96,0.528657534,0.29272,0.025422926,4.955,4.86,5.05,4.98,07/01/19
07/01/19,19/07/19,147.89,175,192.96,0.528657534,0.28781,0.025422926,3.825,3.75,3.9,3.9,07/01/19
07/01/19,19/07/19,147.89,180,192.96,0.528657534,0.28477,0.025422926,2.935,2.89,2.98,3.05,07/01/19
07/01/19,19/07/19,147.89,185,192.96,0.528657534,0.28246,0.025422926,2.23,2.19,2.27,2.31,07/01/19
07/01/19,19/07/19,147.89,190,192.96,0.528657534,0.28006,0.025422926,1.71,1.66,1.76,1.71,07/01/19
07/01/19,19/07/19,147.89,195,192.96,0.528657534,0.28006,0.025422926,1.31,1.27,1.35,1.35,07/01/19
07/01/19,19/07/19,147.89,200,192.96,0.528657534,0.27951,0.025422926,1,0.97,1.03,1.03,07/01/19
07/01/19,19/07/19,147.89,205,192.96,0.528657534,0.28018,0.025422926,0.77,0.74,0.8,0.78,07/01/19
07/01/19,19/07/19,147.89,210,192.96,0.528657534,0.28135,0.025422926,0.6,0.57,0.63,0.6,07/01/19
07/01/19,19/07/19,147.89,215,192.96,0.528657534,0.28514,0.025422926,0.49,0.47,0.51,0.47,07/01/19
07/01/19,19/07/19,147.89,220,192.96,0.528657534,0.28719,0.025422926,0.39,0.36,0.42,0.4,07/01/19
07/01/19,19/07/19,147.89,225,192.96,0.528657534,0.29392,0.025422926,0.34,0.32,0.36,0.33,07/01/19
07/01/19,19/07/19,147.89,230,192.96,0.528657534,0.29658,0.025422926,0.28,0.25,0.31,0.28,07/01/19
07/01/19,19/07/19,147.89,235,192.96,0.528657534,0.30047,0.025422926,0.245,0.21,0.28,0.24,07/01/19
07/01/19,19/07/19,147.89,240,192.96,0.528657534,0.30754,0.025422926,0.21,0.18,0.24,0.18,07/01/19
07/01/19,19/07/19,147.89,245,192.96,0.528657534,0.31227,0.025422926,0.185,0.15,0.22,0.18,07/01/19
07/01/19,19/07/19,147.89,250,192.96,0.528657534,0.31852,0.025422926,0.165,0.13,0.2,0.14,07/01/19
07/01/19,19/07/19,147.89,255,192.96,0.528657534,0.32331,0.025422926,0.155,0.13,0.18,0.31,07/01/19
07/01/19,19/07/19,147.89,260,192.96,0.528657534,0.32995,0.025422926,0.145,0.12,0.17,0.11,07/01/19
07/01/19,19/07/19,147.89,265,192.96,0.528657534,0.33697,0.025422926,0.125,0.1,0.15,0.47,07/01/19
07/01/19,19/07/19,147.89,270,192.96,0.528657534,0.34189,0.025422926,0.125,0.1,0.15,0.1,07/01/19
07/01/19,19/07/19,147.89,275,192.96,0.528657534,0.34763,0.025422926,0.115,0.09,0.14,0.09,07/01/19
07/01/19,19/07/19,147.89,280,192.96,0.528657534,0.34784,0.025422926,0.095,0.08,0.11,0.11,07/01/19
07/01/19,19/07/19,147.89,285,192.96,0.528657534,0.35849,0.025422926,0.105,0.08,0.13,0.13,07/01/19
07/01/19,19/07/19,147.89,290,192.96,0.528657534,0.36649,0.025422926,0.085,0.05,0.12,0.06,07/01/19
07/01/19,17/01/20,147.89,50,375,1.02739726,1.01054,0.025786301,98.095,97.49,98.7,98.5,07/01/19
07/01/19,17/01/20,147.89,55,375,1.02739726,0.87801,0.025786301,93.125,92.49,93.76,89.53,07/01/19
07/01/19,17/01/20,147.89,60,375,1.02739726,0.76887,0.025786301,88.15,87.55,88.75,88.43,07/01/19
07/01/19,17/01/20,147.89,65,375,1.02739726,0.67191,0.025786301,83.1,82.5,83.7,103.4,07/01/19
07/01/19,17/01/20,147.89,70,375,1.02739726,0.60069,0.025786301,78.255,77.65,78.86,85.05,07/01/19
07/01/19,17/01/20,147.89,75,375,1.02739726,0.54298,0.025786301,73.45,72.84,74.06,72.35,07/01/19
07/01/19,17/01/20,147.89,80,375,1.02739726,0.5085,0.025786301,68.95,68.65,69.25,68.28,07/01/19
07/01/19,17/01/20,147.89,85,375,1.02739726,0.46486,0.025786301,64.15,63.95,64.35,70.3,07/01/19
07/01/19,17/01/20,147.89,90,375,1.02739726,0.44117,0.025786301,59.67,59.5,59.84,59,07/01/19
07/01/19,17/01/20,147.89,95,375,1.02739726,0.41795,0.025786301,55.2,55,55.4,53,07/01/19
07/01/19,17/01/20,147.89,100,375,1.02739726,0.40144,0.025786301,50.87,50.69,51.05,50.5,07/01/19
07/01/19,17/01/20,147.89,105,375,1.02739726,0.38795,0.025786301,46.7,46.5,46.9,45.74,07/01/19
07/01/19,17/01/20,147.89,110,375,1.02739726,0.37705,0.025786301,42.675,42.5,42.85,42.15,07/01/19
07/01/19,17/01/20,147.89,115,375,1.02739726,0.36525,0.025786301,38.735,38.56,38.91,38.15,07/01/19
07/01/19,17/01/20,147.89,120,375,1.02739726,0.357,0.025786301,35.07,34.89,35.25,35.12,07/01/19
07/01/19,17/01/20,147.89,125,375,1.02739726,0.34935,0.025786301,31.55,31.4,31.7,31.29,07/01/19
07/01/19,17/01/20,147.89,130,375,1.02739726,0.34153,0.025786301,28.235,28.06,28.41,28.2,07/01/19
07/01/19,17/01/20,147.89,135,375,1.02739726,0.33406,0.025786301,25.07,24.94,25.2,24.23,07/01/19
07/01/19,17/01/20,147.89,140,375,1.02739726,0.3274,0.025786301,22.15,22.05,22.25,22.2,07/01/19
07/01/19,17/01/20,147.89,145,375,1.02739726,0.32047,0.025786301,19.43,19.3,19.56,19.53,07/01/19
07/01/19,17/01/20,147.89,150,375,1.02739726,0.3148,0.025786301,16.95,16.86,17.04,16.95,07/01/19
07/01/19,17/01/20,147.89,155,375,1.02739726,0.30849,0.025786301,14.625,14.51,14.74,14.65,07/01/19
07/01/19,17/01/20,147.89,160,375,1.02739726,0.30373,0.025786301,12.6,12.5,12.7,12.82,07/01/19
07/01/19,17/01/20,147.89,165,375,1.02739726,0.29871,0.025786301,10.745,10.65,10.84,10.75,07/01/19
07/01/19,17/01/20,147.89,170,375,1.02739726,0.29299,0.025786301,9.1,9,9.2,9.09,07/01/19
07/01/19,17/01/20,147.89,175,375,1.02739726,0.28832,0.025786301,7.625,7.5,7.75,7.66,07/01/19
07/01/19,17/01/20,147.89,180,375,1.02739726,0.28431,0.025786301,6.405,6.31,6.5,6.45,07/01/19
07/01/19,17/01/20,147.89,185,375,1.02739726,0.28159,0.025786301,5.35,5.25,5.45,5.4,07/01/19
07/01/19,17/01/20,147.89,190,375,1.02739726,0.27927,0.025786301,4.45,4.35,4.55,4.52,07/01/19
07/01/19,17/01/20,147.89,195,375,1.02739726,0.27629,0.025786301,3.675,3.6,3.75,3.7,07/01/19
07/01/19,17/01/20,147.89,200,375,1.02739726,0.27373,0.025786301,3.05,3,3.1,3.05,07/01/19
07/01/19,17/01/20,147.89,205,375,1.02739726,0.27161,0.025786301,2.505,2.45,2.56,2.56,07/01/19
07/01/19,17/01/20,147.89,210,375,1.02739726,0.27097,0.025786301,2.075,2.03,2.12,2.07,07/01/19
07/01/19,17/01/20,147.89,215,375,1.02739726,0.271,0.025786301,1.745,1.69,1.8,1.85,07/01/19
07/01/19,17/01/20,147.89,220,375,1.02739726,0.27064,0.025786301,1.45,1.41,1.49,1.49,07/01/19
07/01/19,17/01/20,147.89,225,375,1.02739726,0.27009,0.025786301,1.21,1.17,1.25,1.31,07/01/19
07/01/19,17/01/20,147.89,230,375,1.02739726,0.27135,0.025786301,1.025,1,1.05,1.05,07/01/19
07/01/19,17/01/20,147.89,235,375,1.02739726,0.27127,0.025786301,0.87,0.83,0.91,0.9,07/01/19
07/01/19,17/01/20,147.89,240,375,1.02739726,0.27252,0.025786301,0.735,0.7,0.77,0.78,07/01/19
07/01/19,17/01/20,147.89,245,375,1.02739726,0.27352,0.025786301,0.63,0.6,0.66,0.67,07/01/19
07/01/19,17/01/20,147.89,250,375,1.02739726,0.27482,0.025786301,0.54,0.51,0.57,0.53,07/01/19
07/01/19,17/01/20,147.89,255,375,1.02739726,0.27605,0.025786301,0.47,0.45,0.49,0.49,07/01/19
07/01/19,17/01/20,147.89,260,375,1.02739726,0.27756,0.025786301,0.405,0.39,0.42,0.44,07/01/19
07/01/19,17/01/20,147.89,270,375,1.02739726,0.28435,0.025786301,0.34,0.32,0.36,0.33,07/01/19
07/01/19,17/01/20,147.89,280,375,1.02739726,0.29077,0.025786301,0.275,0.25,0.3,0.27,07/01/19
07/01/19,17/01/20,147.89,290,375,1.02739726,0.29596,0.025786301,0.235,0.21,0.26,0.24,07/01/19
07/01/19,17/01/20,147.89,300,375,1.02739726,0.30245,0.025786301,0.21,0.18,0.24,0.23,07/01/19
07/01/19,17/01/20,147.89,310,375,1.02739726,0.30889,0.025786301,0.18,0.15,0.21,0.19,07/01/19
07/01/19,17/01/20,147.89,320,375,1.02739726,0.31582,0.025786301,0.155,0.13,0.18,0.16,07/01/19
07/01/19,17/01/20,147.89,330,375,1.02739726,0.32306,0.025786301,0.15,0.12,0.18,0.19,07/01/19
07/01/19,17/01/20,147.89,340,375,1.02739726,0.33069,0.025786301,0.135,0.1,0.17,0.2,07/01/19
07/01/19,19/06/20,147.89,75,528.96,1.449205479,0.47946,0.025575397,73.645,72.94,74.35,0,07/01/19
07/01/19,19/06/20,147.89,80,528.96,1.449205479,0.44794,0.025575397,69.1,68.45,69.75,66.96,07/01/19
07/01/19,19/06/20,147.89,85,528.96,1.449205479,0.42257,0.025575397,64.6,64.35,64.85,59.5,07/01/19
07/01/19,19/06/20,147.89,90,528.96,1.449205479,0.40232,0.025575397,60.205,59.95,60.46,60.5,07/01/19
07/01/19,19/06/20,147.89,95,528.96,1.449205479,0.39056,0.025575397,56.03,55.8,56.26,55.59,07/01/19
07/01/19,19/06/20,147.89,100,528.96,1.449205479,0.38044,0.025575397,51.98,51.75,52.21,51.9,07/01/19
07/01/19,19/06/20,147.89,105,528.96,1.449205479,0.37099,0.025575397,48.025,47.8,48.25,46.35,07/01/19
07/01/19,19/06/20,147.89,110,528.96,1.449205479,0.36445,0.025575397,44.35,44.25,44.45,44.3,07/01/19
07/01/19,19/06/20,147.89,115,528.96,1.449205479,0.35596,0.025575397,40.65,40.44,40.86,38.52,07/01/19
07/01/19,19/06/20,147.89,120,528.96,1.449205479,0.34951,0.025575397,37.22,37.05,37.39,36.3,07/01/19
07/01/19,19/06/20,147.89,125,528.96,1.449205479,0.34353,0.025575397,33.95,33.75,34.15,33.66,07/01/19
07/01/19,19/06/20,147.89,130,528.96,1.449205479,0.33832,0.025575397,30.865,30.64,31.09,29.89,07/01/19
07/01/19,19/06/20,147.89,135,528.96,1.449205479,0.33257,0.025575397,27.93,27.76,28.1,27.02,07/01/19
07/01/19,19/06/20,147.89,140,528.96,1.449205479,0.32858,0.025575397,25.225,25.05,25.4,25.52,07/01/19
07/01/19,19/06/20,147.89,145,528.96,1.449205479,0.32406,0.025575397,22.65,22.5,22.8,22.7,07/01/19
07/01/19,19/06/20,147.89,150,528.96,1.449205479,0.31981,0.025575397,20.32,20.14,20.5,20.5,07/01/19
07/01/19,19/06/20,147.89,155,528.96,1.449205479,0.31537,0.025575397,18.13,17.95,18.31,18.21,07/01/19
07/01/19,19/06/20,147.89,160,528.96,1.449205479,0.31221,0.025575397,16.175,16.1,16.25,16.29,07/01/19
07/01/19,19/06/20,147.89,165,528.96,1.449205479,0.30778,0.025575397,14.3,14.15,14.45,13.91,07/01/19
07/01/19,19/06/20,147.89,170,528.96,1.449205479,0.30473,0.025575397,12.65,12.5,12.8,12.95,07/01/19
07/01/19,19/06/20,147.89,175,528.96,1.449205479,0.30152,0.025575397,11.13,11,11.26,11.3,07/01/19
07/01/19,19/06/20,147.89,180,528.96,1.449205479,0.29837,0.025575397,9.775,9.59,9.96,9.72,07/01/19
07/01/19,19/06/20,147.89,185,528.96,1.449205479,0.29649,0.025575397,8.6,8.45,8.75,8.53,07/01/19
07/01/19,19/06/20,147.89,190,528.96,1.449205479,0.29371,0.025575397,7.5,7.35,7.65,7.68,07/01/19
07/01/19,19/06/20,147.89,195,528.96,1.449205479,0.292,0.025575397,6.57,6.45,6.69,6.5,07/01/19
07/01/19,19/06/20,147.89,200,528.96,1.449205479,0.29024,0.025575397,5.775,5.7,5.85,5.85,07/01/19
07/01/19,19/06/20,147.89,205,528.96,1.449205479,0.28907,0.025575397,5.025,4.9,5.15,5.04,07/01/19
07/01/19,19/06/20,147.89,210,528.96,1.449205479,0.28768,0.025575397,4.4,4.3,4.5,4.55,07/01/19
07/01/19,19/06/20,147.89,215,528.96,1.449205479,0.28727,0.025575397,3.875,3.75,4,3.95,07/01/19
07/01/19,19/06/20,147.89,220,528.96,1.449205479,0.2863,0.025575397,3.37,3.24,3.5,3.4,07/01/19
07/01/19,19/06/20,147.89,225,528.96,1.449205479,0.28682,0.025575397,3,2.9,3.1,2.95,07/01/19
07/01/19,19/06/20,147.89,230,528.96,1.449205479,0.2857,0.025575397,2.62,2.54,2.7,2.6,07/01/19
07/01/19,19/06/20,147.89,235,528.96,1.449205479,0.2859,0.025575397,2.32,2.24,2.4,2.35,07/01/19
07/01/19,19/06/20,147.89,240,528.96,1.449205479,0.2864,0.025575397,2.06,1.98,2.14,2.13,07/01/19
07/01/19,19/06/20,147.89,245,528.96,1.449205479,0.28742,0.025575397,1.835,1.76,1.91,1.81,07/01/19
07/01/19,19/06/20,147.89,250,528.96,1.449205479,0.28855,0.025575397,1.65,1.57,1.73,1.67,07/01/19
07/01/19,19/06/20,147.89,260,528.96,1.449205479,0.29046,0.025575397,1.325,1.25,1.4,1.49,07/01/19
07/01/19,19/06/20,147.89,270,528.96,1.449205479,0.29415,0.025575397,1.115,1.07,1.16,1.18,07/01/19
07/01/19,19/06/20,147.89,280,528.96,1.449205479,0.29617,0.025575397,0.9,0.83,0.97,0.95,07/01/19
07/01/19,19/06/20,147.89,290,528.96,1.449205479,0.29959,0.025575397,0.765,0.69,0.84,0.76,07/01/19
07/01/19,19/06/20,147.89,300,528.96,1.449205479,0.30542,0.025575397,0.695,0.66,0.73,0.7,07/01/19
07/01/19,19/06/20,147.89,310,528.96,1.449205479,0.30677,0.025575397,0.565,0.5,0.63,0.62,07/01/19
07/01/19,19/06/20,147.89,320,528.96,1.449205479,0.31085,0.025575397,0.5,0.43,0.57,0.58,07/01/19
07/01/19,19/06/20,147.89,330,528.96,1.449205479,0.31687,0.025575397,0.465,0.41,0.52,0.5,07/01/19
07/01/19,19/06/20,147.89,340,528.96,1.449205479,0.32186,0.025575397,0.415,0.35,0.48,0.35,07/01/19
07/01/19,15/01/21,147.89,75,739,2.024657534,0.42163,0.025295068,74.035,71.56,76.51,74.25,07/01/19
07/01/19,15/01/21,147.89,80,739,2.024657534,0.40308,0.025295068,69.755,67.51,72,70,07/01/19
07/01/19,15/01/21,147.89,85,739,2.024657534,0.39349,0.025295068,65.725,63.45,68,66.22,07/01/19
07/01/19,15/01/21,147.89,90,739,2.024657534,0.3766,0.025295068,61.475,60.5,62.45,60.5,07/01/19
07/01/19,15/01/21,147.89,95,739,2.024657534,0.34584,0.025295068,56.605,54.55,58.66,57.75,07/01/19
07/01/19,15/01/21,147.89,100,739,2.024657534,0.36699,0.025295068,54.03,51.55,56.51,53.9,07/01/19
07/01/19,15/01/21,147.89,105,739,2.024657534,0.36358,0.025295068,50.545,48.09,53,49.2,07/01/19
07/01/19,15/01/21,147.89,110,739,2.024657534,0.35678,0.025295068,47.03,44.55,49.51,46.6,07/01/19
07/01/19,15/01/21,147.89,115,739,2.024657534,0.34976,0.025295068,43.55,41.1,46,40.62,07/01/19
07/01/19,15/01/21,147.89,120,739,2.024657534,0.35342,0.025295068,40.895,38.79,43,41,07/01/19
07/01/19,15/01/21,147.89,125,739,2.024657534,0.33756,0.025295068,37.13,36.46,37.8,37.5,07/01/19
07/01/19,15/01/21,147.89,130,739,2.024657534,0.33442,0.025295068,34.3,33.8,34.8,33.7,07/01/19
07/01/19,15/01/21,147.89,135,739,2.024657534,0.3339,0.025295068,31.805,31.51,32.1,31.8,07/01/19
07/01/19,15/01/21,147.89,140,739,2.024657534,0.33237,0.025295068,29.4,29.1,29.7,29.3,07/01/19
07/01/19,15/01/21,147.89,145,739,2.024657534,0.32944,0.025295068,27.055,26.75,27.36,26.55,07/01/19
07/01/19,15/01/21,147.89,150,739,2.024657534,0.32697,0.025295068,24.88,24.25,25.51,24.5,07/01/19
07/01/19,15/01/21,147.89,155,739,2.024657534,0.32584,0.025295068,22.9,21.8,24,22.6,07/01/19
07/01/19,15/01/21,147.89,160,739,2.024657534,0.3168,0.025295068,20.505,20,21.01,20.48,07/01/19
07/01/19,15/01/21,147.89,165,739,2.024657534,0.31956,0.025295068,19.045,18.2,19.89,18.65,07/01/19
07/01/19,15/01/21,147.89,170,739,2.024657534,0.31699,0.025295068,17.38,16.8,17.96,16.7,07/01/19
07/01/19,15/01/21,147.89,175,739,2.024657534,0.30842,0.025295068,15.375,14.75,16,15.12,07/01/19
07/01/19,15/01/21,147.89,180,739,2.024657534,0.30503,0.025295068,13.855,13.21,14.5,14,07/01/19
07/01/19,15/01/21,147.89,185,739,2.024657534,0.30529,0.025295068,12.7,12.1,13.3,12.37,07/01/19
07/01/19,15/01/21,147.89,190,739,2.024657534,0.30211,0.025295068,11.4,11,11.8,11.57,07/01/19
07/01/19,15/01/21,147.89,195,739,2.024657534,0.30109,0.025295068,10.35,10,10.7,9.7,07/01/19
07/01/19,15/01/21,147.89,200,739,2.024657534,0.29989,0.025295068,9.38,9.01,9.75,9.3,07/01/19
07/01/19,15/01/21,147.89,205,739,2.024657534,0.2993,0.025295068,8.575,8.3,8.85,8.4,07/01/19
07/01/19,15/01/21,147.89,210,739,2.024657534,0.29721,0.025295068,7.66,7.26,8.06,7.6,07/01/19
07/01/19,15/01/21,147.89,215,739,2.024657534,0.29772,0.025295068,7.055,6.8,7.31,6.7,07/01/19
07/01/19,15/01/21,147.89,220,739,2.024657534,0.29572,0.025295068,6.325,6,6.65,6.4,07/01/19
07/01/19,15/01/21,147.89,225,739,2.024657534,0.3,0.025295068,6.025,4.5,7.55,5.64,07/01/19
07/01/19,15/01/21,147.89,230,739,2.024657534,0.29354,0.025295068,5.13,4.76,5.5,5.05,07/01/19
07/01/19,15/01/21,147.89,235,739,2.024657534,0.28836,0.025295068,4.4,4,4.8,4.55,07/01/19
07/01/19,15/01/21,147.89,240,739,2.024657534,0.29529,0.025295068,4.375,3.9,4.85,4.23,07/01/19
07/01/19,15/01/21,147.89,245,739,2.024657534,0.29334,0.025295068,3.895,2.49,5.3,4.2,07/01/19
07/01/19,15/01/21,147.89,250,739,2.024657534,0.29472,0.025295068,3.6,3.3,3.9,3.6,07/01/19
07/01/19,15/01/21,147.89,255,739,2.024657534,0.29065,0.025295068,3.1,1.65,4.55,3.25,07/01/19
07/01/19,15/01/21,147.89,260,739,2.024657534,0.30002,0.025295068,3.23,2.56,3.9,2.64,07/01/19
07/01/19,15/01/21,147.89,265,739,2.024657534,0.29381,0.025295068,2.71,1.67,3.75,2.73,07/01/19
07/01/19,15/01/21,147.89,270,739,2.024657534,0.29912,0.025295068,2.68,1.91,3.45,2.42,07/01/19
07/01/19,15/01/21,147.89,280,739,2.024657534,0.29474,0.025295068,2.075,0.95,3.2,2.2,07/01/19
07/01/19,15/01/21,147.89,290,739,2.024657534,0.29703,0.025295068,1.795,0.78,2.81,1.8,07/01/19
07/01/19,15/01/21,147.89,300,739,2.024657534,0.30038,0.025295068,1.615,1.5,1.73,1.47,07/01/19
07/01/19,15/01/21,147.89,310,739,2.024657534,0.30177,0.025295068,1.4,1.21,1.59,1.35,07/01/19
07/01/19,15/01/21,147.89,320,739,2.024657534,0.31587,0.025295068,1.5,1,2,1.15,07/01/19
07/01/19,15/01/21,147.89,330,739,2.024657534,0.3216,0.025295068,1.405,1,1.81,0.95,07/01/19
07/01/19,15/01/21,147.89,340,739,2.024657534,0.30701,0.025295068,0.93,0.66,1.2,0.8,07/01/19
07/01/19,15/01/21,147.89,350,739,2.024657534,0.30801,0.025295068,0.805,0.71,0.9,0.83,07/01/19
07/01/19,15/01/21,147.89,360,739,2.024657534,0.30565,0.025295068,0.645,0.4,0.89,0.7,07/01/19
07/01/19,15/01/21,147.89,370,739,2.024657534,0.32583,0.025295068,0.85,0.4,1.3,0.65,07/01/19
07/01/19,15/01/21,147.89,380,739,2.024657534,0.31638,0.025295068,0.595,0.58,0.61,0.62,07/01/19
08/01/19,11/01/19,150.77,121,3,0.008219178,0.71748,0.024,29.775,29.45,30.1,0,08/01/19
08/01/19,11/01/19,150.77,124,3,0.008219178,0.64369,0.024,26.775,26.45,27.1,20.45,08/01/19
08/01/19,11/01/19,150.77,125,3,0.008219178,0.62012,0.024,25.775,25.5,26.05,24.42,08/01/19
08/01/19,11/01/19,150.77,127,3,0.008219178,0.56575,0.024,23.775,23.5,24.05,16.1,08/01/19
08/01/19,11/01/19,150.77,128,3,0.008219178,0.66442,0.024,22.8,22.55,23.05,17.5,08/01/19
08/01/19,11/01/19,150.77,131,3,0.008219178,0.58027,0.024,19.79,19.49,20.09,14.66,08/01/19
08/01/19,11/01/19,150.77,134,3,0.008219178,0.4051,0.024,16.775,16.5,17.05,15.8,08/01/19
08/01/19,11/01/19,150.77,136,3,0.008219178,0.35994,0.024,14.78,14.5,15.06,13.75,08/01/19
08/01/19,11/01/19,150.77,137,3,0.008219178,0.41419,0.024,13.8,13.55,14.05,13.55,08/01/19
08/01/19,11/01/19,150.77,139,3,0.008219178,0.28915,0.024,11.775,11.65,11.9,10,08/01/19
08/01/19,11/01/19,150.77,140,3,0.008219178,0.33203,0.024,10.8,10.7,10.9,11,08/01/19
08/01/19,11/01/19,150.77,141,3,0.008219178,0.33505,0.024,9.825,9.7,9.95,10.33,08/01/19
08/01/19,11/01/19,150.77,142,3,0.008219178,0.32616,0.024,8.85,8.75,8.95,9.38,08/01/19
08/01/19,11/01/19,150.77,143,3,0.008219178,0.33896,0.024,7.925,7.8,8.05,8.2,08/01/19
08/01/19,11/01/19,150.77,144,3,0.008219178,0.36206,0.024,7.07,6.95,7.19,7.1,08/01/19
08/01/19,11/01/19,150.77,145,3,0.008219178,0.32966,0.024,6.1,5.99,6.21,6.07,08/01/19
08/01/19,11/01/19,150.77,146,3,0.008219178,0.34076,0.024,5.3,5.2,5.4,5.3,08/01/19
08/01/19,11/01/19,150.77,147,3,0.008219178,0.32678,0.024,4.445,4.4,4.49,4.4,08/01/19
08/01/19,11/01/19,150.77,148,3,0.008219178,0.31957,0.024,3.675,3.6,3.75,3.7,08/01/19
08/01/19,11/01/19,150.77,149,3,0.008219178,0.32221,0.024,3.025,3,3.05,3.02,08/01/19
08/01/19,11/01/19,150.77,150,3,0.008219178,0.31927,0.024,2.415,2.4,2.43,2.41,08/01/19
08/01/19,11/01/19,150.77,152.5,3,0.008219178,0.30199,0.024,1.17,1.15,1.19,1.15,08/01/19
08/01/19,11/01/19,150.77,155,3,0.008219178,0.29646,0.024,0.475,0.47,0.48,0.49,08/01/19
08/01/19,11/01/19,150.77,157.5,3,0.008219178,0.30764,0.024,0.195,0.19,0.2,0.2,08/01/19
08/01/19,11/01/19,150.77,160,3,0.008219178,0.33073,0.024,0.09,0.09,0.09,0.1,08/01/19
08/01/19,11/01/19,150.77,162.5,3,0.008219178,0.35199,0.024,0.045,0.04,0.05,0.05,08/01/19
08/01/19,11/01/19,150.77,165,3,0.008219178,0.37971,0.024,0.02,0.02,0.02,0.03,08/01/19
08/01/19,11/01/19,150.77,167.5,3,0.008219178,0.40661,0.024,0.01,0,0.02,0.02,08/01/19
08/01/19,11/01/19,150.77,170,3,0.008219178,0.40781,0.024,0.005,0,0.01,0.01,08/01/19
08/01/19,11/01/19,150.77,172.5,3,0.008219178,0.45253,0.024,0.005,0,0.01,0.01,08/01/19
08/01/19,11/01/19,150.77,175,3,0.008219178,0.49581,0.024,0.005,0,0.01,0.01,08/01/19
08/01/19,11/01/19,150.77,177.5,3,0.008219178,0.53797,0.024,0,0,0,0.01,08/01/19
08/01/19,11/01/19,150.77,180,3,0.008219178,0.5798,0.024,0.01,0,0.02,0.01,08/01/19
08/01/19,11/01/19,150.77,182.5,3,0.008219178,0.61941,0.024,0.005,0,0.01,0.01,08/01/19
08/01/19,11/01/19,150.77,185,3,0.008219178,0.65965,0.024,0,0,0,0.01,08/01/19
08/01/19,11/01/19,150.77,187.5,3,0.008219178,0.77526,0.024,0.01,0,0.02,0.01,08/01/19
08/01/19,11/01/19,150.77,190,3,0.008219178,0.73684,0.024,0.01,0,0.02,0.03,08/01/19
08/01/19,11/01/19,150.77,192.5,3,0.008219178,0.77465,0.024,0,0,0,0.02,08/01/19
08/01/19,11/01/19,150.77,195,3,0.008219178,0.92468,0.024,0.02,0,0.04,0.02,08/01/19
08/01/19,11/01/19,150.77,197.5,3,0.008219178,0.84756,0.024,0.005,0,0.01,0.01,08/01/19
08/01/19,11/01/19,150.77,200,3,0.008219178,0.88349,0.024,0,0,0,0.01,08/01/19
08/01/19,11/01/19,150.77,202.5,3,0.008219178,1.04454,0.024,0.02,0,0.04,0.03,08/01/19
08/01/19,11/01/19,150.77,205,3,0.008219178,0.95249,0.024,0.005,0,0.01,0.02,08/01/19
08/01/19,11/01/19,150.77,207.5,3,0.008219178,0.98683,0.024,0,0,0,0.02,08/01/19
08/01/19,11/01/19,150.77,210,3,0.008219178,1.15792,0.024,0.02,0,0.04,0.01,08/01/19
08/01/19,11/01/19,150.77,212.5,3,0.008219178,1.11932,0.024,0.01,0,0.02,0.07,08/01/19
08/01/19,11/01/19,150.77,215,3,0.008219178,1.22839,0.024,0.02,0,0.04,0.03,08/01/19
08/01/19,11/01/19,150.77,220,3,0.008219178,1.14871,0.024,0.005,0,0.01,0.01,08/01/19
08/01/19,11/01/19,150.77,225,3,0.008219178,1.21053,0.024,0,0,0,0.12,08/01/19
08/01/19,11/01/19,150.77,230,3,0.008219178,1.27054,0.024,0.01,0,0.02,0.02,08/01/19
08/01/19,11/01/19,150.77,235,3,0.008219178,1.40921,0.024,0.01,0,0.02,0.08,08/01/19
08/01/19,11/01/19,150.77,240,3,0.008219178,1.47071,0.024,0.01,0,0.02,0.02,08/01/19
08/01/19,11/01/19,150.77,245,3,0.008219178,1.6218,0.024,0.02,0,0.04,0.02,08/01/19
08/01/19,11/01/19,150.77,250,3,0.008219178,1.68052,0.024,0.015,0,0.03,0.01,08/01/19
08/01/19,18/01/19,150.77,2.5,10,0.02739726,7.5789,0.024,148.27,147.89,148.65,142.05,08/01/19
08/01/19,18/01/19,150.77,12.5,10,0.02739726,4.44257,0.024,138.27,137.9,138.64,161.45,08/01/19
08/01/19,18/01/19,150.77,17.5,10,0.02739726,3.81895,0.024,133.28,132.91,133.65,154.45,08/01/19
08/01/19,18/01/19,150.77,25,10,0.02739726,3.18165,0.024,125.78,125.4,126.16,145.85,08/01/19
08/01/19,18/01/19,150.77,30,10,0.02739726,3.70596,0.024,120.85,118.69,123.01,142,08/01/19
08/01/19,18/01/19,150.77,35,10,0.02739726,2.59892,0.024,115.77,115.4,116.14,113.13,08/01/19
08/01/19,18/01/19,150.77,40,10,0.02739726,2.75481,0.024,110.805,110.45,111.16,104.9,08/01/19
08/01/19,18/01/19,150.77,42.5,10,0.02739726,2.63384,0.024,108.3,107.95,108.65,106.83,08/01/19
08/01/19,18/01/19,150.77,55,10,0.02739726,1.81446,0.024,95.77,95.45,96.09,109.05,08/01/19
08/01/19,18/01/19,150.77,60,10,0.02739726,1.9436,0.024,90.795,90.44,91.15,86.9,08/01/19
08/01/19,18/01/19,150.77,65,10,0.02739726,1.90008,0.024,85.82,85.5,86.14,92.4,08/01/19
08/01/19,18/01/19,150.77,70,10,0.02739726,1.74267,0.024,80.825,80.5,81.15,72.2,08/01/19
08/01/19,18/01/19,150.77,75,10,0.02739726,1.27053,0.024,75.775,75.5,76.05,73.11,08/01/19
08/01/19,18/01/19,150.77,85,10,0.02739726,1.24529,0.024,65.8,65.6,66,63.85,08/01/19
08/01/19,18/01/19,150.77,105,10,0.02739726,0.87513,0.024,45.83,45.5,46.16,40.4,08/01/19
08/01/19,18/01/19,150.77,110,10,0.02739726,0.71949,0.024,40.805,40.56,41.05,37.38,08/01/19
08/01/19,18/01/19,150.77,112,10,0.02739726,0.5701,0.024,38.78,38.41,39.15,0,08/01/19
08/01/19,18/01/19,150.77,113,10,0.02739726,0.55479,0.024,37.775,37.4,38.15,0,08/01/19
08/01/19,18/01/19,150.77,114,10,0.02739726,0.64587,0.024,36.805,36.51,37.1,0,08/01/19
08/01/19,18/01/19,150.77,115,10,0.02739726,0.52592,0.024,35.775,35.4,36.15,36.55,08/01/19
08/01/19,18/01/19,150.77,116,10,0.02739726,0.506,0.024,34.775,34.51,35.04,0,08/01/19
08/01/19,18/01/19,150.77,117,10,0.02739726,0.49327,0.024,33.78,33.45,34.11,0,08/01/19
08/01/19,18/01/19,150.77,118,10,0.02739726,0.57334,0.024,32.8,32.5,33.1,0,08/01/19
08/01/19,18/01/19,150.77,119,10,0.02739726,0.46408,0.024,31.785,31.41,32.16,0,08/01/19
08/01/19,18/01/19,150.77,121,10,0.02739726,0.5615,0.024,29.825,29.45,30.2,0,08/01/19
08/01/19,18/01/19,150.77,122,10,0.02739726,0.50282,0.024,28.795,28.4,29.19,0,08/01/19
08/01/19,18/01/19,150.77,123,10,0.02739726,0.5527,0.024,27.845,27.54,28.15,0,08/01/19
08/01/19,18/01/19,150.77,124,10,0.02739726,0.50632,0.024,26.82,26.44,27.2,0,08/01/19
08/01/19,18/01/19,150.77,126,10,0.02739726,0.43385,0.024,24.805,24.45,25.16,0,08/01/19
08/01/19,18/01/19,150.77,127,10,0.02739726,0.47651,0.024,23.85,23.5,24.2,0,08/01/19
08/01/19,18/01/19,150.77,128,10,0.02739726,0.45798,0.024,22.855,22.56,23.15,0,08/01/19
08/01/19,18/01/19,150.77,129,10,0.02739726,0.47502,0.024,21.905,21.6,22.21,18.95,08/01/19
08/01/19,18/01/19,150.77,130,10,0.02739726,0.50509,0.024,20.995,20.79,21.2,21.1,08/01/19
08/01/19,18/01/19,150.77,131,10,0.02739726,0.43547,0.024,19.895,19.59,20.2,18.79,08/01/19
08/01/19,18/01/19,150.77,132,10,0.02739726,0.42873,0.024,18.935,18.76,19.11,19.4,08/01/19
08/01/19,18/01/19,150.77,133,10,0.02739726,0.39566,0.024,17.9,17.75,18.05,0,08/01/19
08/01/19,18/01/19,150.77,134,10,0.02739726,0.39941,0.024,16.945,16.8,17.09,15.25,08/01/19
08/01/19,18/01/19,150.77,135,10,0.02739726,0.38888,0.024,15.975,15.85,16.1,16.03,08/01/19
08/01/19,18/01/19,150.77,136,10,0.02739726,0.38576,0.024,15.025,14.9,15.15,14.1,08/01/19
08/01/19,18/01/19,150.77,137,10,0.02739726,0.37157,0.024,14.05,13.95,14.15,14.8,08/01/19
08/01/19,18/01/19,150.77,138,10,0.02739726,0.37648,0.024,13.15,13.05,13.25,11.55,08/01/19
08/01/19,18/01/19,150.77,139,10,0.02739726,0.36412,0.024,12.195,12.1,12.29,11.92,08/01/19
08/01/19,18/01/19,150.77,140,10,0.02739726,0.36105,0.024,11.295,11.2,11.39,11.3,08/01/19
08/01/19,18/01/19,150.77,141,10,0.02739726,0.35421,0.024,10.4,10.3,10.5,11.05,08/01/19
08/01/19,18/01/19,150.77,142,10,0.02739726,0.34961,0.024,9.525,9.45,9.6,9.8,08/01/19
08/01/19,18/01/19,150.77,143,10,0.02739726,0.34457,0.024,8.675,8.6,8.75,8.9,08/01/19
08/01/19,18/01/19,150.77,144,10,0.02739726,0.339,0.024,7.855,7.8,7.91,8.01,08/01/19
08/01/19,18/01/19,150.77,145,10,0.02739726,0.3403,0.024,7.1,7.05,7.15,7.05,08/01/19
08/01/19,18/01/19,150.77,146,10,0.02739726,0.33043,0.024,6.3,6.2,6.4,6.3,08/01/19
08/01/19,18/01/19,150.77,147,10,0.02739726,0.33176,0.024,5.63,5.61,5.65,5.62,08/01/19
08/01/19,18/01/19,150.77,148,10,0.02739726,0.32242,0.024,4.895,4.85,4.94,5,08/01/19
08/01/19,18/01/19,150.77,149,10,0.02739726,0.31696,0.024,4.25,4.2,4.3,4.31,08/01/19
08/01/19,18/01/19,150.77,150,10,0.02739726,0.31697,0.024,3.705,3.66,3.75,3.75,08/01/19
08/01/19,18/01/19,150.77,152.5,10,0.02739726,0.3104,0.024,2.465,2.44,2.49,2.44,08/01/19
08/01/19,18/01/19,150.77,155,10,0.02739726,0.30394,0.024,1.535,1.52,1.55,1.52,08/01/19
08/01/19,18/01/19,150.77,157.5,10,0.02739726,0.29775,0.024,0.88,0.87,0.89,0.86,08/01/19
08/01/19,18/01/19,150.77,160,10,0.02739726,0.2995,0.024,0.51,0.5,0.52,0.51,08/01/19
08/01/19,18/01/19,150.77,162.5,10,0.02739726,0.30949,0.024,0.315,0.3,0.33,0.32,08/01/19
08/01/19,18/01/19,150.77,165,10,0.02739726,0.32444,0.024,0.215,0.21,0.22,0.21,08/01/19
08/01/19,18/01/19,150.77,167.5,10,0.02739726,0.34444,0.024,0.15,0.14,0.16,0.14,08/01/19
08/01/19,18/01/19,150.77,170,10,0.02739726,0.36586,0.024,0.115,0.11,0.12,0.11,08/01/19
08/01/19,18/01/19,150.77,172.5,10,0.02739726,0.39872,0.024,0.11,0.1,0.12,0.1,08/01/19
08/01/19,18/01/19,150.77,175,10,0.02739726,0.42378,0.024,0.095,0.09,0.1,0.09,08/01/19
08/01/19,18/01/19,150.77,177.5,10,0.02739726,0.44634,0.024,0.085,0.07,0.1,0.07,08/01/19
08/01/19,18/01/19,150.77,180,10,0.02739726,0.46934,0.024,0.07,0.06,0.08,0.07,08/01/19
08/01/19,18/01/19,150.77,182.5,10,0.02739726,0.49569,0.024,0.075,0.07,0.08,0.07,08/01/19
08/01/19,18/01/19,150.77,185,10,0.02739726,0.51969,0.024,0.06,0.04,0.08,0.06,08/01/19
08/01/19,18/01/19,150.77,190,10,0.02739726,0.56392,0.024,0.055,0.05,0.06,0.04,08/01/19
08/01/19,18/01/19,150.77,195,10,0.02739726,0.60137,0.024,0.04,0.03,0.05,0.03,08/01/19
08/01/19,18/01/19,150.77,200,10,0.02739726,0.61984,0.024,0.03,0.02,0.04,0.03,08/01/19
08/01/19,18/01/19,150.77,205,10,0.02739726,0.66696,0.024,0.03,0.02,0.04,0.02,08/01/19
08/01/19,18/01/19,150.77,210,10,0.02739726,0.67801,0.024,0.005,0,0.01,0.01,08/01/19
08/01/19,18/01/19,150.77,215,10,0.02739726,1.00984,0.024,0.25,0,0.5,0.01,08/01/19
08/01/19,18/01/19,150.77,220,10,0.02739726,0.69326,0.024,0.005,0,0.01,0.01,08/01/19
08/01/19,18/01/19,150.77,225,10,0.02739726,0.72989,0.024,0.005,0,0.01,0.01,08/01/19
08/01/19,18/01/19,150.77,230,10,0.02739726,0.76583,0.024,0.005,0,0.01,0.01,08/01/19
08/01/19,18/01/19,150.77,235,10,0.02739726,0.80139,0.024,0.005,0,0.01,0.01,08/01/19
08/01/19,18/01/19,150.77,240,10,0.02739726,0.83602,0.024,0.005,0,0.01,0.01,08/01/19
08/01/19,18/01/19,150.77,245,10,0.02739726,0.86924,0.024,0.005,0,0.01,0.01,08/01/19
08/01/19,18/01/19,150.77,250,10,0.02739726,0.9024,0.024,0.005,0,0.01,0.01,08/01/19
08/01/19,18/01/19,150.77,255,10,0.02739726,0.93433,0.024,0.005,0,0.01,0.01,08/01/19
08/01/19,18/01/19,150.77,260,10,0.02739726,0.96466,0.024,0.005,0,0.01,0.01,08/01/19
08/01/19,18/01/19,150.77,265,10,0.02739726,0.99555,0.024,0.01,0,0.02,0.01,08/01/19
08/01/19,18/01/19,150.77,270,10,0.02739726,1.02579,0.024,0.01,0,0.02,0.01,08/01/19
08/01/19,18/01/19,150.77,275,10,0.02739726,1.05459,0.024,0.005,0,0.01,0.01,08/01/19
08/01/19,18/01/19,150.77,280,10,0.02739726,1.08333,0.024,0.005,0,0.01,0.01,08/01/19
08/01/19,18/01/19,150.77,285,10,0.02739726,1.11075,0.024,0,0,0,0.01,08/01/19
08/01/19,18/01/19,150.77,290,10,0.02739726,1.13854,0.024,0.005,0,0.01,0.01,08/01/19
08/01/19,18/01/19,150.77,295,10,0.02739726,1.1648,0.024,0,0,0,0.01,08/01/19
08/01/19,18/01/19,150.77,300,10,0.02739726,1.19202,0.024,0.005,0,0.01,0.01,08/01/19
08/01/19,18/01/19,150.77,305,10,0.02739726,1.21696,0.024,0.005,0,0.01,0.01,08/01/19
08/01/19,18/01/19,150.77,310,10,0.02739726,1.24302,0.024,0.005,0,0.01,0.02,08/01/19
08/01/19,18/01/19,150.77,315,10,0.02739726,1.26807,0.024,0.005,0,0.01,0.02,08/01/19
08/01/19,18/01/19,150.77,320,10,0.02739726,1.2924,0.024,0,0,0,0.01,08/01/19
08/01/19,18/01/19,150.77,325,10,0.02739726,1.31551,0.024,0.005,0,0.01,0.01,08/01/19
08/01/19,18/01/19,150.77,330,10,0.02739726,1.33924,0.024,0.01,0,0.02,0.06,08/01/19
08/01/19,18/01/19,150.77,335,10,0.02739726,1.36298,0.024,0.005,0,0.01,0.02,08/01/19
08/01/19,18/01/19,150.77,340,10,0.02739726,1.38597,0.024,0,0,0,0.01,08/01/19
08/01/19,18/01/19,150.77,345,10,0.02739726,1.40812,0.024,0.005,0,0.01,0.01,08/01/19
08/01/19,18/01/19,150.77,350,10,0.02739726,1.42986,0.024,0.005,0,0.01,0.01,08/01/19
08/01/19,18/01/19,150.77,355,10,0.02739726,1.57707,0.024,0.015,0,0.03,0.02,08/01/19
08/01/19,18/01/19,150.77,360,10,0.02739726,1.47295,0.024,0,0,0,0.03,08/01/19
08/01/19,18/01/19,150.77,365,10,0.02739726,1.62239,0.024,0.015,0,0.03,0.05,08/01/19
08/01/19,18/01/19,150.77,370,10,0.02739726,1.51466,0.024,0.005,0,0.01,0.01,08/01/19
08/01/19,18/01/19,150.77,375,10,0.02739726,1.53562,0.024,0.005,0,0.01,0.01,08/01/19
08/01/19,25/01/19,150.77,100,17,0.046575342,0.88059,0.024,50.92,48.84,53,46.26,08/01/19
08/01/19,25/01/19,150.77,105,17,0.046575342,0.71705,0.024,45.85,45.35,46.35,52.37,08/01/19
08/01/19,25/01/19,150.77,110,17,0.046575342,0.63486,0.024,40.85,40.4,41.3,47.43,08/01/19
08/01/19,25/01/19,150.77,115,17,0.046575342,0.61246,0.024,35.925,35.45,36.4,35.77,08/01/19
08/01/19,25/01/19,150.77,120,17,0.046575342,0.52798,0.024,30.925,30.45,31.4,28.3,08/01/19
08/01/19,25/01/19,150.77,125,17,0.046575342,0.45878,0.024,25.95,25.5,26.4,23,08/01/19
08/01/19,25/01/19,150.77,130,17,0.046575342,0.42502,0.024,21.1,20.9,21.3,21,08/01/19
08/01/19,25/01/19,150.77,132,17,0.046575342,0.39622,0.024,19.125,18.95,19.3,0,08/01/19
08/01/19,25/01/19,150.77,133,17,0.046575342,0.39007,0.024,18.175,18,18.35,18.7,08/01/19
08/01/19,25/01/19,150.77,134,17,0.046575342,0.38269,0.024,17.225,17.05,17.4,0,08/01/19
08/01/19,25/01/19,150.77,135,17,0.046575342,0.38379,0.024,16.32,16.15,16.49,16.22,08/01/19
08/01/19,25/01/19,150.77,136,17,0.046575342,0.37723,0.024,15.4,15.19,15.61,0,08/01/19
08/01/19,25/01/19,150.77,137,17,0.046575342,0.36081,0.024,14.42,14.24,14.6,14.5,08/01/19
08/01/19,25/01/19,150.77,138,17,0.046575342,0.35979,0.024,13.55,13.4,13.7,12.8,08/01/19
08/01/19,25/01/19,150.77,139,17,0.046575342,0.35916,0.024,12.705,12.56,12.85,13.46,08/01/19
08/01/19,25/01/19,150.77,140,17,0.046575342,0.34727,0.024,11.775,11.65,11.9,12.5,08/01/19
08/01/19,25/01/19,150.77,141,17,0.046575342,0.34014,0.024,10.9,10.75,11.05,11.8,08/01/19
08/01/19,25/01/19,150.77,142,17,0.046575342,0.34438,0.024,10.155,10.01,10.3,9.1,08/01/19
08/01/19,25/01/19,150.77,143,17,0.046575342,0.33233,0.024,9.275,9.16,9.39,10,08/01/19
08/01/19,25/01/19,150.77,144,17,0.046575342,0.32881,0.024,8.5,8.39,8.61,8.59,08/01/19
08/01/19,25/01/19,150.77,145,17,0.046575342,0.32505,0.024,7.75,7.65,7.85,7.75,08/01/19
08/01/19,25/01/19,150.77,146,17,0.046575342,0.32273,0.024,7.05,6.95,7.15,7.3,08/01/19
08/01/19,25/01/19,150.77,147,17,0.046575342,0.31621,0.024,6.33,6.26,6.4,6.75,08/01/19
08/01/19,25/01/19,150.77,148,17,0.046575342,0.3136,0.024,5.68,5.6,5.76,5.7,08/01/19
08/01/19,25/01/19,150.77,149,17,0.046575342,0.30899,0.024,5.045,5,5.09,5,08/01/19
08/01/19,25/01/19,150.77,150,17,0.046575342,0.3067,0.024,4.47,4.39,4.55,4.53,08/01/19
08/01/19,25/01/19,150.77,152.5,17,0.046575342,0.29686,0.024,3.175,3.09,3.26,3.15,08/01/19
08/01/19,25/01/19,150.77,155,17,0.046575342,0.2911,0.024,2.17,2.15,2.19,2.2,08/01/19
08/01/19,25/01/19,150.77,157.5,17,0.046575342,0.28637,0.024,1.435,1.41,1.46,1.42,08/01/19
08/01/19,25/01/19,150.77,160,17,0.046575342,0.28377,0.024,0.915,0.89,0.94,0.9,08/01/19
08/01/19,25/01/19,150.77,162.5,17,0.046575342,0.28266,0.024,0.56,0.54,0.58,0.55,08/01/19
08/01/19,25/01/19,150.77,165,17,0.046575342,0.28775,0.024,0.36,0.34,0.38,0.35,08/01/19
08/01/19,25/01/19,150.77,167.5,17,0.046575342,0.29165,0.024,0.225,0.2,0.25,0.25,08/01/19
08/01/19,25/01/19,150.77,170,17,0.046575342,0.30649,0.024,0.175,0.17,0.18,0.17,08/01/19
08/01/19,25/01/19,150.77,172.5,17,0.046575342,0.32087,0.024,0.13,0.12,0.14,0.12,08/01/19
08/01/19,25/01/19,150.77,175,17,0.046575342,0.33939,0.024,0.105,0.1,0.11,0.1,08/01/19
08/01/19,25/01/19,150.77,177.5,17,0.046575342,0.35222,0.024,0.085,0.07,0.1,0.09,08/01/19
08/01/19,25/01/19,150.77,180,17,0.046575342,0.36643,0.024,0.065,0.05,0.08,0.07,08/01/19
08/01/19,25/01/19,150.77,182.5,17,0.046575342,0.39045,0.024,0.075,0.05,0.1,0.07,08/01/19
08/01/19,25/01/19,150.77,185,17,0.046575342,0.40575,0.024,0.06,0.05,0.07,0.06,08/01/19
08/01/19,25/01/19,150.77,187.5,17,0.046575342,0.4289,0.024,0.05,0.03,0.07,0.05,08/01/19
08/01/19,25/01/19,150.77,190,17,0.046575342,0.42879,0.024,0.035,0.03,0.04,0.05,08/01/19
08/01/19,25/01/19,150.77,192.5,17,0.046575342,0.44949,0.024,0.035,0.02,0.05,0.04,08/01/19
08/01/19,25/01/19,150.77,195,17,0.046575342,0.46292,0.024,0.035,0.02,0.05,0.03,08/01/19
08/01/19,25/01/19,150.77,197.5,17,0.046575342,0.49022,0.024,0.04,0.01,0.07,0.05,08/01/19
08/01/19,25/01/19,150.77,200,17,0.046575342,0.49464,0.024,0.03,0.02,0.04,0.03,08/01/19
08/01/19,25/01/19,150.77,202.5,17,0.046575342,0.53033,0.024,0.04,0.01,0.07,0.03,08/01/19
08/01/19,25/01/19,150.77,205,17,0.046575342,0.53282,0.024,0.03,0.01,0.05,0.03,08/01/19
08/01/19,25/01/19,150.77,207.5,17,0.046575342,0.53983,0.024,0.02,0,0.04,0.02,08/01/19
08/01/19,25/01/19,150.77,210,17,0.046575342,0.53056,0.024,0.015,0,0.03,0.01,08/01/19
08/01/19,25/01/19,150.77,212.5,17,0.046575342,0.57491,0.024,0.025,0,0.05,0.16,08/01/19
08/01/19,25/01/19,150.77,215,17,0.046575342,0.59199,0.024,0.025,0,0.05,0.2,08/01/19
08/01/19,25/01/19,150.77,220,17,0.046575342,0.61239,0.024,0.025,0,0.05,0.01,08/01/19
08/01/19,25/01/19,150.77,225,17,0.046575342,0.62672,0.024,0.015,0,0.03,0.01,08/01/19
08/01/19,01/02/19,150.77,100,24,0.065753425,0.72873,0.024,50.905,50.76,51.05,57,08/01/19
08/01/19,01/02/19,150.77,105,24,0.065753425,0.68368,0.024,45.95,45.79,46.11,42.15,08/01/19
08/01/19,01/02/19,150.77,110,24,0.065753425,0.63137,0.024,41.005,40.86,41.15,37.25,08/01/19
08/01/19,01/02/19,150.77,115,24,0.065753425,0.58259,0.024,36.07,35.94,36.2,41.4,08/01/19
08/01/19,01/02/19,150.77,120,24,0.065753425,0.52026,0.024,31.125,31,31.25,30.03,08/01/19
08/01/19,01/02/19,150.77,125,24,0.065753425,0.48364,0.024,26.3,26.15,26.45,25.26,08/01/19
08/01/19,01/02/19,150.77,130,24,0.065753425,0.44056,0.024,21.52,21.39,21.65,18.7,08/01/19
08/01/19,01/02/19,150.77,132,24,0.065753425,0.42783,0.024,19.675,19.55,19.8,0,08/01/19
08/01/19,01/02/19,150.77,133,24,0.065753425,0.42621,0.024,18.805,18.71,18.9,0,08/01/19
08/01/19,01/02/19,150.77,134,24,0.065753425,0.42046,0.024,17.905,17.81,18,16.5,08/01/19
08/01/19,01/02/19,150.77,135,24,0.065753425,0.4126,0.024,17,16.9,17.1,16.82,08/01/19
08/01/19,01/02/19,150.77,136,24,0.065753425,0.41544,0.024,16.2,16.1,16.3,13.3,08/01/19
08/01/19,01/02/19,150.77,137,24,0.065753425,0.40636,0.024,15.3,15.2,15.4,12.55,08/01/19
08/01/19,01/02/19,150.77,138,24,0.065753425,0.40544,0.024,14.5,14.4,14.6,12.84,08/01/19
08/01/19,01/02/19,150.77,139,24,0.065753425,0.40251,0.024,13.705,13.61,13.8,12.1,08/01/19
08/01/19,01/02/19,150.77,140,24,0.065753425,0.39311,0.024,12.835,12.76,12.91,13.15,08/01/19
08/01/19,01/02/19,150.77,141,24,0.065753425,0.38767,0.024,12.02,11.94,12.1,11.85,08/01/19
08/01/19,01/02/19,150.77,142,24,0.065753425,0.39116,0.024,11.355,11.26,11.45,11.57,08/01/19
08/01/19,01/02/19,150.77,143,24,0.065753425,0.38064,0.024,10.525,10.45,10.6,10.95,08/01/19
08/01/19,01/02/19,150.77,144,24,0.065753425,0.38238,0.024,9.88,9.81,9.95,9.95,08/01/19
08/01/19,01/02/19,150.77,145,24,0.065753425,0.37498,0.024,9.125,9.05,9.2,9.13,08/01/19
08/01/19,01/02/19,150.77,146,24,0.065753425,0.37354,0.024,8.475,8.4,8.55,8.82,08/01/19
08/01/19,01/02/19,150.77,147,24,0.065753425,0.37162,0.024,7.845,7.74,7.95,8,08/01/19
08/01/19,01/02/19,150.77,148,24,0.065753425,0.36462,0.024,7.17,7.09,7.25,7.5,08/01/19
08/01/19,01/02/19,150.77,149,24,0.065753425,0.36384,0.024,6.625,6.56,6.69,6.61,08/01/19
08/01/19,01/02/19,150.77,150,24,0.065753425,0.35919,0.024,6.025,5.95,6.1,6.05,08/01/19
08/01/19,01/02/19,150.77,152.5,24,0.065753425,0.35419,0.024,4.775,4.7,4.85,4.75,08/01/19
08/01/19,01/02/19,150.77,155,24,0.065753425,0.34419,0.024,3.62,3.54,3.7,3.65,08/01/19
08/01/19,01/02/19,150.77,157.5,24,0.065753425,0.33766,0.024,2.72,2.69,2.75,2.76,08/01/19
08/01/19,01/02/19,150.77,160,24,0.065753425,0.33183,0.024,1.975,1.95,2,2,08/01/19
08/01/19,01/02/19,150.77,162.5,24,0.065753425,0.32831,0.024,1.415,1.39,1.44,1.44,08/01/19
08/01/19,01/02/19,150.77,165,24,0.065753425,0.3262,0.024,1.005,0.98,1.03,1.02,08/01/19
08/01/19,01/02/19,150.77,167.5,24,0.065753425,0.32575,0.024,0.71,0.69,0.73,0.71,08/01/19
08/01/19,01/02/19,150.77,170,24,0.065753425,0.32772,0.024,0.5,0.48,0.52,0.51,08/01/19
08/01/19,01/02/19,150.77,172.5,24,0.065753425,0.33251,0.024,0.37,0.36,0.38,0.36,08/01/19
08/01/19,01/02/19,150.77,175,24,0.065753425,0.33971,0.024,0.275,0.26,0.29,0.27,08/01/19
08/01/19,01/02/19,150.77,177.5,24,0.065753425,0.34642,0.024,0.215,0.19,0.24,0.21,08/01/19
08/01/19,01/02/19,150.77,180,24,0.065753425,0.35509,0.024,0.165,0.16,0.17,0.16,08/01/19
08/01/19,01/02/19,150.77,182.5,24,0.065753425,0.37375,0.024,0.145,0.13,0.16,0.14,08/01/19
08/01/19,01/02/19,150.77,185,24,0.065753425,0.37999,0.024,0.125,0.1,0.15,0.12,08/01/19
08/01/19,01/02/19,150.77,187.5,24,0.065753425,0.39492,0.024,0.115,0.09,0.14,0.1,08/01/19
08/01/19,01/02/19,150.77,190,24,0.065753425,0.41258,0.024,0.11,0.08,0.14,0.09,08/01/19
08/01/19,01/02/19,150.77,192.5,24,0.065753425,0.42318,0.024,0.09,0.07,0.11,0.09,08/01/19
08/01/19,01/02/19,150.77,195,24,0.065753425,0.43501,0.024,0.08,0.07,0.09,0.08,08/01/19
08/01/19,01/02/19,150.77,197.5,24,0.065753425,0.44918,0.024,0.07,0.06,0.08,0.06,08/01/19
08/01/19,01/02/19,150.77,200,24,0.065753425,0.46344,0.024,0.075,0.06,0.09,0.07,08/01/19
08/01/19,01/02/19,150.77,202.5,24,0.065753425,0.48036,0.024,0.07,0.05,0.09,0.05,08/01/19
08/01/19,01/02/19,150.77,205,24,0.065753425,0.49312,0.024,0.065,0.05,0.08,0.06,08/01/19
08/01/19,01/02/19,150.77,207.5,24,0.065753425,0.50459,0.024,0.06,0.04,0.08,0.07,08/01/19
08/01/19,08/02/19,150.77,100,31,0.084931507,0.91479,0.024003836,50.98,50.81,51.15,0,08/01/19
08/01/19,08/02/19,150.77,105,31,0.084931507,0.81455,0.024003836,46.075,45.85,46.3,0,08/01/19
08/01/19,08/02/19,150.77,110,31,0.084931507,0.70546,0.024003836,41.08,40.9,41.26,35.05,08/01/19
08/01/19,08/02/19,150.77,115,31,0.084931507,0.63298,0.024003836,36.225,36,36.45,0,08/01/19
08/01/19,08/02/19,150.77,120,31,0.084931507,0.5461,0.024003836,31.25,31.05,31.45,26.75,08/01/19
08/01/19,08/02/19,150.77,125,31,0.084931507,0.49138,0.024003836,26.445,26.25,26.64,33.14,08/01/19
08/01/19,08/02/19,150.77,130,31,0.084931507,0.44728,0.024003836,21.77,21.6,21.94,18.38,08/01/19
08/01/19,08/02/19,150.77,132,31,0.084931507,0.42985,0.024003836,19.925,19.75,20.1,0,08/01/19
08/01/19,08/02/19,150.77,133,31,0.084931507,0.42971,0.024003836,19.1,18.95,19.25,17.65,08/01/19
08/01/19,08/02/19,150.77,134,31,0.084931507,0.41747,0.024003836,18.145,18,18.29,0,08/01/19
08/01/19,08/02/19,150.77,135,31,0.084931507,0.41576,0.024003836,17.325,17.2,17.45,15.76,08/01/19
08/01/19,08/02/19,150.77,136,31,0.084931507,0.41055,0.024003836,16.47,16.34,16.6,15.15,08/01/19
08/01/19,08/02/19,150.77,137,31,0.084931507,0.40405,0.024003836,15.625,15.45,15.8,10.65,08/01/19
08/01/19,08/02/19,150.77,138,31,0.084931507,0.40056,0.024003836,14.82,14.7,14.94,12.9,08/01/19
08/01/19,08/02/19,150.77,139,31,0.084931507,0.39458,0.024003836,14,13.85,14.15,14.43,08/01/19
08/01/19,08/02/19,150.77,140,31,0.084931507,0.39306,0.024003836,13.245,13.1,13.39,12.42,08/01/19
08/01/19,08/02/19,150.77,141,31,0.084931507,0.38816,0.024003836,12.47,12.34,12.6,9.87,08/01/19
08/01/19,08/02/19,150.77,142,31,0.084931507,0.38052,0.024003836,11.675,11.55,11.8,11.44,08/01/19
08/01/19,08/02/19,150.77,143,31,0.084931507,0.37967,0.024003836,10.995,10.9,11.09,10.35,08/01/19
08/01/19,08/02/19,150.77,144,31,0.084931507,0.37682,0.024003836,10.295,10.19,10.4,10.35,08/01/19
08/01/19,08/02/19,150.77,145,31,0.084931507,0.36985,0.024003836,9.575,9.5,9.65,9.56,08/01/19
08/01/19,08/02/19,150.77,146,31,0.084931507,0.36926,0.024003836,8.945,8.85,9.04,7.59,08/01/19
08/01/19,08/02/19,150.77,147,31,0.084931507,0.36424,0.024003836,8.3,8.2,8.4,8.3,08/01/19
08/01/19,08/02/19,150.77,148,31,0.084931507,0.36198,0.024003836,7.695,7.6,7.79,8.18,08/01/19
08/01/19,08/02/19,150.77,149,31,0.084931507,0.35792,0.024003836,7.095,7,7.19,7.25,08/01/19
08/01/19,08/02/19,150.77,150,31,0.084931507,0.35439,0.024003836,6.525,6.45,6.6,6.61,08/01/19
08/01/19,08/02/19,150.77,152.5,31,0.084931507,0.34848,0.024003836,5.275,5.2,5.35,5.25,08/01/19
08/01/19,08/02/19,150.77,155,31,0.084931507,0.33932,0.024003836,4.125,4.05,4.2,4.1,08/01/19
08/01/19,08/02/19,150.77,157.5,31,0.084931507,0.33235,0.024003836,3.17,3.1,3.24,3.17,08/01/19
08/01/19,08/02/19,150.77,160,31,0.084931507,0.32687,0.024003836,2.405,2.37,2.44,2.4,08/01/19
08/01/19,08/02/19,150.77,162.5,31,0.084931507,0.32162,0.024003836,1.76,1.72,1.8,1.83,08/01/19
08/01/19,08/02/19,150.77,165,31,0.084931507,0.31991,0.024003836,1.305,1.28,1.33,1.34,08/01/19
08/01/19,08/02/19,150.77,167.5,31,0.084931507,0.31853,0.024003836,0.96,0.93,0.99,0.95,08/01/19
08/01/19,08/02/19,150.77,170,31,0.084931507,0.31796,0.024003836,0.695,0.67,0.72,0.68,08/01/19
08/01/19,08/02/19,150.77,172.5,31,0.084931507,0.31898,0.024003836,0.505,0.48,0.53,0.5,08/01/19
08/01/19,08/02/19,150.77,175,31,0.084931507,0.32291,0.024003836,0.37,0.34,0.4,0.38,08/01/19
08/01/19,08/02/19,150.77,177.5,31,0.084931507,0.32783,0.024003836,0.285,0.26,0.31,0.29,08/01/19
08/01/19,08/02/19,150.77,180,31,0.084931507,0.33659,0.024003836,0.235,0.22,0.25,0.23,08/01/19
08/01/19,08/02/19,150.77,182.5,31,0.084931507,0.34456,0.024003836,0.185,0.15,0.22,0.2,08/01/19
08/01/19,08/02/19,150.77,185,31,0.084931507,0.35037,0.024003836,0.15,0.13,0.17,0.15,08/01/19
08/01/19,08/02/19,150.77,187.5,31,0.084931507,0.36571,0.024003836,0.15,0.12,0.18,0.16,08/01/19
08/01/19,08/02/19,150.77,190,31,0.084931507,0.37739,0.024003836,0.13,0.1,0.16,0.12,08/01/19
08/01/19,08/02/19,150.77,192.5,31,0.084931507,0.38715,0.024003836,0.115,0.09,0.14,0,08/01/19
08/01/19,08/02/19,150.77,195,31,0.084931507,0.39879,0.024003836,0.1,0.07,0.13,0.09,08/01/19
08/01/19,08/02/19,150.77,200,31,0.084931507,0.4256,0.024003836,0.09,0.06,0.12,0.08,08/01/19
08/01/19,15/02/19,150.77,50,38,0.104109589,3.1357,0.024049863,100.925,100.5,101.35,107.9,08/01/19
08/01/19,15/02/19,150.77,55,38,0.104109589,2.68444,0.024049863,95.77,95.34,96.2,101.75,08/01/19
08/01/19,15/02/19,150.77,60,38,0.104109589,2.36404,0.024049863,90.925,90.5,91.35,0,08/01/19
08/01/19,15/02/19,150.77,65,38,0.104109589,2.04433,0.024049863,85.805,85.41,86.2,86.9,08/01/19
08/01/19,15/02/19,150.77,70,38,0.104109589,1.79954,0.024049863,80.86,80.46,81.26,81.7,08/01/19
08/01/19,15/02/19,150.77,75,38,0.104109589,1.57969,0.024049863,75.855,75.46,76.25,92.6,08/01/19
08/01/19,15/02/19,150.77,80,38,0.104109589,1.38762,0.024049863,70.85,70.45,71.25,0,08/01/19
08/01/19,15/02/19,150.77,85,38,0.104109589,1.21764,0.024049863,65.845,65.45,66.24,68.25,08/01/19
08/01/19,15/02/19,150.77,90,38,0.104109589,1.07106,0.024049863,60.87,60.49,61.25,61.4,08/01/19
08/01/19,15/02/19,150.77,95,38,0.104109589,0.95041,0.024049863,55.95,55.55,56.35,58.66,08/01/19
08/01/19,15/02/19,150.77,100,38,0.104109589,0.83359,0.024049863,50.975,50.69,51.26,50.25,08/01/19
08/01/19,15/02/19,150.77,105,38,0.104109589,0.74692,0.024049863,46.095,45.79,46.4,41.05,08/01/19
08/01/19,15/02/19,150.77,110,38,0.104109589,0.64811,0.024049863,41.095,40.75,41.44,41.7,08/01/19
08/01/19,15/02/19,150.77,115,38,0.104109589,0.58337,0.024049863,36.255,35.9,36.61,32.86,08/01/19
08/01/19,15/02/19,150.77,120,38,0.104109589,0.5074,0.024049863,31.305,31.11,31.5,30.4,08/01/19
08/01/19,15/02/19,150.77,125,38,0.104109589,0.46019,0.024049863,26.52,26.4,26.64,27.1,08/01/19
08/01/19,15/02/19,150.77,130,38,0.104109589,0.43589,0.024049863,22.035,21.91,22.16,22.4,08/01/19
08/01/19,15/02/19,150.77,135,38,0.104109589,0.39826,0.024049863,17.56,17.46,17.66,18.29,08/01/19
08/01/19,15/02/19,150.77,140,38,0.104109589,0.37666,0.024049863,13.535,13.41,13.66,13.47,08/01/19
08/01/19,15/02/19,150.77,145,38,0.104109589,0.36154,0.024049863,9.995,9.94,10.05,10,08/01/19
08/01/19,15/02/19,150.77,150,38,0.104109589,0.34163,0.024049863,6.9,6.84,6.96,6.9,08/01/19
08/01/19,15/02/19,150.77,155,38,0.104109589,0.33033,0.024049863,4.52,4.44,4.6,4.5,08/01/19
08/01/19,15/02/19,150.77,160,38,0.104109589,0.31879,0.024049863,2.75,2.72,2.78,2.75,08/01/19
08/01/19,15/02/19,150.77,165,38,0.104109589,0.31167,0.024049863,1.585,1.56,1.61,1.57,08/01/19
08/01/19,15/02/19,150.77,170,38,0.104109589,0.30916,0.024049863,0.885,0.88,0.89,0.87,08/01/19
08/01/19,15/02/19,150.77,175,38,0.104109589,0.31108,0.024049863,0.495,0.47,0.52,0.49,08/01/19
08/01/19,15/02/19,150.77,180,38,0.104109589,0.31949,0.024049863,0.29,0.29,0.29,0.3,08/01/19
08/01/19,15/02/19,150.77,185,38,0.104109589,0.33058,0.024049863,0.2,0.19,0.21,0.19,08/01/19
08/01/19,15/02/19,150.77,190,38,0.104109589,0.34214,0.024049863,0.125,0.12,0.13,0.12,08/01/19
08/01/19,15/02/19,150.77,195,38,0.104109589,0.36196,0.024049863,0.1,0.07,0.13,0.09,08/01/19
08/01/19,15/02/19,150.77,200,38,0.104109589,0.37724,0.024049863,0.075,0.07,0.08,0.07,08/01/19
08/01/19,15/02/19,150.77,205,38,0.104109589,0.39816,0.024049863,0.065,0.06,0.07,0.07,08/01/19
08/01/19,15/02/19,150.77,210,38,0.104109589,0.41551,0.024049863,0.06,0.06,0.06,0.05,08/01/19
08/01/19,15/02/19,150.77,215,38,0.104109589,0.43112,0.024049863,0.045,0.04,0.05,0.04,08/01/19
08/01/19,15/02/19,150.77,220,38,0.104109589,0.45472,0.024049863,0.045,0.04,0.05,0.05,08/01/19
08/01/19,15/02/19,150.77,225,38,0.104109589,0.4504,0.024049863,0.03,0.02,0.04,0.03,08/01/19
08/01/19,15/02/19,150.77,230,38,0.104109589,0.47228,0.024049863,0.025,0.02,0.03,0.02,08/01/19
08/01/19,15/02/19,150.77,235,38,0.104109589,0.49268,0.024049863,0.03,0.02,0.04,0.02,08/01/19
08/01/19,15/02/19,150.77,240,38,0.104109589,0.48937,0.024049863,0.015,0,0.03,0.02,08/01/19
08/01/19,15/02/19,150.77,245,38,0.104109589,0.5222,0.024049863,0.025,0.01,0.04,0.05,08/01/19
08/01/19,15/02/19,150.77,250,38,0.104109589,0.52838,0.024049863,0.02,0.02,0.02,0.02,08/01/19
08/01/19,15/02/19,150.77,255,38,0.104109589,0.49869,0.024049863,0.005,0,0.01,0.02,08/01/19
08/01/19,15/02/19,150.77,260,38,0.104109589,0.54316,0.024049863,0.01,0,0.02,0.01,08/01/19
08/01/19,15/02/19,150.77,265,38,0.104109589,0.56047,0.024049863,0.01,0,0.02,0.01,08/01/19
08/01/19,15/02/19,150.77,270,38,0.104109589,0.57695,0.024049863,0.01,0,0.02,0.03,08/01/19
08/01/19,15/02/19,150.77,275,38,0.104109589,0.59569,0.024049863,0.005,0,0.01,0.01,08/01/19
08/01/19,15/02/19,150.77,280,38,0.104109589,0.61054,0.024049863,0.015,0,0.03,0.03,08/01/19
08/01/19,15/02/19,150.77,285,38,0.104109589,0.62658,0.024049863,0.01,0,0.02,0.04,08/01/19
08/01/19,15/02/19,150.77,290,38,0.104109589,0.6408,0.024049863,0.01,0,0.02,0.01,08/01/19
08/01/19,15/02/19,150.77,295,38,0.104109589,0.62092,0.024049863,0,0,0,0.01,08/01/19
08/01/19,15/02/19,150.77,300,38,0.104109589,0.6694,0.024049863,0.01,0,0.02,0.01,08/01/19
08/01/19,15/02/19,150.77,310,38,0.104109589,0.66241,0.024049863,0,0,0,0.01,08/01/19
08/01/19,15/02/19,150.77,320,38,0.104109589,0.68882,0.024049863,0.01,0,0.02,0.02,08/01/19
08/01/19,22/02/19,150.77,90,45,0.123287671,1.0176,0.02409589,61.03,60.61,61.45,0,08/01/19
08/01/19,22/02/19,150.77,95,45,0.123287671,0.89359,0.02409589,56.025,55.6,56.45,0,08/01/19
08/01/19,22/02/19,150.77,100,45,0.123287671,0.79098,0.02409589,51.075,50.65,51.5,0,08/01/19
08/01/19,22/02/19,150.77,105,45,0.123287671,0.68679,0.02409589,46.045,45.7,46.39,0,08/01/19
08/01/19,22/02/19,150.77,110,45,0.123287671,0.62395,0.02409589,41.23,40.8,41.66,35.76,08/01/19
08/01/19,22/02/19,150.77,115,45,0.123287671,0.55179,0.02409589,36.295,35.9,36.69,0,08/01/19
08/01/19,22/02/19,150.77,120,45,0.123287671,0.48255,0.02409589,31.345,31.15,31.54,27.63,08/01/19
08/01/19,22/02/19,150.77,125,45,0.123287671,0.43976,0.02409589,26.605,26.4,26.81,23.8,08/01/19
08/01/19,22/02/19,150.77,130,45,0.123287671,0.40779,0.02409589,22.025,21.84,22.21,19.72,08/01/19
08/01/19,22/02/19,150.77,132,45,0.123287671,0.39608,0.02409589,20.25,20.1,20.4,0,08/01/19
08/01/19,22/02/19,150.77,133,45,0.123287671,0.39253,0.02409589,19.4,19.25,19.55,0,08/01/19
08/01/19,22/02/19,150.77,134,45,0.123287671,0.38839,0.02409589,18.555,18.4,18.71,0,08/01/19
08/01/19,22/02/19,150.77,135,45,0.123287671,0.38633,0.02409589,17.755,17.6,17.91,17.15,08/01/19
08/01/19,22/02/19,150.77,136,45,0.123287671,0.38423,0.02409589,16.95,16.8,17.1,0,08/01/19
08/01/19,22/02/19,150.77,137,45,0.123287671,0.37546,0.02409589,16.075,15.95,16.2,0,08/01/19
08/01/19,22/02/19,150.77,138,45,0.123287671,0.37282,0.02409589,15.3,15.15,15.45,0,08/01/19
08/01/19,22/02/19,150.77,139,45,0.123287671,0.37044,0.02409589,14.555,14.41,14.7,0,08/01/19
08/01/19,22/02/19,150.77,140,45,0.123287671,0.36532,0.02409589,13.75,13.6,13.9,14,08/01/19
08/01/19,22/02/19,150.77,141,45,0.123287671,0.36092,0.02409589,13,12.85,13.15,9.85,08/01/19
08/01/19,22/02/19,150.77,142,45,0.123287671,0.36135,0.02409589,12.36,12.21,12.51,11.85,08/01/19
08/01/19,22/02/19,150.77,143,45,0.123287671,0.3543,0.02409589,11.575,11.45,11.7,10.5,08/01/19
08/01/19,22/02/19,150.77,144,45,0.123287671,0.35312,0.02409589,10.93,10.8,11.06,9.05,08/01/19
08/01/19,22/02/19,150.77,145,45,0.123287671,0.35071,0.02409589,10.27,10.14,10.4,10.79,08/01/19
08/01/19,22/02/19,150.77,146,45,0.123287671,0.34732,0.02409589,9.615,9.49,9.74,9.8,08/01/19
08/01/19,22/02/19,150.77,147,45,0.123287671,0.34385,0.02409589,9,8.91,9.09,8.95,08/01/19
08/01/19,22/02/19,150.77,148,45,0.123287671,0.34133,0.02409589,8.405,8.31,8.5,8.6,08/01/19
08/01/19,22/02/19,150.77,149,45,0.123287671,0.33754,0.02409589,7.8,7.7,7.9,8.2,08/01/19
08/01/19,22/02/19,150.77,150,45,0.123287671,0.33558,0.02409589,7.28,7.2,7.36,7.38,08/01/19
08/01/19,22/02/19,150.77,152.5,45,0.123287671,0.32674,0.02409589,5.95,5.85,6.05,5.99,08/01/19
08/01/19,22/02/19,150.77,155,45,0.123287671,0.32364,0.02409589,4.87,4.79,4.95,4.87,08/01/19
08/01/19,22/02/19,150.77,157.5,45,0.123287671,0.31686,0.02409589,3.875,3.8,3.95,3.9,08/01/19
08/01/19,22/02/19,150.77,160,45,0.123287671,0.31257,0.02409589,3.04,2.99,3.09,3.05,08/01/19
08/01/19,22/02/19,150.77,162.5,45,0.123287671,0.30742,0.02409589,2.375,2.33,2.42,2.46,08/01/19
08/01/19,22/02/19,150.77,165,45,0.123287671,0.3055,0.02409589,1.835,1.81,1.86,1.89,08/01/19
08/01/19,22/02/19,150.77,167.5,45,0.123287671,0.30293,0.02409589,1.385,1.35,1.42,1.39,08/01/19
08/01/19,22/02/19,150.77,170,45,0.123287671,0.30152,0.02409589,1.055,1.03,1.08,1.05,08/01/19
08/01/19,22/02/19,150.77,172.5,45,0.123287671,0.30067,0.02409589,0.79,0.77,0.81,0.79,08/01/19
08/01/19,22/02/19,150.77,175,45,0.123287671,0.30122,0.02409589,0.595,0.57,0.62,0.61,08/01/19
08/01/19,22/02/19,150.77,177.5,45,0.123287671,0.30448,0.02409589,0.48,0.46,0.5,0.45,08/01/19
08/01/19,22/02/19,150.77,180,45,0.123287671,0.30751,0.02409589,0.36,0.33,0.39,0.34,08/01/19
08/01/19,22/02/19,150.77,182.5,45,0.123287671,0.31138,0.02409589,0.295,0.28,0.31,0.29,08/01/19
08/01/19,22/02/19,150.77,185,45,0.123287671,0.31603,0.02409589,0.235,0.21,0.26,0.24,08/01/19
08/01/19,22/02/19,150.77,187.5,45,0.123287671,0.32272,0.02409589,0.195,0.16,0.23,0.18,08/01/19
08/01/19,22/02/19,150.77,190,45,0.123287671,0.32972,0.02409589,0.165,0.14,0.19,0.15,08/01/19
08/01/19,22/02/19,150.77,192.5,45,0.123287671,0.33629,0.02409589,0.145,0.11,0.18,0,08/01/19
08/01/19,22/02/19,150.77,195,45,0.123287671,0.34335,0.02409589,0.12,0.09,0.15,0.15,08/01/19
08/01/19,22/02/19,150.77,200,45,0.123287671,0.35894,0.02409589,0.1,0.07,0.13,0.11,08/01/19
08/01/19,15/03/19,150.77,75,65.96,0.180712329,1.21083,0.024267419,75.855,75.45,76.26,0,08/01/19
08/01/19,15/03/19,150.77,80,65.96,0.180712329,1.06732,0.024267419,70.875,70.5,71.25,0,08/01/19
08/01/19,15/03/19,150.77,85,65.96,0.180712329,0.94191,0.024267419,65.9,65.5,66.3,0,08/01/19
08/01/19,15/03/19,150.77,90,65.96,0.180712329,0.83085,0.024267419,60.92,60.55,61.29,53.9,08/01/19
08/01/19,15/03/19,150.77,95,65.96,0.180712329,0.73479,0.024267419,55.975,55.6,56.35,0,08/01/19
08/01/19,15/03/19,150.77,100,65.96,0.180712329,0.64902,0.024267419,51.02,50.64,51.4,45.2,08/01/19
08/01/19,15/03/19,150.77,105,65.96,0.180712329,0.57964,0.024267419,46.125,45.75,46.5,45.02,08/01/19
08/01/19,15/03/19,150.77,110,65.96,0.180712329,0.51734,0.024267419,41.215,40.84,41.59,0,08/01/19
08/01/19,15/03/19,150.77,115,65.96,0.180712329,0.46408,0.024267419,36.355,36.2,36.51,31.52,08/01/19
08/01/19,15/03/19,150.77,120,65.96,0.180712329,0.43326,0.024267419,31.675,31.55,31.8,31.8,08/01/19
08/01/19,15/03/19,150.77,125,65.96,0.180712329,0.40023,0.024267419,27.03,26.91,27.15,27.5,08/01/19
08/01/19,15/03/19,150.77,130,65.96,0.180712329,0.37942,0.024267419,22.625,22.5,22.75,22.6,08/01/19
08/01/19,15/03/19,150.77,135,65.96,0.180712329,0.36168,0.024267419,18.505,18.4,18.61,19.1,08/01/19
08/01/19,15/03/19,150.77,140,65.96,0.180712329,0.34731,0.024267419,14.695,14.59,14.8,14.68,08/01/19
08/01/19,15/03/19,150.77,145,65.96,0.180712329,0.33599,0.024267419,11.37,11.29,11.45,11.43,08/01/19
08/01/19,15/03/19,150.77,150,65.96,0.180712329,0.32547,0.024267419,8.48,8.4,8.56,8.55,08/01/19
08/01/19,15/03/19,150.77,155,65.96,0.180712329,0.31582,0.024267419,6.075,6,6.15,6.05,08/01/19
08/01/19,15/03/19,150.77,160,65.96,0.180712329,0.30678,0.024267419,4.15,4.1,4.2,4.15,08/01/19
08/01/19,15/03/19,150.77,165,65.96,0.180712329,0.29922,0.024267419,2.735,2.7,2.77,2.72,08/01/19
08/01/19,15/03/19,150.77,170,65.96,0.180712329,0.29436,0.024267419,1.745,1.71,1.78,1.72,08/01/19
08/01/19,15/03/19,150.77,175,65.96,0.180712329,0.29095,0.024267419,1.07,1.05,1.09,1.09,08/01/19
08/01/19,15/03/19,150.77,180,65.96,0.180712329,0.2916,0.024267419,0.68,0.66,0.7,0.68,08/01/19
08/01/19,15/03/19,150.77,185,65.96,0.180712329,0.29556,0.024267419,0.44,0.43,0.45,0.44,08/01/19
08/01/19,15/03/19,150.77,190,65.96,0.180712329,0.3025,0.024267419,0.3,0.29,0.31,0.3,08/01/19
08/01/19,15/03/19,150.77,195,65.96,0.180712329,0.31129,0.024267419,0.22,0.2,0.24,0.22,08/01/19
08/01/19,15/03/19,150.77,200,65.96,0.180712329,0.319,0.024267419,0.15,0.14,0.16,0.16,08/01/19
08/01/19,15/03/19,150.77,205,65.96,0.180712329,0.33141,0.024267419,0.13,0.11,0.15,0.12,08/01/19
08/01/19,15/03/19,150.77,210,65.96,0.180712329,0.34503,0.024267419,0.105,0.08,0.13,0.1,08/01/19
08/01/19,15/03/19,150.77,215,65.96,0.180712329,0.3534,0.024267419,0.08,0.07,0.09,0.08,08/01/19
08/01/19,15/03/19,150.77,220,65.96,0.180712329,0.36284,0.024267419,0.07,0.05,0.09,0.06,08/01/19
08/01/19,15/03/19,150.77,225,65.96,0.180712329,0.37414,0.024267419,0.055,0.05,0.06,0.06,08/01/19
08/01/19,15/03/19,150.77,230,65.96,0.180712329,0.37795,0.024267419,0.04,0.03,0.05,0.05,08/01/19
08/01/19,15/03/19,150.77,235,65.96,0.180712329,0.40431,0.024267419,0.045,0.03,0.06,0.03,08/01/19
08/01/19,15/03/19,150.77,240,65.96,0.180712329,0.41093,0.024267419,0.04,0.03,0.05,0.04,08/01/19
08/01/19,15/03/19,150.77,245,65.96,0.180712329,0.43213,0.024267419,0.045,0.02,0.07,0.05,08/01/19
08/01/19,15/03/19,150.77,250,65.96,0.180712329,0.43639,0.024267419,0.035,0.03,0.04,0.03,08/01/19
08/01/19,15/03/19,150.77,255,65.96,0.180712329,0.44413,0.024267419,0.03,0,0.06,0.03,08/01/19
08/01/19,15/03/19,150.77,260,65.96,0.180712329,0.46544,0.024267419,0.035,0.01,0.06,0.01,08/01/19
08/01/19,15/03/19,150.77,265,65.96,0.180712329,0.47937,0.024267419,0.04,0.01,0.07,0.04,08/01/19
08/01/19,15/03/19,150.77,270,65.96,0.180712329,0.48612,0.024267419,0.03,0.01,0.05,0.08,08/01/19
08/01/19,15/03/19,150.77,275,65.96,0.180712329,0.49107,0.024267419,0.03,0,0.06,0.03,08/01/19
08/01/19,15/03/19,150.77,280,65.96,0.180712329,0.48091,0.024267419,0.015,0.01,0.02,0.03,08/01/19
08/01/19,15/03/19,150.77,285,65.96,0.180712329,0.51596,0.024267419,0.025,0,0.05,0.05,08/01/19
08/01/19,15/03/19,150.77,290,65.96,0.180712329,0.5289,0.024267419,0.025,0,0.05,0.04,08/01/19
08/01/19,15/03/19,150.77,295,65.96,0.180712329,0.54146,0.024267419,0.025,0,0.05,0.07,08/01/19
08/01/19,15/03/19,150.77,300,65.96,0.180712329,0.55245,0.024267419,0.03,0,0.06,0.01,08/01/19
08/01/19,18/04/19,150.77,22.5,99.96,0.273863014,5.45152,0.024676362,128.325,127.9,128.75,130.65,08/01/19
08/01/19,18/04/19,150.77,25,99.96,0.273863014,4.8118,0.024676362,125.82,125.4,126.24,0,08/01/19
08/01/19,18/04/19,150.77,30,99.96,0.273863014,3.86292,0.024676362,120.875,120.45,121.3,0,08/01/19
08/01/19,18/04/19,150.77,35,99.96,0.273863014,3.17738,0.024676362,115.875,115.45,116.3,0,08/01/19
08/01/19,18/04/19,150.77,40,99.96,0.273863014,2.66265,0.024676362,110.87,110.45,111.29,104.79,08/01/19
08/01/19,18/04/19,150.77,45,99.96,0.273863014,2.26297,0.024676362,105.88,105.45,106.31,0,08/01/19
08/01/19,18/04/19,150.77,50,99.96,0.273863014,1.94657,0.024676362,100.9,100.45,101.35,0,08/01/19
08/01/19,18/04/19,150.77,55,99.96,0.273863014,1.68835,0.024676362,95.925,95.5,96.35,153.48,08/01/19
08/01/19,18/04/19,150.77,60,99.96,0.273863014,1.4704,0.024676362,90.92,90.49,91.35,108.12,08/01/19
08/01/19,18/04/19,150.77,65,99.96,0.273863014,1.27129,0.024676362,85.8,85.4,86.2,144.55,08/01/19
08/01/19,18/04/19,150.77,70,99.96,0.273863014,1.13316,0.024676362,80.975,80.55,81.4,0,08/01/19
08/01/19,18/04/19,150.77,75,99.96,0.273863014,0.98585,0.024676362,75.88,75.51,76.25,83.1,08/01/19
08/01/19,18/04/19,150.77,80,99.96,0.273863014,0.8664,0.024676362,70.87,70.45,71.29,0,08/01/19
08/01/19,18/04/19,150.77,85,99.96,0.273863014,0.76878,0.024676362,65.945,65.55,66.34,0,08/01/19
08/01/19,18/04/19,150.77,90,99.96,0.273863014,0.68649,0.024676362,61.05,60.65,61.45,0,08/01/19
08/01/19,18/04/19,150.77,95,99.96,0.273863014,0.6081,0.024676362,56.1,55.7,56.5,124.27,08/01/19
08/01/19,18/04/19,150.77,100,99.96,0.273863014,0.54666,0.024676362,51.23,50.86,51.6,51.75,08/01/19
08/01/19,18/04/19,150.77,105,99.96,0.273863014,0.49159,0.024676362,46.35,46.15,46.55,41.75,08/01/19
08/01/19,18/04/19,150.77,110,99.96,0.273863014,0.45097,0.024676362,41.575,41.4,41.75,40.07,08/01/19
08/01/19,18/04/19,150.77,115,99.96,0.273863014,0.42559,0.024676362,36.975,36.81,37.14,36,08/01/19
08/01/19,18/04/19,150.77,120,99.96,0.273863014,0.39521,0.024676362,32.335,32.16,32.51,32.4,08/01/19
08/01/19,18/04/19,150.77,125,99.96,0.273863014,0.37527,0.024676362,27.92,27.74,28.1,27.6,08/01/19
08/01/19,18/04/19,150.77,130,99.96,0.273863014,0.36142,0.024676362,23.78,23.65,23.91,24.05,08/01/19
08/01/19,18/04/19,150.77,135,99.96,0.273863014,0.34669,0.024676362,19.825,19.69,19.96,20.1,08/01/19
08/01/19,18/04/19,150.77,140,99.96,0.273863014,0.33622,0.024676362,16.25,16.15,16.35,16.15,08/01/19
08/01/19,18/04/19,150.77,145,99.96,0.273863014,0.32487,0.024676362,12.975,12.9,13.05,12.9,08/01/19
08/01/19,18/04/19,150.77,150,99.96,0.273863014,0.31614,0.024676362,10.15,10.05,10.25,10.15,08/01/19
08/01/19,18/04/19,150.77,155,99.96,0.273863014,0.3069,0.024676362,7.67,7.6,7.74,7.84,08/01/19
08/01/19,18/04/19,150.77,160,99.96,0.273863014,0.29921,0.024676362,5.655,5.61,5.7,5.73,08/01/19
08/01/19,18/04/19,150.77,165,99.96,0.273863014,0.29282,0.024676362,4.055,4,4.11,4.05,08/01/19
08/01/19,18/04/19,150.77,170,99.96,0.273863014,0.28672,0.024676362,2.82,2.77,2.87,2.83,08/01/19
08/01/19,18/04/19,150.77,175,99.96,0.273863014,0.28371,0.024676362,1.94,1.9,1.98,2,08/01/19
08/01/19,18/04/19,150.77,180,99.96,0.273863014,0.28073,0.024676362,1.315,1.28,1.35,1.31,08/01/19
08/01/19,18/04/19,150.77,185,99.96,0.273863014,0.27956,0.024676362,0.875,0.85,0.9,0.92,08/01/19
08/01/19,18/04/19,150.77,190,99.96,0.273863014,0.28092,0.024676362,0.595,0.58,0.61,0.61,08/01/19
08/01/19,18/04/19,150.77,195,99.96,0.273863014,0.28381,0.024676362,0.415,0.4,0.43,0.43,08/01/19
08/01/19,18/04/19,150.77,200,99.96,0.273863014,0.28852,0.024676362,0.305,0.28,0.33,0.3,08/01/19
08/01/19,18/04/19,150.77,205,99.96,0.273863014,0.29496,0.024676362,0.235,0.21,0.26,0.24,08/01/19
08/01/19,18/04/19,150.77,210,99.96,0.273863014,0.30319,0.024676362,0.18,0.17,0.19,0.18,08/01/19
08/01/19,18/04/19,150.77,215,99.96,0.273863014,0.31034,0.024676362,0.14,0.13,0.15,0.15,08/01/19
08/01/19,18/04/19,150.77,220,99.96,0.273863014,0.32165,0.024676362,0.13,0.12,0.14,0.13,08/01/19
08/01/19,18/04/19,150.77,225,99.96,0.273863014,0.33197,0.024676362,0.115,0.1,0.13,0.09,08/01/19
08/01/19,18/04/19,150.77,230,99.96,0.273863014,0.33927,0.024676362,0.095,0.07,0.12,0.09,08/01/19
08/01/19,18/04/19,150.77,235,99.96,0.273863014,0.34714,0.024676362,0.075,0.05,0.1,0.08,08/01/19
08/01/19,18/04/19,150.77,240,99.96,0.273863014,0.35517,0.024676362,0.07,0.05,0.09,0.07,08/01/19
08/01/19,18/04/19,150.77,245,99.96,0.273863014,0.36565,0.024676362,0.065,0.04,0.09,0.07,08/01/19
08/01/19,18/04/19,150.77,250,99.96,0.273863014,0.37866,0.024676362,0.06,0.04,0.08,0.08,08/01/19
08/01/19,18/04/19,150.77,255,99.96,0.273863014,0.38467,0.024676362,0.055,0.04,0.07,0.07,08/01/19
08/01/19,18/04/19,150.77,260,99.96,0.273863014,0.38395,0.024676362,0.05,0.04,0.06,0.06,08/01/19
08/01/19,18/04/19,150.77,265,99.96,0.273863014,0.40447,0.024676362,0.045,0.02,0.07,0.02,08/01/19
08/01/19,18/04/19,150.77,270,99.96,0.273863014,0.41556,0.024676362,0.045,0.02,0.07,0.06,08/01/19
08/01/19,18/04/19,150.77,275,99.96,0.273863014,0.42265,0.024676362,0.045,0.03,0.06,0.06,08/01/19
08/01/19,18/04/19,150.77,280,99.96,0.273863014,0.42282,0.024676362,0.04,0.03,0.05,0.04,08/01/19
08/01/19,18/04/19,150.77,285,99.96,0.273863014,0.44903,0.024676362,0.045,0.02,0.07,0.03,08/01/19
08/01/19,18/04/19,150.77,290,99.96,0.273863014,0.4498,0.024676362,0.035,0.02,0.05,0.02,08/01/19
08/01/19,18/04/19,150.77,295,99.96,0.273863014,0.45997,0.024676362,0.045,0.02,0.07,0.04,08/01/19
08/01/19,18/04/19,150.77,300,99.96,0.273863014,0.46403,0.024676362,0.03,0.02,0.04,0.03,08/01/19
08/01/19,18/04/19,150.77,305,99.96,0.273863014,0.47342,0.024676362,0.04,0.03,0.05,0.03,08/01/19
08/01/19,18/04/19,150.77,310,99.96,0.273863014,0.48315,0.024676362,0.03,0.02,0.04,0.09,08/01/19
08/01/19,18/04/19,150.77,315,99.96,0.273863014,0.47807,0.024676362,0.025,0,0.05,0.23,08/01/19
08/01/19,18/04/19,150.77,320,99.96,0.273863014,0.4947,0.024676362,0.03,0.01,0.05,0.05,08/01/19
08/01/19,18/04/19,150.77,325,99.96,0.273863014,0.50296,0.024676362,0.035,0.01,0.06,0.04,08/01/19
08/01/19,18/04/19,150.77,330,99.96,0.273863014,0.51243,0.024676362,0.03,0.01,0.05,0.02,08/01/19
08/01/19,18/04/19,150.77,335,99.96,0.273863014,0.52063,0.024676362,0.03,0.01,0.05,0.06,08/01/19
08/01/19,18/04/19,150.77,340,99.96,0.273863014,0.51999,0.024676362,0.025,0,0.05,0.13,08/01/19
08/01/19,18/04/19,150.77,345,99.96,0.273863014,0.5291,0.024676362,0.025,0,0.05,0.03,08/01/19
08/01/19,18/04/19,150.77,350,99.96,0.273863014,0.53671,0.024676362,0.03,0,0.06,0.12,08/01/19
08/01/19,18/04/19,150.77,355,99.96,0.273863014,0.54477,0.024676362,0.025,0,0.05,0.1,08/01/19
08/01/19,18/04/19,150.77,360,99.96,0.273863014,0.55284,0.024676362,0.025,0,0.05,0.06,08/01/19
08/01/19,18/04/19,150.77,365,99.96,0.273863014,0.54927,0.024676362,0.02,0,0.04,0.1,08/01/19
08/01/19,18/04/19,150.77,370,99.96,0.273863014,0.5573,0.024676362,0.02,0,0.04,0.08,08/01/19
08/01/19,18/04/19,150.77,375,99.96,0.273863014,0.56568,0.024676362,0.02,0,0.04,0.04,08/01/19
08/01/19,18/04/19,150.77,380,99.96,0.273863014,0.57135,0.024676362,0.025,0,0.05,0.01,08/01/19
08/01/19,18/04/19,150.77,385,99.96,0.273863014,0.57843,0.024676362,0.02,0,0.04,0.05,08/01/19
08/01/19,18/04/19,150.77,390,99.96,0.273863014,0.58601,0.024676362,0.02,0,0.04,0.17,08/01/19
08/01/19,18/04/19,150.77,395,99.96,0.273863014,0.59225,0.024676362,0.02,0,0.04,0.1,08/01/19
08/01/19,18/04/19,150.77,400,99.96,0.273863014,0.5861,0.024676362,0.015,0,0.03,0.02,08/01/19
08/01/19,18/04/19,150.77,405,99.96,0.273863014,0.6068,0.024676362,0.02,0,0.04,0.02,08/01/19
08/01/19,18/04/19,150.77,410,99.96,0.273863014,0.74785,0.024676362,0.17,0,0.34,0.01,08/01/19
08/01/19,18/04/19,150.77,415,99.96,0.273863014,0.61891,0.024676362,0.02,0,0.04,0,08/01/19
08/01/19,18/04/19,150.77,420,99.96,0.273863014,0.62595,0.024676362,0.02,0,0.04,0.02,08/01/19
08/01/19,18/04/19,150.77,425,99.96,0.273863014,0.65369,0.024676362,0.025,0,0.05,0.04,08/01/19
08/01/19,21/06/19,150.77,80,163.96,0.44920548,0.70392,0.025237458,71.03,70.65,71.41,0,08/01/19
08/01/19,21/06/19,150.77,85,163.96,0.44920548,0.63274,0.025237458,66.145,65.74,66.55,85.79,08/01/19
08/01/19,21/06/19,150.77,90,163.96,0.44920548,0.57376,0.025237458,61.33,60.95,61.71,61.44,08/01/19
08/01/19,21/06/19,150.77,95,163.96,0.44920548,0.52088,0.025237458,56.48,56.1,56.86,53,08/01/19
08/01/19,21/06/19,150.77,100,163.96,0.44920548,0.47515,0.025237458,51.645,51.45,51.84,52.2,08/01/19
08/01/19,21/06/19,150.77,105,163.96,0.44920548,0.44414,0.025237458,46.98,46.81,47.15,47.21,08/01/19
08/01/19,21/06/19,150.77,110,163.96,0.44920548,0.41817,0.025237458,42.375,42.2,42.55,41,08/01/19
08/01/19,21/06/19,150.77,115,163.96,0.44920548,0.39732,0.025237458,37.905,37.75,38.06,38,08/01/19
08/01/19,21/06/19,150.77,120,163.96,0.44920548,0.38055,0.025237458,33.57,33.39,33.75,33.9,08/01/19
08/01/19,21/06/19,150.77,125,163.96,0.44920548,0.36463,0.025237458,29.4,29.25,29.55,30.1,08/01/19
08/01/19,21/06/19,150.77,130,163.96,0.44920548,0.35438,0.025237458,25.52,25.39,25.65,25.75,08/01/19
08/01/19,21/06/19,150.77,135,163.96,0.44920548,0.34233,0.025237458,21.82,21.69,21.95,22,08/01/19
08/01/19,21/06/19,150.77,140,163.96,0.44920548,0.33352,0.025237458,18.47,18.35,18.59,18.48,08/01/19
08/01/19,21/06/19,150.77,145,163.96,0.44920548,0.32501,0.025237458,15.395,15.29,15.5,15.4,08/01/19
08/01/19,21/06/19,150.77,150,163.96,0.44920548,0.31536,0.025237458,12.595,12.49,12.7,12.75,08/01/19
08/01/19,21/06/19,150.77,155,163.96,0.44920548,0.30819,0.025237458,10.145,10.04,10.25,10.3,08/01/19
08/01/19,21/06/19,150.77,160,163.96,0.44920548,0.30201,0.025237458,8.075,8,8.15,8.1,08/01/19
08/01/19,21/06/19,150.77,165,163.96,0.44920548,0.29524,0.025237458,6.28,6.21,6.35,6.25,08/01/19
08/01/19,21/06/19,150.77,170,163.96,0.44920548,0.28966,0.025237458,4.825,4.74,4.91,4.85,08/01/19
08/01/19,21/06/19,150.77,175,163.96,0.44920548,0.28481,0.025237458,3.655,3.61,3.7,3.7,08/01/19
08/01/19,21/06/19,150.77,180,163.96,0.44920548,0.28137,0.025237458,2.735,2.7,2.77,2.75,08/01/19
08/01/19,21/06/19,150.77,185,163.96,0.44920548,0.27968,0.025237458,2.035,2,2.07,2.05,08/01/19
08/01/19,21/06/19,150.77,190,163.96,0.44920548,0.27776,0.025237458,1.51,1.47,1.55,1.51,08/01/19
08/01/19,21/06/19,150.77,195,163.96,0.44920548,0.27739,0.025237458,1.12,1.09,1.15,1.12,08/01/19
08/01/19,21/06/19,150.77,200,163.96,0.44920548,0.27865,0.025237458,0.855,0.84,0.87,0.86,08/01/19
08/01/19,21/06/19,150.77,205,163.96,0.44920548,0.27958,0.025237458,0.645,0.62,0.67,0.66,08/01/19
08/01/19,21/06/19,150.77,210,163.96,0.44920548,0.28371,0.025237458,0.515,0.5,0.53,0.5,08/01/19
08/01/19,21/06/19,150.77,215,163.96,0.44920548,0.28494,0.025237458,0.4,0.38,0.42,0.42,08/01/19
08/01/19,21/06/19,150.77,220,163.96,0.44920548,0.29003,0.025237458,0.32,0.31,0.33,0.33,08/01/19
08/01/19,21/06/19,150.77,225,163.96,0.44920548,0.29503,0.025237458,0.275,0.27,0.28,0.26,08/01/19
08/01/19,21/06/19,150.77,230,163.96,0.44920548,0.30076,0.025237458,0.23,0.22,0.24,0.23,08/01/19
08/01/19,21/06/19,150.77,235,163.96,0.44920548,0.30434,0.025237458,0.18,0.18,0.18,0.19,08/01/19
08/01/19,21/06/19,150.77,240,163.96,0.44920548,0.30973,0.025237458,0.165,0.15,0.18,0.17,08/01/19
08/01/19,21/06/19,150.77,245,163.96,0.44920548,0.32394,0.025237458,0.17,0.15,0.19,0.16,08/01/19
08/01/19,21/06/19,150.77,250,163.96,0.44920548,0.32397,0.025237458,0.125,0.11,0.14,0.12,08/01/19
08/01/19,21/06/19,150.77,255,163.96,0.44920548,0.33286,0.025237458,0.125,0.1,0.15,0.12,08/01/19
08/01/19,21/06/19,150.77,260,163.96,0.44920548,0.33909,0.025237458,0.115,0.09,0.14,0.1,08/01/19
08/01/19,21/06/19,150.77,265,163.96,0.44920548,0.34534,0.025237458,0.11,0.08,0.14,0.1,08/01/19
08/01/19,21/06/19,150.77,270,163.96,0.44920548,0.35326,0.025237458,0.105,0.07,0.14,0.06,08/01/19
08/01/19,21/06/19,150.77,275,163.96,0.44920548,0.35976,0.025237458,0.09,0.06,0.12,0.08,08/01/19
08/01/19,21/06/19,150.77,280,163.96,0.44920548,0.36969,0.025237458,0.1,0.07,0.13,0.06,08/01/19
08/01/19,21/06/19,150.77,285,163.96,0.44920548,0.37604,0.025237458,0.09,0.06,0.12,0.08,08/01/19
08/01/19,21/06/19,150.77,290,163.96,0.44920548,0.38245,0.025237458,0.085,0.06,0.11,0.14,08/01/19
08/01/19,21/06/19,150.77,295,163.96,0.44920548,0.38274,0.025237458,0.07,0.05,0.09,0.06,08/01/19
08/01/19,21/06/19,150.77,300,163.96,0.44920548,0.39073,0.025237458,0.075,0.06,0.09,0.06,08/01/19
08/01/19,21/06/19,150.77,310,163.96,0.44920548,0.4035,0.025237458,0.06,0.03,0.09,0.05,08/01/19
08/01/19,21/06/19,150.77,320,163.96,0.44920548,0.42229,0.025237458,0.07,0.04,0.1,0.01,08/01/19
08/01/19,21/06/19,150.77,330,163.96,0.44920548,0.42168,0.025237458,0.05,0.04,0.06,0.05,08/01/19
08/01/19,21/06/19,150.77,340,163.96,0.44920548,0.43131,0.025237458,0.05,0.03,0.07,0.04,08/01/19
08/01/19,19/07/19,150.77,80,191.96,0.525917808,0.65456,0.025431101,71.08,70.7,71.46,78.2,08/01/19
08/01/19,19/07/19,150.77,85,191.96,0.525917808,0.58695,0.025431101,66.18,65.81,66.55,67.11,08/01/19
08/01/19,19/07/19,150.77,90,191.96,0.525917808,0.53373,0.025431101,61.375,61,61.75,62.8,08/01/19
08/01/19,19/07/19,150.77,95,191.96,0.525917808,0.49354,0.025431101,56.65,56.44,56.86,63.1,08/01/19
08/01/19,19/07/19,150.77,100,191.96,0.525917808,0.45705,0.025431101,51.935,51.76,52.11,52.55,08/01/19
08/01/19,19/07/19,150.77,105,191.96,0.525917808,0.4237,0.025431101,47.2,47.01,47.39,53.65,08/01/19
08/01/19,19/07/19,150.77,110,191.96,0.525917808,0.40401,0.025431101,42.725,42.55,42.9,37.5,08/01/19
08/01/19,19/07/19,150.77,115,191.96,0.525917808,0.38505,0.025431101,38.3,38.15,38.45,36.4,08/01/19
08/01/19,19/07/19,150.77,120,191.96,0.525917808,0.368,0.025431101,34,33.85,34.15,31.7,08/01/19
08/01/19,19/07/19,150.77,125,191.96,0.525917808,0.35706,0.025431101,30.005,29.85,30.16,30.45,08/01/19
08/01/19,19/07/19,150.77,130,191.96,0.525917808,0.34603,0.025431101,26.175,26.05,26.3,26.35,08/01/19
08/01/19,19/07/19,150.77,135,191.96,0.525917808,0.33745,0.025431101,22.595,22.49,22.7,21.2,08/01/19
08/01/19,19/07/19,150.77,140,191.96,0.525917808,0.32735,0.025431101,19.25,19.15,19.35,20,08/01/19
08/01/19,19/07/19,150.77,145,191.96,0.525917808,0.31961,0.025431101,16.2,16.09,16.31,16.3,08/01/19
08/01/19,19/07/19,150.77,150,191.96,0.525917808,0.31263,0.025431101,13.5,13.4,13.6,13.5,08/01/19
08/01/19,19/07/19,150.77,155,191.96,0.525917808,0.30462,0.025431101,11.03,10.95,11.11,11.42,08/01/19
08/01/19,19/07/19,150.77,160,191.96,0.525917808,0.29833,0.025431101,8.925,8.85,9,8.9,08/01/19
08/01/19,19/07/19,150.77,165,191.96,0.525917808,0.2939,0.025431101,7.125,7.05,7.2,7.15,08/01/19
08/01/19,19/07/19,150.77,170,191.96,0.525917808,0.2878,0.025431101,5.58,5.5,5.66,5.66,08/01/19
08/01/19,19/07/19,150.77,175,191.96,0.525917808,0.28279,0.025431101,4.325,4.25,4.4,4.45,08/01/19
08/01/19,19/07/19,150.77,180,191.96,0.525917808,0.27924,0.025431101,3.315,3.24,3.39,3.5,08/01/19
08/01/19,19/07/19,150.77,185,191.96,0.525917808,0.27655,0.025431101,2.53,2.49,2.57,2.55,08/01/19
08/01/19,19/07/19,150.77,190,191.96,0.525917808,0.27421,0.025431101,1.91,1.88,1.94,1.92,08/01/19
08/01/19,19/07/19,150.77,195,191.96,0.525917808,0.27337,0.025431101,1.46,1.43,1.49,1.47,08/01/19
08/01/19,19/07/19,150.77,200,191.96,0.525917808,0.27396,0.025431101,1.12,1.09,1.15,1.13,08/01/19
08/01/19,19/07/19,150.77,205,191.96,0.525917808,0.27472,0.025431101,0.855,0.83,0.88,0.86,08/01/19
08/01/19,19/07/19,150.77,210,191.96,0.525917808,0.27577,0.025431101,0.67,0.65,0.69,0.69,08/01/19
08/01/19,19/07/19,150.77,215,191.96,0.525917808,0.27849,0.025431101,0.54,0.52,0.56,0.55,08/01/19
08/01/19,19/07/19,150.77,220,191.96,0.525917808,0.28072,0.025431101,0.43,0.41,0.45,0.46,08/01/19
08/01/19,19/07/19,150.77,225,191.96,0.525917808,0.28673,0.025431101,0.365,0.36,0.37,0.37,08/01/19
08/01/19,19/07/19,150.77,230,191.96,0.525917808,0.28901,0.025431101,0.29,0.26,0.32,0.31,08/01/19
08/01/19,19/07/19,150.77,235,191.96,0.525917808,0.29642,0.025431101,0.27,0.25,0.29,0.24,08/01/19
08/01/19,19/07/19,150.77,240,191.96,0.525917808,0.29874,0.025431101,0.22,0.18,0.26,0.18,08/01/19
08/01/19,19/07/19,150.77,245,191.96,0.525917808,0.30696,0.025431101,0.21,0.19,0.23,0.18,08/01/19
08/01/19,19/07/19,150.77,250,191.96,0.525917808,0.31333,0.025431101,0.18,0.16,0.2,0.14,08/01/19
08/01/19,19/07/19,150.77,255,191.96,0.525917808,0.31705,0.025431101,0.155,0.12,0.19,0.31,08/01/19
08/01/19,19/07/19,150.77,260,191.96,0.525917808,0.32253,0.025431101,0.145,0.11,0.18,0.15,08/01/19
08/01/19,19/07/19,150.77,265,191.96,0.525917808,0.32715,0.025431101,0.13,0.1,0.16,0.47,08/01/19
08/01/19,19/07/19,150.77,270,191.96,0.525917808,0.3348,0.025431101,0.125,0.09,0.16,0.1,08/01/19
08/01/19,19/07/19,150.77,275,191.96,0.525917808,0.33881,0.025431101,0.105,0.08,0.13,0.09,08/01/19
08/01/19,19/07/19,150.77,280,191.96,0.525917808,0.34688,0.025431101,0.115,0.08,0.15,0.11,08/01/19
08/01/19,19/07/19,150.77,285,191.96,0.525917808,0.35374,0.025431101,0.1,0.07,0.13,0.13,08/01/19
08/01/19,19/07/19,150.77,290,191.96,0.525917808,0.36017,0.025431101,0.095,0.07,0.12,0.06,08/01/19
08/01/19,17/01/20,150.77,55,374,1.024657534,0.89528,0.025995068,95.855,95.4,96.31,95.76,08/01/19
08/01/19,17/01/20,150.77,60,374,1.024657534,0.78502,0.025995068,90.9,90.4,91.4,91.36,08/01/19
08/01/19,17/01/20,150.77,65,374,1.024657534,0.68884,0.025995068,85.9,85.4,86.4,103.4,08/01/19
08/01/19,17/01/20,150.77,70,374,1.024657534,0.61485,0.025995068,81.025,80.5,81.55,80,08/01/19
08/01/19,17/01/20,150.77,75,374,1.024657534,0.5535,0.025995068,76.205,75.7,76.71,72.35,08/01/19
08/01/19,17/01/20,150.77,80,374,1.024657534,0.4977,0.025995068,71.3,71.05,71.55,70.35,08/01/19
08/01/19,17/01/20,150.77,85,374,1.024657534,0.4747,0.025995068,66.9,64.51,69.29,70.3,08/01/19
08/01/19,17/01/20,150.77,90,374,1.024657534,0.43948,0.025995068,62.205,62.01,62.4,59,08/01/19
08/01/19,17/01/20,150.77,95,374,1.024657534,0.41773,0.025995068,57.72,57.54,57.9,57.58,08/01/19
08/01/19,17/01/20,150.77,100,374,1.024657534,0.4044,0.025995068,53.45,53.25,53.65,53.4,08/01/19
08/01/19,17/01/20,150.77,105,374,1.024657534,0.38919,0.025995068,49.175,49,49.35,45.74,08/01/19
08/01/19,17/01/20,150.77,110,374,1.024657534,0.37356,0.025995068,44.95,44.8,45.1,44.49,08/01/19
08/01/19,17/01/20,150.77,115,374,1.024657534,0.3632,0.025995068,40.98,40.81,41.15,40.78,08/01/19
08/01/19,17/01/20,150.77,120,374,1.024657534,0.35459,0.025995068,37.15,37,37.3,37.95,08/01/19
08/01/19,17/01/20,150.77,125,374,1.024657534,0.34584,0.025995068,33.53,33.41,33.65,33.9,08/01/19
08/01/19,17/01/20,150.77,130,374,1.024657534,0.33846,0.025995068,30.075,29.95,30.2,30.1,08/01/19
08/01/19,17/01/20,150.77,135,374,1.024657534,0.33163,0.025995068,26.845,26.74,26.95,26.83,08/01/19
08/01/19,17/01/20,150.77,140,374,1.024657534,0.32402,0.025995068,23.77,23.65,23.89,24.15,08/01/19
08/01/19,17/01/20,150.77,145,374,1.024657534,0.31818,0.025995068,20.955,20.86,21.05,21.07,08/01/19
08/01/19,17/01/20,150.77,150,374,1.024657534,0.313,0.025995068,18.375,18.3,18.45,18.45,08/01/19
08/01/19,17/01/20,150.77,155,374,1.024657534,0.30695,0.025995068,15.95,15.85,16.05,15.95,08/01/19
08/01/19,17/01/20,150.77,160,374,1.024657534,0.30157,0.025995068,13.755,13.66,13.85,13.91,08/01/19
08/01/19,17/01/20,150.77,165,374,1.024657534,0.29739,0.025995068,11.83,11.76,11.9,11.8,08/01/19
08/01/19,17/01/20,150.77,170,374,1.024657534,0.29146,0.025995068,10.05,10,10.1,10,08/01/19
08/01/19,17/01/20,150.77,175,374,1.024657534,0.28682,0.025995068,8.48,8.4,8.56,8.45,08/01/19
08/01/19,17/01/20,150.77,180,374,1.024657534,0.28277,0.025995068,7.13,7.05,7.21,7.16,08/01/19
08/01/19,17/01/20,150.77,185,374,1.024657534,0.27888,0.025995068,5.925,5.85,6,5.97,08/01/19
08/01/19,17/01/20,150.77,190,374,1.024657534,0.27525,0.025995068,4.925,4.85,5,4.95,08/01/19
08/01/19,17/01/20,150.77,195,374,1.024657534,0.27385,0.025995068,4.12,4.09,4.15,4.1,08/01/19
08/01/19,17/01/20,150.77,200,374,1.024657534,0.27126,0.025995068,3.41,3.36,3.46,3.4,08/01/19
08/01/19,17/01/20,150.77,205,374,1.024657534,0.26859,0.025995068,2.8,2.75,2.85,2.8,08/01/19
08/01/19,17/01/20,150.77,210,374,1.024657534,0.26848,0.025995068,2.335,2.29,2.38,2.31,08/01/19
08/01/19,17/01/20,150.77,215,374,1.024657534,0.26698,0.025995068,1.92,1.87,1.97,1.95,08/01/19
08/01/19,17/01/20,150.77,220,374,1.024657534,0.26716,0.025995068,1.615,1.58,1.65,1.62,08/01/19
08/01/19,17/01/20,150.77,225,374,1.024657534,0.26571,0.025995068,1.33,1.29,1.37,1.34,08/01/19
08/01/19,17/01/20,150.77,230,374,1.024657534,0.26584,0.025995068,1.115,1.07,1.16,1.1,08/01/19
08/01/19,17/01/20,150.77,235,374,1.024657534,0.26641,0.025995068,0.935,0.9,0.97,0.94,08/01/19
08/01/19,17/01/20,150.77,240,374,1.024657534,0.26797,0.025995068,0.81,0.76,0.86,0.8,08/01/19
08/01/19,17/01/20,150.77,245,374,1.024657534,0.2705,0.025995068,0.705,0.69,0.72,0.69,08/01/19
08/01/19,17/01/20,150.77,250,374,1.024657534,0.27115,0.025995068,0.605,0.58,0.63,0.63,08/01/19
08/01/19,17/01/20,150.77,255,374,1.024657534,0.27237,0.025995068,0.515,0.48,0.55,0.53,08/01/19
08/01/19,17/01/20,150.77,260,374,1.024657534,0.27443,0.025995068,0.455,0.43,0.48,0.44,08/01/19
08/01/19,17/01/20,150.77,270,374,1.024657534,0.28046,0.025995068,0.375,0.36,0.39,0.36,08/01/19
08/01/19,17/01/20,150.77,280,374,1.024657534,0.28548,0.025995068,0.3,0.27,0.33,0.29,08/01/19
08/01/19,17/01/20,150.77,290,374,1.024657534,0.2923,0.025995068,0.255,0.24,0.27,0.24,08/01/19
08/01/19,17/01/20,150.77,300,374,1.024657534,0.30081,0.025995068,0.235,0.22,0.25,0.23,08/01/19
08/01/19,17/01/20,150.77,310,374,1.024657534,0.30384,0.025995068,0.19,0.16,0.22,0.19,08/01/19
08/01/19,17/01/20,150.77,320,374,1.024657534,0.31085,0.025995068,0.17,0.14,0.2,0.18,08/01/19
08/01/19,17/01/20,150.77,330,374,1.024657534,0.31866,0.025995068,0.155,0.13,0.18,0.17,08/01/19
08/01/19,17/01/20,150.77,340,374,1.024657534,0.32746,0.025995068,0.16,0.14,0.18,0.15,08/01/19
08/01/19,19/06/20,150.77,75,527.96,1.446465753,0.5068,0.025910707,76.825,74.89,78.76,0,08/01/19
08/01/19,19/06/20,150.77,80,527.96,1.446465753,0.44866,0.025910707,71.7,71.1,72.3,66.96,08/01/19
08/01/19,19/06/20,150.77,85,527.96,1.446465753,0.42747,0.025910707,67.305,67.06,67.55,59.5,08/01/19
08/01/19,19/06/20,150.77,90,527.96,1.446465753,0.40671,0.025910707,62.855,62.66,63.05,61.89,08/01/19
08/01/19,19/06/20,150.77,95,527.96,1.446465753,0.39266,0.025910707,58.625,58.4,58.85,55.59,08/01/19
08/01/19,19/06/20,150.77,100,527.96,1.446465753,0.38152,0.025910707,54.475,54.25,54.7,54.5,08/01/19
08/01/19,19/06/20,150.77,105,527.96,1.446465753,0.37314,0.025910707,50.53,50.3,50.76,46.35,08/01/19
08/01/19,19/06/20,150.77,110,527.96,1.446465753,0.36344,0.025910707,46.635,46.41,46.86,44.3,08/01/19
08/01/19,19/06/20,150.77,115,527.96,1.446465753,0.3564,0.025910707,42.95,42.74,43.16,38.52,08/01/19
08/01/19,19/06/20,150.77,120,527.96,1.446465753,0.34887,0.025910707,39.375,39.2,39.55,38.75,08/01/19
08/01/19,19/06/20,150.77,125,527.96,1.446465753,0.34299,0.025910707,35.97,35.79,36.15,34.77,08/01/19
08/01/19,19/06/20,150.77,130,527.96,1.446465753,0.33687,0.025910707,32.775,32.6,32.95,32.9,08/01/19
08/01/19,19/06/20,150.77,135,527.96,1.446465753,0.33165,0.025910707,29.755,29.56,29.95,27.02,08/01/19
08/01/19,19/06/20,150.77,140,527.96,1.446465753,0.32783,0.025910707,26.94,26.79,27.09,25.55,08/01/19
08/01/19,19/06/20,150.77,145,527.96,1.446465753,0.32294,0.025910707,24.295,24.14,24.45,24.26,08/01/19
08/01/19,19/06/20,150.77,150,527.96,1.446465753,0.31814,0.025910707,21.825,21.65,22,22.1,08/01/19
08/01/19,19/06/20,150.77,155,527.96,1.446465753,0.31408,0.025910707,19.545,19.39,19.7,20,08/01/19
08/01/19,19/06/20,150.77,160,527.96,1.446465753,0.31045,0.025910707,17.4,17.25,17.55,17.6,08/01/19
08/01/19,19/06/20,150.77,165,527.96,1.446465753,0.30633,0.025910707,15.495,15.35,15.64,15.7,08/01/19
08/01/19,19/06/20,150.77,170,527.96,1.446465753,0.30334,0.025910707,13.695,13.3,14.09,13.75,08/01/19
08/01/19,19/06/20,150.77,175,527.96,1.446465753,0.29967,0.025910707,12.125,11.99,12.26,12.3,08/01/19
08/01/19,19/06/20,150.77,180,527.96,1.446465753,0.29635,0.025910707,10.655,10.5,10.81,10.7,08/01/19
08/01/19,19/06/20,150.77,185,527.96,1.446465753,0.29416,0.025910707,9.345,9.2,9.49,9.8,08/01/19
08/01/19,19/06/20,150.77,190,527.96,1.446465753,0.29162,0.025910707,8.23,8.1,8.36,8.35,08/01/19
08/01/19,19/06/20,150.77,195,527.96,1.446465753,0.28968,0.025910707,7.205,7.05,7.36,7.25,08/01/19
08/01/19,19/06/20,150.77,200,527.96,1.446465753,0.28752,0.025910707,6.295,6.14,6.45,6.35,08/01/19
08/01/19,19/06/20,150.77,205,527.96,1.446465753,0.28635,0.025910707,5.525,5.41,5.64,5.4,08/01/19
08/01/19,19/06/20,150.77,210,527.96,1.446465753,0.2851,0.025910707,4.825,4.7,4.95,4.85,08/01/19
08/01/19,19/06/20,150.77,215,527.96,1.446465753,0.28366,0.025910707,4.2,4.1,4.3,4.25,08/01/19
08/01/19,19/06/20,150.77,220,527.96,1.446465753,0.28285,0.025910707,3.67,3.54,3.8,3.72,08/01/19
08/01/19,19/06/20,150.77,225,527.96,1.446465753,0.28177,0.025910707,3.19,2.89,3.49,3.31,08/01/19
08/01/19,19/06/20,150.77,230,527.96,1.446465753,0.28229,0.025910707,2.835,2.75,2.92,2.81,08/01/19
08/01/19,19/06/20,150.77,235,527.96,1.446465753,0.27818,0.025910707,2.38,2.19,2.57,2.35,08/01/19
08/01/19,19/06/20,150.77,240,527.96,1.446465753,0.28148,0.025910707,2.2,2.12,2.28,2.2,08/01/19
08/01/19,19/06/20,150.77,245,527.96,1.446465753,0.28123,0.025910707,1.925,1.83,2.02,1.81,08/01/19
08/01/19,19/06/20,150.77,250,527.96,1.446465753,0.28214,0.025910707,1.725,1.65,1.8,1.68,08/01/19
08/01/19,19/06/20,150.77,260,527.96,1.446465753,0.28308,0.025910707,1.36,1.17,1.55,1.33,08/01/19
08/01/19,19/06/20,150.77,270,527.96,1.446465753,0.2861,0.025910707,1.13,1.05,1.21,1.1,08/01/19
08/01/19,19/06/20,150.77,280,527.96,1.446465753,0.28934,0.025910707,0.935,0.87,1,0.95,08/01/19
08/01/19,19/06/20,150.77,290,527.96,1.446465753,0.29212,0.025910707,0.775,0.71,0.84,0.74,08/01/19
08/01/19,19/06/20,150.77,300,527.96,1.446465753,0.29717,0.025910707,0.68,0.62,0.74,0.66,08/01/19
08/01/19,19/06/20,150.77,310,527.96,1.446465753,0.29998,0.025910707,0.57,0.5,0.64,0.62,08/01/19
08/01/19,19/06/20,150.77,320,527.96,1.446465753,0.30448,0.025910707,0.495,0.42,0.57,0.58,08/01/19
08/01/19,19/06/20,150.77,330,527.96,1.446465753,0.31003,0.025910707,0.455,0.4,0.51,0.45,08/01/19
08/01/19,19/06/20,150.77,340,527.96,1.446465753,0.31696,0.025910707,0.435,0.4,0.47,0.42,08/01/19
08/01/19,15/01/21,150.77,75,738,2.021917808,0.46803,0.025797808,77.75,76,79.5,77.41,08/01/19
08/01/19,15/01/21,150.77,80,738,2.021917808,0.41754,0.025797808,72.63,70.26,75,73.5,08/01/19
08/01/19,15/01/21,150.77,85,738,2.021917808,0.39325,0.025797808,68.125,65.8,70.45,66.22,08/01/19
08/01/19,15/01/21,150.77,90,738,2.021917808,0.38046,0.025797808,63.955,63.01,64.9,63.31,08/01/19
08/01/19,15/01/21,150.77,95,738,2.021917808,0.35021,0.025797808,59.12,57.25,60.99,60.09,08/01/19
08/01/19,15/01/21,150.77,100,738,2.021917808,0.36069,0.025797808,55.975,54.8,57.15,56.15,08/01/19
08/01/19,15/01/21,150.77,105,738,2.021917808,0.36023,0.025797808,52.55,50.5,54.6,51.7,08/01/19
08/01/19,15/01/21,150.77,110,738,2.021917808,0.35876,0.025797808,49.245,47.49,51,49,08/01/19
08/01/19,15/01/21,150.77,115,738,2.021917808,0.35418,0.025797808,45.845,44.44,47.25,44.3,08/01/19
08/01/19,15/01/21,150.77,120,738,2.021917808,0.34204,0.025797808,42.13,41.25,43.01,42.38,08/01/19
08/01/19,15/01/21,150.77,125,738,2.021917808,0.3451,0.025797808,39.55,39,40.1,39,08/01/19
08/01/19,15/01/21,150.77,130,738,2.021917808,0.33524,0.025797808,36.175,35.55,36.8,36.36,08/01/19
08/01/19,15/01/21,150.77,135,738,2.021917808,0.32781,0.025797808,33.12,32.9,33.34,33.8,08/01/19
08/01/19,15/01/21,150.77,140,738,2.021917808,0.32764,0.025797808,30.68,30.4,30.96,30.75,08/01/19
08/01/19,15/01/21,150.77,145,738,2.021917808,0.32533,0.025797808,28.285,28.01,28.56,28.32,08/01/19
08/01/19,15/01/21,150.77,150,738,2.021917808,0.31891,0.025797808,25.7,25.05,26.35,25.48,08/01/19
08/01/19,15/01/21,150.77,155,738,2.021917808,0.3129,0.025797808,23.305,22.51,24.1,23.98,08/01/19
08/01/19,15/01/21,150.77,160,738,2.021917808,0.31417,0.025797808,21.53,20.76,22.3,21.86,08/01/19
08/01/19,15/01/21,150.77,165,738,2.021917808,0.31195,0.025797808,19.705,19.2,20.21,19.88,08/01/19
08/01/19,15/01/21,150.77,170,738,2.021917808,0.30711,0.025797808,17.775,17.15,18.4,17.55,08/01/19
08/01/19,15/01/21,150.77,175,738,2.021917808,0.30817,0.025797808,16.43,16,16.86,16.5,08/01/19
08/01/19,15/01/21,150.77,180,738,2.021917808,0.30344,0.025797808,14.73,14.25,15.21,14.63,08/01/19
08/01/19,15/01/21,150.77,185,738,2.021917808,0.30141,0.025797808,13.35,12.7,14,13.12,08/01/19
08/01/19,15/01/21,150.77,190,738,2.021917808,0.30126,0.025797808,12.25,12,12.5,12.21,08/01/19
08/01/19,15/01/21,150.77,195,738,2.021917808,0.29817,0.025797808,10.945,10.45,11.44,10.7,08/01/19
08/01/19,15/01/21,150.77,200,738,2.021917808,0.29597,0.025797808,9.875,9.5,10.25,10.15,08/01/19
08/01/19,15/01/21,150.77,205,738,2.021917808,0.2955,0.025797808,8.98,8.6,9.36,8.95,08/01/19
08/01/19,15/01/21,150.77,210,738,2.021917808,0.29137,0.025797808,7.955,7.4,8.51,8.07,08/01/19
08/01/19,15/01/21,150.77,215,738,2.021917808,0.2922,0.025797808,7.3,6.9,7.7,7.5,08/01/19
08/01/19,15/01/21,150.77,220,738,2.021917808,0.2906,0.025797808,6.525,6.45,6.6,6.7,08/01/19
08/01/19,15/01/21,150.77,225,738,2.021917808,0.28274,0.025797808,5.525,5.05,6,6,08/01/19
08/01/19,15/01/21,150.77,230,738,2.021917808,0.28924,0.025797808,5.355,5.25,5.46,5.4,08/01/19
08/01/19,15/01/21,150.77,235,738,2.021917808,0.27135,0.025797808,3.94,2.59,5.29,4.95,08/01/19
08/01/19,15/01/21,150.77,240,738,2.021917808,0.28842,0.025797808,4.425,4.1,4.75,4.55,08/01/19
08/01/19,15/01/21,150.77,245,738,2.021917808,0.27787,0.025797808,3.525,2.5,4.55,4.1,08/01/19
08/01/19,15/01/21,150.77,250,738,2.021917808,0.28894,0.025797808,3.695,3.6,3.79,3.65,08/01/19
08/01/19,15/01/21,150.77,255,738,2.021917808,0.28481,0.025797808,3.19,2.38,4,3.25,08/01/19
08/01/19,15/01/21,150.77,260,738,2.021917808,0.29095,0.025797808,3.145,2,4.29,3.1,08/01/19
08/01/19,15/01/21,150.77,265,738,2.021917808,0.2998,0.025797808,3.22,2.2,4.24,2.73,08/01/19
08/01/19,15/01/21,150.77,270,738,2.021917808,0.28344,0.025797808,2.325,2,2.65,2.42,08/01/19
08/01/19,15/01/21,150.77,280,738,2.021917808,0.28934,0.025797808,2.125,0.8,3.45,2.2,08/01/19
08/01/19,15/01/21,150.77,290,738,2.021917808,0.27989,0.025797808,1.5,0.79,2.21,1.8,08/01/19
08/01/19,15/01/21,150.77,300,738,2.021917808,0.28841,0.025797808,1.465,1.33,1.6,1.4,08/01/19
08/01/19,15/01/21,150.77,310,738,2.021917808,0.29377,0.025797808,1.33,1.19,1.47,1.2,08/01/19
08/01/19,15/01/21,150.77,320,738,2.021917808,0.30483,0.025797808,1.37,1,1.74,1.15,08/01/19
08/01/19,15/01/21,150.77,330,738,2.021917808,0.30894,0.025797808,1.25,1,1.5,1,08/01/19
08/01/19,15/01/21,150.77,340,738,2.021917808,0.29949,0.025797808,0.885,0.66,1.11,0.8,08/01/19
08/01/19,15/01/21,150.77,350,738,2.021917808,0.32339,0.025797808,1.2,0.75,1.65,0.8,08/01/19
08/01/19,15/01/21,150.77,360,738,2.021917808,0.2988,0.025797808,0.62,0.3,0.94,0.7,08/01/19
08/01/19,15/01/21,150.77,370,738,2.021917808,0.31239,0.025797808,0.725,0.51,0.94,0.7,08/01/19
08/01/19,15/01/21,150.77,380,738,2.021917808,0.31106,0.025797808,0.61,0.51,0.71,0.64,08/01/19
09/01/19,11/01/19,153.29,100,2,0.005479452,2.12253,0.024,53.4,53.2,53.6,47.1,09/01/19
09/01/19,11/01/19,153.29,105,2,0.005479452,1.64672,0.024,48.325,48.05,48.6,0,09/01/19
09/01/19,11/01/19,153.29,110,2,0.005479452,1.63639,0.024,43.37,43.1,43.64,34.04,09/01/19
09/01/19,11/01/19,153.29,111,2,0.005479452,1.52394,0.024,42.345,42.1,42.59,0,09/01/19
09/01/19,11/01/19,153.29,112,2,0.005479452,1.39038,0.024,41.32,41.05,41.59,0,09/01/19
09/01/19,11/01/19,153.29,113,2,0.005479452,1.35508,0.024,40.32,40.1,40.54,0,09/01/19
09/01/19,11/01/19,153.29,114,2,0.005479452,1.41082,0.024,39.345,39.1,39.59,0,09/01/19
09/01/19,11/01/19,153.29,115,2,0.005479452,1.43953,0.024,38.37,38.04,38.7,39.11,09/01/19
09/01/19,11/01/19,153.29,116,2,0.005479452,1.4016,0.024,37.375,37.09,37.66,0,09/01/19
09/01/19,11/01/19,153.29,117,2,0.005479452,1.05788,0.024,36.305,36.06,36.55,0,09/01/19
09/01/19,11/01/19,153.29,118,2,0.005479452,1.26456,0.024,35.355,35.16,35.55,0,09/01/19
09/01/19,11/01/19,153.29,119,2,0.005479452,1.14665,0.024,34.325,34.05,34.6,0,09/01/19
09/01/19,11/01/19,153.29,120,2,0.005479452,1.25052,0.024,33.385,33.06,33.71,34.08,09/01/19
09/01/19,11/01/19,153.29,121,2,0.005479452,1.2604,0.024,32.4,32.1,32.7,32.41,09/01/19
09/01/19,11/01/19,153.29,122,2,0.005479452,1.17709,0.024,31.385,31.06,31.71,0,09/01/19
09/01/19,11/01/19,153.29,123,2,0.005479452,1.08502,0.024,30.355,30.06,30.65,24.15,09/01/19
09/01/19,11/01/19,153.29,124,2,0.005479452,1.18462,0.024,29.425,29.15,29.7,20.45,09/01/19
09/01/19,11/01/19,153.29,125,2,0.005479452,1.14603,0.024,28.43,28.16,28.7,24.42,09/01/19
09/01/19,11/01/19,153.29,126,2,0.005479452,1.1077,0.024,27.425,27.1,27.75,23.44,09/01/19
09/01/19,11/01/19,153.29,127,2,0.005479452,1.03428,0.024,26.4,26,26.8,16.1,09/01/19
09/01/19,11/01/19,153.29,128,2,0.005479452,1.0615,0.024,25.455,25.16,25.75,17.5,09/01/19
09/01/19,11/01/19,153.29,129,2,0.005479452,0.99359,0.024,24.42,24.1,24.74,19,09/01/19
09/01/19,11/01/19,153.29,130,2,0.005479452,0.84215,0.024,23.36,23.11,23.61,23.95,09/01/19
09/01/19,11/01/19,153.29,131,2,0.005479452,0.8872,0.024,22.405,22.11,22.7,14.66,09/01/19
09/01/19,11/01/19,153.29,132,2,0.005479452,0.93146,0.024,21.48,21.21,21.75,17.7,09/01/19
09/01/19,11/01/19,153.29,133,2,0.005479452,0.84259,0.024,20.42,20.14,20.7,14.96,09/01/19
09/01/19,11/01/19,153.29,134,2,0.005479452,0.74463,0.024,19.38,19.11,19.65,15.8,09/01/19
09/01/19,11/01/19,153.29,135,2,0.005479452,0.7677,0.024,18.42,18.2,18.64,18.59,09/01/19
09/01/19,11/01/19,153.29,136,2,0.005479452,0.73069,0.024,17.425,17.1,17.75,17.9,09/01/19
09/01/19,11/01/19,153.29,137,2,0.005479452,0.63926,0.024,16.375,16.16,16.59,13.55,09/01/19
09/01/19,11/01/19,153.29,138,2,0.005479452,0.57072,0.024,15.35,15.15,15.55,15.35,09/01/19
09/01/19,11/01/19,153.29,139,2,0.005479452,0.61831,0.024,14.43,14.11,14.75,15.1,09/01/19
09/01/19,11/01/19,153.29,140,2,0.005479452,0.53393,0.024,13.375,13.15,13.6,14.37,09/01/19
09/01/19,11/01/19,153.29,141,2,0.005479452,0.54419,0.024,12.43,12.3,12.56,13.05,09/01/19
09/01/19,11/01/19,153.29,142,2,0.005479452,0.50618,0.024,11.425,11.3,11.55,12.28,09/01/19
09/01/19,11/01/19,153.29,143,2,0.005479452,0.46802,0.024,10.42,10.29,10.55,11.39,09/01/19
09/01/19,11/01/19,153.29,144,2,0.005479452,0.41356,0.024,9.395,9.25,9.54,9.85,09/01/19
09/01/19,11/01/19,153.29,145,2,0.005479452,0.4071,0.024,8.46,8.31,8.61,8.45,09/01/19
09/01/19,11/01/19,153.29,146,2,0.005479452,0.38066,0.024,7.47,7.35,7.59,7.37,09/01/19
09/01/19,11/01/19,153.29,147,2,0.005479452,0.35101,0.024,6.5,6.4,6.6,6.55,09/01/19
09/01/19,11/01/19,153.29,148,2,0.005479452,0.33679,0.024,5.575,5.5,5.65,5.55,09/01/19
09/01/19,11/01/19,153.29,149,2,0.005479452,0.32124,0.024,4.675,4.6,4.75,4.55,09/01/19
09/01/19,11/01/19,153.29,150,2,0.005479452,0.32095,0.024,3.875,3.8,3.95,3.85,09/01/19
09/01/19,11/01/19,153.29,152.5,2,0.005479452,0.29661,0.024,2.065,2.04,2.09,2.03,09/01/19
09/01/19,11/01/19,153.29,155,2,0.005479452,0.27709,0.024,0.835,0.82,0.85,0.85,09/01/19
09/01/19,11/01/19,153.29,157.5,2,0.005479452,0.27919,0.024,0.28,0.27,0.29,0.27,09/01/19
09/01/19,11/01/19,153.29,160,2,0.005479452,0.30055,0.024,0.095,0.09,0.1,0.11,09/01/19
09/01/19,11/01/19,153.29,162.5,2,0.005479452,0.32956,0.024,0.045,0.04,0.05,0.05,09/01/19
09/01/19,11/01/19,153.29,165,2,0.005479452,0.36759,0.024,0.03,0.02,0.04,0.03,09/01/19
09/01/19,11/01/19,153.29,167.5,2,0.005479452,0.40506,0.024,0.02,0.02,0.02,0.02,09/01/19
09/01/19,11/01/19,153.29,170,2,0.005479452,0.46086,0.024,0.02,0.01,0.03,0.01,09/01/19
09/01/19,11/01/19,153.29,172.5,2,0.005479452,0.46378,0.024,0.005,0,0.01,0.01,09/01/19
09/01/19,11/01/19,153.29,175,2,0.005479452,0.51409,0.024,0,0,0,0.01,09/01/19
09/01/19,11/01/19,153.29,177.5,2,0.005479452,0.56329,0.024,0.01,0,0.02,0.01,09/01/19
09/01/19,11/01/19,153.29,180,2,0.005479452,0.61158,0.024,0.005,0,0.01,0.01,09/01/19
09/01/19,11/01/19,153.29,182.5,2,0.005479452,0.65811,0.024,0,0,0,0.01,09/01/19
09/01/19,11/01/19,153.29,185,2,0.005479452,0.70484,0.024,0.005,0,0.01,0.01,09/01/19
09/01/19,11/01/19,153.29,187.5,2,0.005479452,0.79925,0.024,0.005,0,0.01,0.01,09/01/19
09/01/19,11/01/19,153.29,190,2,0.005479452,0.79406,0.024,0.005,0,0.01,0.01,09/01/19
09/01/19,11/01/19,153.29,192.5,2,0.005479452,0.83751,0.024,0.005,0,0.01,0.02,09/01/19
09/01/19,11/01/19,153.29,195,2,0.005479452,0.93824,0.024,0.01,0,0.02,0.02,09/01/19
09/01/19,11/01/19,153.29,197.5,2,0.005479452,1.0513,0.024,0.025,0,0.05,0.01,09/01/19
09/01/19,11/01/19,153.29,200,2,0.005479452,0.96376,0.024,0.005,0,0.01,0.01,09/01/19
09/01/19,11/01/19,153.29,202.5,2,0.005479452,1.1423,0.024,0.02,0,0.04,0.03,09/01/19
09/01/19,11/01/19,153.29,205,2,0.005479452,1.04527,0.024,0.005,0,0.01,0.02,09/01/19
09/01/19,11/01/19,153.29,207.5,2,0.005479452,1.15128,0.024,0.01,0,0.02,0.02,09/01/19
09/01/19,11/01/19,153.29,210,2,0.005479452,1.27285,0.024,0.015,0,0.03,0.01,09/01/19
09/01/19,11/01/19,153.29,212.5,2,0.005479452,1.16096,0.024,0.005,0,0.01,0.07,09/01/19
09/01/19,11/01/19,153.29,215,2,0.005479452,1.35823,0.024,0.025,0,0.05,0.03,09/01/19
09/01/19,11/01/19,153.29,220,2,0.005479452,1.27231,0.024,0,0,0,0.01,09/01/19
09/01/19,11/01/19,153.29,225,2,0.005479452,1.51681,0.024,0.02,0,0.04,0.12,09/01/19
09/01/19,11/01/19,153.29,230,2,0.005479452,1.41363,0.024,0.005,0,0.01,0.02,09/01/19
09/01/19,11/01/19,153.29,235,2,0.005479452,1.56929,0.024,0.01,0,0.02,0.08,09/01/19
09/01/19,11/01/19,153.29,240,2,0.005479452,1.74255,0.024,0.02,0,0.04,0.01,09/01/19
09/01/19,11/01/19,153.29,245,2,0.005479452,1.81201,0.024,0.02,0,0.04,0.02,09/01/19
09/01/19,11/01/19,153.29,250,2,0.005479452,1.88155,0.024,0.025,0,0.05,0.01,09/01/19
09/01/19,18/01/19,153.29,2.5,9,0.024657534,10.6701,0.024,150.875,150.5,151.25,142.05,09/01/19
09/01/19,18/01/19,153.29,5,9,0.024657534,8.57919,0.024,148.375,148.05,148.7,148.15,09/01/19
09/01/19,18/01/19,153.29,7.5,9,0.024657534,7.90744,0.024,145.925,145.6,146.25,163.3,09/01/19
09/01/19,18/01/19,153.29,10,9,0.024657534,6.8978,0.024,143.395,143.04,143.75,160.8,09/01/19
09/01/19,18/01/19,153.29,12.5,9,0.024657534,6.29737,0.024,140.9,140.55,141.25,161.45,09/01/19
09/01/19,18/01/19,153.29,15,9,0.024657534,5.81676,0.024,138.4,138.05,138.75,135.46,09/01/19
09/01/19,18/01/19,153.29,17.5,9,0.024657534,5.55972,0.024,135.925,135.6,136.25,154.45,09/01/19
09/01/19,18/01/19,153.29,20,9,0.024657534,5.07549,0.024,133.395,133.05,133.74,151.95,09/01/19
09/01/19,18/01/19,153.29,22.5,9,0.024657534,4.77727,0.024,130.9,130.54,131.26,159,09/01/19
09/01/19,18/01/19,153.29,25,9,0.024657534,4.37737,0.024,128.375,128,128.75,145.85,09/01/19
09/01/19,18/01/19,153.29,30,9,0.024657534,4.06302,0.024,123.395,123.05,123.74,142,09/01/19
09/01/19,18/01/19,153.29,35,9,0.024657534,3.77821,0.024,118.425,118.1,118.75,113.13,09/01/19
09/01/19,18/01/19,153.29,40,9,0.024657534,3.44621,0.024,113.425,113.1,113.75,104.9,09/01/19
09/01/19,18/01/19,153.29,42.5,9,0.024657534,3.29651,0.024,110.925,110.6,111.25,106.83,09/01/19
09/01/19,18/01/19,153.29,45,9,0.024657534,3.15478,0.024,108.425,108.1,108.75,122.02,09/01/19
09/01/19,18/01/19,153.29,47.5,9,0.024657534,3.0224,0.024,105.93,105.56,106.3,117.9,09/01/19
09/01/19,18/01/19,153.29,50,9,0.024657534,2.89588,0.024,103.42,103.1,103.74,105.4,09/01/19
09/01/19,18/01/19,153.29,55,9,0.024657534,2.66231,0.024,98.425,98.1,98.75,109.05,09/01/19
09/01/19,18/01/19,153.29,60,9,0.024657534,2.44911,0.024,93.42,93.09,93.75,86.9,09/01/19
09/01/19,18/01/19,153.29,65,9,0.024657534,2.25416,0.024,88.43,88.06,88.8,92.4,09/01/19
09/01/19,18/01/19,153.29,70,9,0.024657534,2.07205,0.024,83.42,83.04,83.8,72.2,09/01/19
09/01/19,18/01/19,153.29,75,9,0.024657534,1.94834,0.024,78.455,78.11,78.8,73.11,09/01/19
09/01/19,18/01/19,153.29,80,9,0.024657534,1.74638,0.024,73.43,73.11,73.75,73.9,09/01/19
09/01/19,18/01/19,153.29,85,9,0.024657534,1.63535,0.024,68.45,68.2,68.7,69.5,09/01/19
09/01/19,18/01/19,153.29,90,9,0.024657534,1.52308,0.024,63.48,63.25,63.71,63.1,09/01/19
09/01/19,18/01/19,153.29,95,9,0.024657534,1.24358,0.024,58.375,58.15,58.6,58.69,09/01/19
09/01/19,18/01/19,153.29,97.5,9,0.024657534,1.28957,0.024,55.955,55.66,56.25,52.9,09/01/19
09/01/19,18/01/19,153.29,100,9,0.024657534,1.25301,0.024,53.475,53.2,53.75,54.5,09/01/19
09/01/19,18/01/19,153.29,105,9,0.024657534,1.12597,0.024,48.47,48.19,48.75,40.4,09/01/19
09/01/19,18/01/19,153.29,110,9,0.024657534,0.98173,0.024,43.455,43.15,43.76,43.7,09/01/19
09/01/19,18/01/19,153.29,111,9,0.024657534,0.9798,0.024,42.47,42.14,42.8,0,09/01/19
09/01/19,18/01/19,153.29,112,9,0.024657534,0.91098,0.024,41.425,41.2,41.65,0,09/01/19
09/01/19,18/01/19,153.29,113,9,0.024657534,0.88874,0.024,40.42,40.09,40.75,0,09/01/19
09/01/19,18/01/19,153.29,114,9,0.024657534,0.88933,0.024,39.445,39.09,39.8,0,09/01/19
09/01/19,18/01/19,153.29,115,9,0.024657534,0.88702,0.024,38.475,38.25,38.7,36.55,09/01/19
09/01/19,18/01/19,153.29,116,9,0.024657534,0.86357,0.024,37.475,37.15,37.8,0,09/01/19
09/01/19,18/01/19,153.29,117,9,0.024657534,0.77417,0.024,36.4,36.15,36.65,0,09/01/19
09/01/19,18/01/19,153.29,118,9,0.024657534,0.81745,0.024,35.475,35.2,35.75,0,09/01/19
09/01/19,18/01/19,153.29,119,9,0.024657534,0.75545,0.024,34.425,34.2,34.65,0,09/01/19
09/01/19,18/01/19,153.29,120,9,0.024657534,0.73366,0.024,33.425,33.25,33.6,34.26,09/01/19
09/01/19,18/01/19,153.29,121,9,0.024657534,0.75041,0.024,32.47,32.15,32.79,0,09/01/19
09/01/19,18/01/19,153.29,122,9,0.024657534,0.75895,0.024,31.525,31.2,31.85,0,09/01/19
09/01/19,18/01/19,153.29,123,9,0.024657534,0.74976,0.024,30.545,30.25,30.84,0,09/01/19
09/01/19,18/01/19,153.29,124,9,0.024657534,0.71304,0.024,29.52,29.25,29.79,0,09/01/19
09/01/19,18/01/19,153.29,125,9,0.024657534,0.69073,0.024,28.525,28.2,28.85,26.4,09/01/19
09/01/19,18/01/19,153.29,126,9,0.024657534,0.65465,0.024,27.5,27.15,27.85,0,09/01/19
09/01/19,18/01/19,153.29,127,9,0.024657534,0.63181,0.024,26.51,26.16,26.86,0,09/01/19
09/01/19,18/01/19,153.29,128,9,0.024657534,0.62307,0.024,25.525,25.15,25.9,0,09/01/19
09/01/19,18/01/19,153.29,129,9,0.024657534,0.61263,0.024,24.555,24.3,24.81,18.95,09/01/19
09/01/19,18/01/19,153.29,130,9,0.024657534,0.58983,0.024,23.545,23.29,23.8,24.53,09/01/19
09/01/19,18/01/19,153.29,131,9,0.024657534,0.55649,0.024,22.53,22.16,22.9,18.79,09/01/19
09/01/19,18/01/19,153.29,132,9,0.024657534,0.5551,0.024,21.58,21.26,21.9,22,09/01/19
09/01/19,18/01/19,153.29,133,9,0.024657534,0.53286,0.024,20.575,20.25,20.9,0,09/01/19
09/01/19,18/01/19,153.29,134,9,0.024657534,0.51876,0.024,19.595,19.3,19.89,15.25,09/01/19
09/01/19,18/01/19,153.29,135,9,0.024657534,0.487,0.024,18.57,18.44,18.7,19.05,09/01/19
09/01/19,18/01/19,153.29,136,9,0.024657534,0.46356,0.024,17.575,17.45,17.7,14.1,09/01/19
09/01/19,18/01/19,153.29,137,9,0.024657534,0.44995,0.024,16.6,16.45,16.75,14.8,09/01/19
09/01/19,18/01/19,153.29,138,9,0.024657534,0.44876,0.024,15.68,15.56,15.8,11.55,09/01/19
09/01/19,18/01/19,153.29,139,9,0.024657534,0.43835,0.024,14.73,14.6,14.86,12.85,09/01/19
09/01/19,18/01/19,153.29,140,9,0.024657534,0.40751,0.024,13.7,13.6,13.8,13.55,09/01/19
09/01/19,18/01/19,153.29,141,9,0.024657534,0.38935,0.024,12.725,12.6,12.85,12.45,09/01/19
09/01/19,18/01/19,153.29,142,9,0.024657534,0.39705,0.024,11.87,11.74,12,12.27,09/01/19
09/01/19,18/01/19,153.29,143,9,0.024657534,0.38461,0.024,10.95,10.85,11.05,10.73,09/01/19
09/01/19,18/01/19,153.29,144,9,0.024657534,0.36682,0.024,10.005,9.91,10.1,10.28,09/01/19
09/01/19,18/01/19,153.29,145,9,0.024657534,0.36705,0.024,9.175,9.1,9.25,9.1,09/01/19
09/01/19,18/01/19,153.29,146,9,0.024657534,0.34884,0.024,8.24,8.14,8.34,8.28,09/01/19
09/01/19,18/01/19,153.29,147,9,0.024657534,0.33863,0.024,7.405,7.31,7.5,7.35,09/01/19
09/01/19,18/01/19,153.29,148,9,0.024657534,0.33256,0.024,6.605,6.55,6.66,6.59,09/01/19
09/01/19,18/01/19,153.29,149,9,0.024657534,0.33279,0.024,5.9,5.85,5.95,5.75,09/01/19
09/01/19,18/01/19,153.29,150,9,0.024657534,0.32401,0.024,5.145,5.09,5.2,5.1,09/01/19
09/01/19,18/01/19,153.29,152.5,9,0.024657534,0.3137,0.024,3.57,3.55,3.59,3.5,09/01/19
09/01/19,18/01/19,153.29,155,9,0.024657534,0.30236,0.024,2.295,2.27,2.32,2.27,09/01/19
09/01/19,18/01/19,153.29,157.5,9,0.024657534,0.29314,0.024,1.35,1.32,1.38,1.35,09/01/19
09/01/19,18/01/19,153.29,160,9,0.024657534,0.29239,0.024,0.78,0.77,0.79,0.76,09/01/19
09/01/19,18/01/19,153.29,162.5,9,0.024657534,0.29503,0.024,0.44,0.43,0.45,0.44,09/01/19
09/01/19,18/01/19,153.29,165,9,0.024657534,0.30668,0.024,0.26,0.25,0.27,0.27,09/01/19
09/01/19,18/01/19,153.29,167.5,9,0.024657534,0.327,0.024,0.185,0.17,0.2,0.18,09/01/19
09/01/19,18/01/19,153.29,170,9,0.024657534,0.35035,0.024,0.135,0.13,0.14,0.15,09/01/19
09/01/19,18/01/19,153.29,172.5,9,0.024657534,0.37428,0.024,0.12,0.11,0.13,0.12,09/01/19
09/01/19,18/01/19,153.29,175,9,0.024657534,0.40212,0.024,0.095,0.09,0.1,0.09,09/01/19
09/01/19,18/01/19,153.29,177.5,9,0.024657534,0.42676,0.024,0.075,0.06,0.09,0.09,09/01/19
09/01/19,18/01/19,153.29,180,9,0.024657534,0.45146,0.024,0.07,0.06,0.08,0.07,09/01/19
09/01/19,18/01/19,153.29,182.5,9,0.024657534,0.46909,0.024,0.055,0.04,0.07,0.06,09/01/19
09/01/19,18/01/19,153.29,185,9,0.024657534,0.4873,0.024,0.04,0.03,0.05,0.05,09/01/19
09/01/19,18/01/19,153.29,190,9,0.024657534,0.53825,0.024,0.045,0.03,0.06,0.03,09/01/19
09/01/19,18/01/19,153.29,195,9,0.024657534,0.56429,0.024,0.03,0.03,0.03,0.03,09/01/19
09/01/19,18/01/19,153.29,200,9,0.024657534,0.58502,0.024,0.01,0.01,0.01,0.02,09/01/19
09/01/19,18/01/19,153.29,205,9,0.024657534,0.63151,0.024,0.02,0.02,0.02,0.01,09/01/19
09/01/19,18/01/19,153.29,210,9,0.024657534,0.65494,0.024,0.015,0,0.03,0.02,09/01/19
09/01/19,18/01/19,153.29,215,9,0.024657534,0.65618,0.024,0.005,0,0.01,0.01,09/01/19
09/01/19,18/01/19,153.29,220,9,0.024657534,0.6973,0.024,0.005,0,0.01,0.01,09/01/19
09/01/19,18/01/19,153.29,225,9,0.024657534,0.73623,0.024,0.005,0,0.01,0.01,09/01/19
09/01/19,18/01/19,153.29,230,9,0.024657534,0.77385,0.024,0.005,0,0.01,0.01,09/01/19
09/01/19,18/01/19,153.29,235,9,0.024657534,0.81156,0.024,0.005,0,0.01,0.01,09/01/19
09/01/19,18/01/19,153.29,240,9,0.024657534,0.84704,0.024,0.005,0,0.01,0.01,09/01/19
09/01/19,18/01/19,153.29,245,9,0.024657534,0.88219,0.024,0.01,0,0.02,0.01,09/01/19
09/01/19,18/01/19,153.29,250,9,0.024657534,0.91693,0.024,0.005,0,0.01,0.01,09/01/19
09/01/19,18/01/19,153.29,255,9,0.024657534,0.95068,0.024,0.005,0,0.01,0.01,09/01/19
09/01/19,18/01/19,153.29,260,9,0.024657534,0.98274,0.024,0.005,0,0.01,0.01,09/01/19
09/01/19,18/01/19,153.29,265,9,0.024657534,1.01513,0.024,0.005,0,0.01,0.01,09/01/19
09/01/19,18/01/19,153.29,270,9,0.024657534,1.04618,0.024,0.01,0,0.02,0.01,09/01/19
09/01/19,18/01/19,153.29,275,9,0.024657534,1.07673,0.024,0.005,0,0.01,0.01,09/01/19
09/01/19,18/01/19,153.29,280,9,0.024657534,1.10654,0.024,0.005,0,0.01,0.01,09/01/19
09/01/19,18/01/19,153.29,285,9,0.024657534,1.13653,0.024,0,0,0,0.01,09/01/19
09/01/19,18/01/19,153.29,290,9,0.024657534,1.16471,0.024,0,0,0,0.01,09/01/19
09/01/19,18/01/19,153.29,295,9,0.024657534,1.19348,0.024,0.005,0,0.01,0.01,09/01/19
09/01/19,18/01/19,153.29,300,9,0.024657534,1.22054,0.024,0.005,0,0.01,0.01,09/01/19
09/01/19,18/01/19,153.29,305,9,0.024657534,1.24845,0.024,0.005,0,0.01,0.01,09/01/19
09/01/19,18/01/19,153.29,310,9,0.024657534,1.27483,0.024,0.005,0,0.01,0.02,09/01/19
09/01/19,18/01/19,153.29,315,9,0.024657534,1.30102,0.024,0.005,0,0.01,0.02,09/01/19
09/01/19,18/01/19,153.29,320,9,0.024657534,1.32631,0.024,0.01,0,0.02,0.01,09/01/19
09/01/19,18/01/19,153.29,325,9,0.024657534,1.35194,0.024,0.01,0,0.02,0.01,09/01/19
09/01/19,18/01/19,153.29,330,9,0.024657534,1.37694,0.024,0.005,0,0.01,0.06,09/01/19
09/01/19,18/01/19,153.29,335,9,0.024657534,1.47919,0.024,0.01,0,0.02,0.02,09/01/19
09/01/19,18/01/19,153.29,340,9,0.024657534,1.42476,0.024,0.01,0,0.02,0.01,09/01/19
09/01/19,18/01/19,153.29,345,9,0.024657534,1.44863,0.024,0.005,0,0.01,0.01,09/01/19
09/01/19,18/01/19,153.29,350,9,0.024657534,1.47141,0.024,0.005,0,0.01,0.01,09/01/19
09/01/19,18/01/19,153.29,355,9,0.024657534,1.57242,0.024,0.005,0,0.01,0.02,09/01/19
09/01/19,18/01/19,153.29,360,9,0.024657534,1.51611,0.024,0,0,0,0.03,09/01/19
09/01/19,18/01/19,153.29,365,9,0.024657534,1.61844,0.024,0.005,0,0.01,0.05,09/01/19
09/01/19,18/01/19,153.29,370,9,0.024657534,2.74886,0.024,1.06,0,2.12,0.01,09/01/19
09/01/19,18/01/19,153.29,375,9,0.024657534,2.78121,0.024,1.065,0,2.13,0.01,09/01/19
09/01/19,25/01/19,153.29,100,16,0.043835616,0.99689,0.024,53.525,53.05,54,46.26,09/01/19
09/01/19,25/01/19,153.29,105,16,0.043835616,0.89681,0.024,48.525,48,49.05,52.37,09/01/19
09/01/19,25/01/19,153.29,110,16,0.043835616,0.82744,0.024,43.575,43.1,44.05,47.43,09/01/19
09/01/19,25/01/19,153.29,115,16,0.043835616,0.73202,0.024,38.57,38.14,39,35.77,09/01/19
09/01/19,25/01/19,153.29,120,16,0.043835616,0.659,0.024,33.62,33.2,34.04,28.3,09/01/19
09/01/19,25/01/19,153.29,125,16,0.043835616,0.5489,0.024,28.575,28.1,29.05,29,09/01/19
09/01/19,25/01/19,153.29,130,16,0.043835616,0.49078,0.024,23.675,23.25,24.1,23,09/01/19
09/01/19,25/01/19,153.29,132,16,0.043835616,0.45436,0.024,21.68,21.51,21.85,20.8,09/01/19
09/01/19,25/01/19,153.29,133,16,0.043835616,0.43592,0.024,20.675,20.5,20.85,17.27,09/01/19
09/01/19,25/01/19,153.29,134,16,0.043835616,0.42896,0.024,19.725,19.55,19.9,0,09/01/19
09/01/19,25/01/19,153.29,135,16,0.043835616,0.41668,0.024,18.75,18.55,18.95,16.22,09/01/19
09/01/19,25/01/19,153.29,136,16,0.043835616,0.40754,0.024,17.8,17.65,17.95,0,09/01/19
09/01/19,25/01/19,153.29,137,16,0.043835616,0.39852,0.024,16.86,16.71,17.01,14.5,09/01/19
09/01/19,25/01/19,153.29,138,16,0.043835616,0.38759,0.024,15.905,15.76,16.05,12.8,09/01/19
09/01/19,25/01/19,153.29,139,16,0.043835616,0.38072,0.024,14.975,14.85,15.1,11.95,09/01/19
09/01/19,25/01/19,153.29,140,16,0.043835616,0.37183,0.024,14.045,13.9,14.19,14,09/01/19
09/01/19,25/01/19,153.29,141,16,0.043835616,0.36209,0.024,13.125,13,13.25,14.15,09/01/19
09/01/19,25/01/19,153.29,142,16,0.043835616,0.35417,0.024,12.225,12.1,12.35,13.11,09/01/19
09/01/19,25/01/19,153.29,143,16,0.043835616,0.34705,0.024,11.355,11.21,11.5,11.4,09/01/19
09/01/19,25/01/19,153.29,144,16,0.043835616,0.33935,0.024,10.475,10.35,10.6,10.9,09/01/19
09/01/19,25/01/19,153.29,145,16,0.043835616,0.33127,0.024,9.625,9.5,9.75,9.58,09/01/19
09/01/19,25/01/19,153.29,146,16,0.043835616,0.33015,0.024,8.845,8.74,8.95,9.66,09/01/19
09/01/19,25/01/19,153.29,147,16,0.043835616,0.32517,0.024,8.07,8,8.14,8.28,09/01/19
09/01/19,25/01/19,153.29,148,16,0.043835616,0.32035,0.024,7.32,7.24,7.4,7.55,09/01/19
09/01/19,25/01/19,153.29,149,16,0.043835616,0.3156,0.024,6.595,6.5,6.69,6.83,09/01/19
09/01/19,25/01/19,153.29,150,16,0.043835616,0.30937,0.024,5.9,5.85,5.95,5.9,09/01/19
09/01/19,25/01/19,153.29,152.5,16,0.043835616,0.29959,0.024,4.35,4.3,4.4,4.37,09/01/19
09/01/19,25/01/19,153.29,155,16,0.043835616,0.2899,0.024,3.05,3,3.1,3.05,09/01/19
09/01/19,25/01/19,153.29,157.5,16,0.043835616,0.28283,0.024,2.045,2,2.09,2.05,09/01/19
09/01/19,25/01/19,153.29,160,16,0.043835616,0.27967,0.024,1.325,1.29,1.36,1.32,09/01/19
09/01/19,25/01/19,153.29,162.5,16,0.043835616,0.27741,0.024,0.825,0.8,0.85,0.89,09/01/19
09/01/19,25/01/19,153.29,165,16,0.043835616,0.27662,0.024,0.49,0.48,0.5,0.53,09/01/19
09/01/19,25/01/19,153.29,167.5,16,0.043835616,0.28139,0.024,0.31,0.29,0.33,0.31,09/01/19
09/01/19,25/01/19,153.29,170,16,0.043835616,0.28921,0.024,0.215,0.2,0.23,0.23,09/01/19
09/01/19,25/01/19,153.29,172.5,16,0.043835616,0.30072,0.024,0.14,0.13,0.15,0.17,09/01/19
09/01/19,25/01/19,153.29,175,16,0.043835616,0.31848,0.024,0.115,0.1,0.13,0.12,09/01/19
09/01/19,25/01/19,153.29,177.5,16,0.043835616,0.33332,0.024,0.09,0.08,0.1,0.1,09/01/19
09/01/19,25/01/19,153.29,180,16,0.043835616,0.35003,0.024,0.075,0.07,0.08,0.07,09/01/19
09/01/19,25/01/19,153.29,182.5,16,0.043835616,0.3676,0.024,0.06,0.04,0.08,0.06,09/01/19
09/01/19,25/01/19,153.29,185,16,0.043835616,0.38358,0.024,0.06,0.05,0.07,0.05,09/01/19
09/01/19,25/01/19,153.29,187.5,16,0.043835616,0.39648,0.024,0.045,0.03,0.06,0.05,09/01/19
09/01/19,25/01/19,153.29,190,16,0.043835616,0.40686,0.024,0.03,0.01,0.05,0.04,09/01/19
09/01/19,25/01/19,153.29,192.5,16,0.043835616,0.42753,0.024,0.035,0.01,0.06,0.04,09/01/19
09/01/19,25/01/19,153.29,195,16,0.043835616,0.43241,0.024,0.025,0.02,0.03,0.03,09/01/19
09/01/19,25/01/19,153.29,197.5,16,0.043835616,0.46154,0.024,0.03,0,0.06,0.05,09/01/19
09/01/19,25/01/19,153.29,200,16,0.043835616,0.44847,0.024,0.01,0,0.02,0.02,09/01/19
09/01/19,25/01/19,153.29,202.5,16,0.043835616,0.46625,0.024,0.015,0,0.03,0.01,09/01/19
09/01/19,25/01/19,153.29,205,16,0.043835616,0.51065,0.024,0.025,0,0.05,0.03,09/01/19
09/01/19,25/01/19,153.29,207.5,16,0.043835616,0.51745,0.024,0.02,0,0.04,0.02,09/01/19
09/01/19,25/01/19,153.29,210,16,0.043835616,0.52065,0.024,0.015,0,0.03,0.01,09/01/19
09/01/19,25/01/19,153.29,212.5,16,0.043835616,0.53865,0.024,0.015,0,0.03,0.16,09/01/19
09/01/19,25/01/19,153.29,215,16,0.043835616,0.55561,0.024,0.015,0,0.03,0.2,09/01/19
09/01/19,25/01/19,153.29,220,16,0.043835616,0.58835,0.024,0.015,0,0.03,0.01,09/01/19
09/01/19,25/01/19,153.29,225,16,0.043835616,0.62047,0.024,0.015,0,0.03,0.01,09/01/19
09/01/19,01/02/19,153.29,100,23,0.063013699,0.86626,0.024,53.57,53.45,53.69,57,09/01/19
09/01/19,01/02/19,153.29,105,23,0.063013699,0.77968,0.024,48.575,48.45,48.7,42.15,09/01/19
09/01/19,01/02/19,153.29,110,23,0.063013699,0.7263,0.024,43.65,43.55,43.75,37.25,09/01/19
09/01/19,01/02/19,153.29,115,23,0.063013699,0.65091,0.024,38.675,38.55,38.8,41.4,09/01/19
09/01/19,01/02/19,153.29,120,23,0.063013699,0.58454,0.024,33.72,33.6,33.84,34.36,09/01/19
09/01/19,01/02/19,153.29,125,23,0.063013699,0.5372,0.024,28.875,28.75,29,29.81,09/01/19
09/01/19,01/02/19,153.29,130,23,0.063013699,0.48095,0.024,24.02,23.9,24.14,24.05,09/01/19
09/01/19,01/02/19,153.29,132,23,0.063013699,0.46669,0.024,22.15,22.05,22.25,0,09/01/19
09/01/19,01/02/19,153.29,133,23,0.063013699,0.45597,0.024,21.2,21.1,21.3,0,09/01/19
09/01/19,01/02/19,153.29,134,23,0.063013699,0.45248,0.024,20.295,20.19,20.4,19.6,09/01/19
09/01/19,01/02/19,153.29,135,23,0.063013699,0.44001,0.024,19.355,19.25,19.46,19.74,09/01/19
09/01/19,01/02/19,153.29,136,23,0.063013699,0.43413,0.024,18.45,18.35,18.55,13.3,09/01/19
09/01/19,01/02/19,153.29,137,23,0.063013699,0.42765,0.024,17.55,17.45,17.65,12.55,09/01/19
09/01/19,01/02/19,153.29,138,23,0.063013699,0.42178,0.024,16.68,16.56,16.8,12.84,09/01/19
09/01/19,01/02/19,153.29,139,23,0.063013699,0.41533,0.024,15.8,15.7,15.9,12.1,09/01/19
09/01/19,01/02/19,153.29,140,23,0.063013699,0.41044,0.024,14.95,14.85,15.05,14.91,09/01/19
09/01/19,01/02/19,153.29,141,23,0.063013699,0.40442,0.024,14.095,14,14.19,11.85,09/01/19
09/01/19,01/02/19,153.29,142,23,0.063013699,0.39622,0.024,13.25,13.15,13.35,13.68,09/01/19
09/01/19,01/02/19,153.29,143,23,0.063013699,0.39404,0.024,12.475,12.35,12.6,12.47,09/01/19
09/01/19,01/02/19,153.29,144,23,0.063013699,0.39091,0.024,11.69,11.59,11.79,12.33,09/01/19
09/01/19,01/02/19,153.29,145,23,0.063013699,0.38333,0.024,10.9,10.8,11,10.94,09/01/19
09/01/19,01/02/19,153.29,146,23,0.063013699,0.38212,0.024,10.2,10.1,10.3,10.96,09/01/19
09/01/19,01/02/19,153.29,147,23,0.063013699,0.37773,0.024,9.475,9.4,9.55,10.3,09/01/19
09/01/19,01/02/19,153.29,148,23,0.063013699,0.37699,0.024,8.825,8.75,8.9,9.05,09/01/19
09/01/19,01/02/19,153.29,149,23,0.063013699,0.37047,0.024,8.13,8.05,8.21,8.62,09/01/19
09/01/19,01/02/19,153.29,150,23,0.063013699,0.36582,0.024,7.475,7.4,7.55,7.4,09/01/19
09/01/19,01/02/19,153.29,152.5,23,0.063013699,0.35648,0.024,5.975,5.9,6.05,6,09/01/19
09/01/19,01/02/19,153.29,155,23,0.063013699,0.34817,0.024,4.68,4.61,4.75,4.7,09/01/19
09/01/19,01/02/19,153.29,157.5,23,0.063013699,0.34092,0.024,3.575,3.5,3.65,3.55,09/01/19
09/01/19,01/02/19,153.29,160,23,0.063013699,0.33344,0.024,2.645,2.61,2.68,2.65,09/01/19
09/01/19,01/02/19,153.29,162.5,23,0.063013699,0.32801,0.024,1.905,1.87,1.94,1.91,09/01/19
09/01/19,01/02/19,153.29,165,23,0.063013699,0.3233,0.024,1.345,1.32,1.37,1.37,09/01/19
09/01/19,01/02/19,153.29,167.5,23,0.063013699,0.32048,0.024,0.94,0.91,0.97,0.98,09/01/19
09/01/19,01/02/19,153.29,170,23,0.063013699,0.3217,0.024,0.67,0.65,0.69,0.67,09/01/19
09/01/19,01/02/19,153.29,172.5,23,0.063013699,0.32368,0.024,0.475,0.45,0.5,0.48,09/01/19
09/01/19,01/02/19,153.29,175,23,0.063013699,0.32954,0.024,0.35,0.33,0.37,0.34,09/01/19
09/01/19,01/02/19,153.29,177.5,23,0.063013699,0.33561,0.024,0.25,0.23,0.27,0.25,09/01/19
09/01/19,01/02/19,153.29,180,23,0.063013699,0.34628,0.024,0.205,0.18,0.23,0.2,09/01/19
09/01/19,01/02/19,153.29,182.5,23,0.063013699,0.35694,0.024,0.17,0.15,0.19,0.17,09/01/19
09/01/19,01/02/19,153.29,185,23,0.063013699,0.37305,0.024,0.15,0.14,0.16,0.14,09/01/19
09/01/19,01/02/19,153.29,187.5,23,0.063013699,0.38633,0.024,0.13,0.11,0.15,0.12,09/01/19
09/01/19,01/02/19,153.29,190,23,0.063013699,0.39466,0.024,0.1,0.09,0.11,0.12,09/01/19
09/01/19,01/02/19,153.29,192.5,23,0.063013699,0.40554,0.024,0.095,0.09,0.1,0.09,09/01/19
09/01/19,01/02/19,153.29,195,23,0.063013699,0.42547,0.024,0.095,0.08,0.11,0.08,09/01/19
09/01/19,01/02/19,153.29,197.5,23,0.063013699,0.43332,0.024,0.07,0.05,0.09,0.08,09/01/19
09/01/19,01/02/19,153.29,200,23,0.063013699,0.4441,0.024,0.07,0.07,0.07,0.07,09/01/19
09/01/19,01/02/19,153.29,202.5,23,0.063013699,0.46179,0.024,0.07,0.04,0.1,0.05,09/01/19
09/01/19,01/02/19,153.29,205,23,0.063013699,0.47447,0.024,0.055,0.04,0.07,0.06,09/01/19
09/01/19,01/02/19,153.29,207.5,23,0.063013699,0.48625,0.024,0.05,0.03,0.07,0.04,09/01/19
09/01/19,08/02/19,153.29,100,30,0.082191781,0.99506,0.024,53.63,53.5,53.76,0,09/01/19
09/01/19,08/02/19,153.29,105,30,0.082191781,0.8803,0.024,48.675,48.55,48.8,48.95,09/01/19
09/01/19,08/02/19,153.29,110,30,0.082191781,0.79466,0.024,43.825,43.7,43.95,35.05,09/01/19
09/01/19,08/02/19,153.29,115,30,0.082191781,0.69563,0.024,38.845,38.69,39,0,09/01/19
09/01/19,08/02/19,153.29,120,30,0.082191781,0.60511,0.024,33.87,33.75,33.99,26.75,09/01/19
09/01/19,08/02/19,153.29,125,30,0.082191781,0.53925,0.024,29.025,28.9,29.15,33.14,09/01/19
09/01/19,08/02/19,153.29,130,30,0.082191781,0.49206,0.024,24.325,24.2,24.45,25.1,09/01/19
09/01/19,08/02/19,153.29,132,30,0.082191781,0.45799,0.024,22.325,22.2,22.45,0,09/01/19
09/01/19,08/02/19,153.29,133,30,0.082191781,0.45652,0.024,21.475,21.36,21.59,17.65,09/01/19
09/01/19,08/02/19,153.29,134,30,0.082191781,0.44518,0.024,20.52,20.39,20.65,0,09/01/19
09/01/19,08/02/19,153.29,135,30,0.082191781,0.43467,0.024,19.605,19.51,19.7,15.76,09/01/19
09/01/19,08/02/19,153.29,136,30,0.082191781,0.4275,0.024,18.7,18.6,18.8,19.3,09/01/19
09/01/19,08/02/19,153.29,137,30,0.082191781,0.42118,0.024,17.83,17.7,17.96,10.65,09/01/19
09/01/19,08/02/19,153.29,138,30,0.082191781,0.41382,0.024,16.955,16.86,17.05,12.9,09/01/19
09/01/19,08/02/19,153.29,139,30,0.082191781,0.4125,0.024,16.155,16.06,16.25,14.43,09/01/19
09/01/19,08/02/19,153.29,140,30,0.082191781,0.40592,0.024,15.295,15.2,15.39,16.17,09/01/19
09/01/19,08/02/19,153.29,141,30,0.082191781,0.3975,0.024,14.44,14.34,14.54,9.87,09/01/19
09/01/19,08/02/19,153.29,142,30,0.082191781,0.39305,0.024,13.645,13.55,13.74,14.24,09/01/19
09/01/19,08/02/19,153.29,143,30,0.082191781,0.38892,0.024,12.87,12.8,12.94,13.49,09/01/19
09/01/19,08/02/19,153.29,144,30,0.082191781,0.38403,0.024,12.1,12,12.2,12.69,09/01/19
09/01/19,08/02/19,153.29,145,30,0.082191781,0.37941,0.024,11.35,11.25,11.45,11.75,09/01/19
09/01/19,08/02/19,153.29,146,30,0.082191781,0.37466,0.024,10.63,10.55,10.71,10.76,09/01/19
09/01/19,08/02/19,153.29,147,30,0.082191781,0.37124,0.024,9.925,9.85,10,10.49,09/01/19
09/01/19,08/02/19,153.29,148,30,0.082191781,0.36985,0.024,9.305,9.21,9.4,10.04,09/01/19
09/01/19,08/02/19,153.29,149,30,0.082191781,0.36414,0.024,8.6,8.5,8.7,9.23,09/01/19
09/01/19,08/02/19,153.29,150,30,0.082191781,0.36004,0.024,7.98,7.91,8.05,8.03,09/01/19
09/01/19,08/02/19,153.29,152.5,30,0.082191781,0.35159,0.024,6.5,6.46,6.54,6.66,09/01/19
09/01/19,08/02/19,153.29,155,30,0.082191781,0.34142,0.024,5.17,5.1,5.24,5.73,09/01/19
09/01/19,08/02/19,153.29,157.5,30,0.082191781,0.33567,0.024,4.07,3.99,4.15,4.33,09/01/19
09/01/19,08/02/19,153.29,160,30,0.082191781,0.32754,0.024,3.1,3.05,3.15,3.23,09/01/19
09/01/19,08/02/19,153.29,162.5,30,0.082191781,0.32196,0.024,2.33,2.29,2.37,2.7,09/01/19
09/01/19,08/02/19,153.29,165,30,0.082191781,0.31705,0.024,1.72,1.69,1.75,1.85,09/01/19
09/01/19,08/02/19,153.29,167.5,30,0.082191781,0.31451,0.024,1.255,1.22,1.29,1.25,09/01/19
09/01/19,08/02/19,153.29,170,30,0.082191781,0.31277,0.024,0.905,0.88,0.93,0.88,09/01/19
09/01/19,08/02/19,153.29,172.5,30,0.082191781,0.31315,0.024,0.655,0.63,0.68,0.62,09/01/19
09/01/19,08/02/19,153.29,175,30,0.082191781,0.31486,0.024,0.49,0.47,0.51,0.52,09/01/19
09/01/19,08/02/19,153.29,177.5,30,0.082191781,0.32005,0.024,0.37,0.35,0.39,0.41,09/01/19
09/01/19,08/02/19,153.29,180,30,0.082191781,0.32496,0.024,0.27,0.24,0.3,0.29,09/01/19
09/01/19,08/02/19,153.29,182.5,30,0.082191781,0.33241,0.024,0.215,0.2,0.23,0.2,09/01/19
09/01/19,08/02/19,153.29,185,30,0.082191781,0.34314,0.024,0.185,0.16,0.21,0.2,09/01/19
09/01/19,08/02/19,153.29,187.5,30,0.082191781,0.35259,0.024,0.145,0.12,0.17,0.16,09/01/19
09/01/19,08/02/19,153.29,190,30,0.082191781,0.36326,0.024,0.135,0.11,0.16,0.12,09/01/19
09/01/19,08/02/19,153.29,192.5,30,0.082191781,0.37688,0.024,0.125,0.11,0.14,0,09/01/19
09/01/19,08/02/19,153.29,195,30,0.082191781,0.38473,0.024,0.11,0.09,0.13,0.09,09/01/19
09/01/19,08/02/19,153.29,200,30,0.082191781,0.40687,0.024,0.085,0.06,0.11,0.09,09/01/19
09/01/19,15/02/19,153.29,50,37,0.101369863,3.2582,0.024043288,103.455,103.11,103.8,107.9,09/01/19
09/01/19,15/02/19,153.29,55,37,0.101369863,2.82969,0.024043288,98.485,98.16,98.81,101.75,09/01/19
09/01/19,15/02/19,153.29,60,37,0.101369863,2.4722,0.024043288,93.495,93.15,93.84,0,09/01/19
09/01/19,15/02/19,153.29,65,37,0.101369863,2.16622,0.024043288,88.5,88.14,88.86,86.9,09/01/19
09/01/19,15/02/19,153.29,70,37,0.101369863,1.90959,0.024043288,83.52,83.19,83.85,81.7,09/01/19
09/01/19,15/02/19,153.29,75,37,0.101369863,1.67814,0.024043288,78.5,78.14,78.86,92.6,09/01/19
09/01/19,15/02/19,153.29,80,37,0.101369863,1.48807,0.024043288,73.55,73.2,73.9,0,09/01/19
09/01/19,15/02/19,153.29,85,37,0.101369863,1.31742,0.024043288,68.575,68.25,68.9,68.25,09/01/19
09/01/19,15/02/19,153.29,90,37,0.101369863,1.18374,0.024043288,63.7,63.5,63.9,64.22,09/01/19
09/01/19,15/02/19,153.29,95,37,0.101369863,1.0412,0.024043288,58.67,58.35,58.99,58.66,09/01/19
09/01/19,15/02/19,153.29,100,37,0.101369863,0.9172,0.024043288,53.67,53.4,53.94,53.45,09/01/19
09/01/19,15/02/19,153.29,105,37,0.101369863,0.80115,0.024043288,48.655,48.31,49,41.05,09/01/19
09/01/19,15/02/19,153.29,110,37,0.101369863,0.71228,0.024043288,43.715,43.39,44.04,44.3,09/01/19
09/01/19,15/02/19,153.29,115,37,0.101369863,0.63898,0.024043288,38.85,38.6,39.1,39.97,09/01/19
09/01/19,15/02/19,153.29,120,37,0.101369863,0.56102,0.024043288,33.9,33.55,34.25,35.08,09/01/19
09/01/19,15/02/19,153.29,125,37,0.101369863,0.50384,0.024043288,29.075,28.96,29.19,29.05,09/01/19
09/01/19,15/02/19,153.29,130,37,0.101369863,0.45437,0.024043288,24.32,24.2,24.44,24.75,09/01/19
09/01/19,15/02/19,153.29,135,37,0.101369863,0.41704,0.024043288,19.77,19.64,19.9,19.73,09/01/19
09/01/19,15/02/19,153.29,140,37,0.101369863,0.39159,0.024043288,15.545,15.44,15.65,15.74,09/01/19
09/01/19,15/02/19,153.29,145,37,0.101369863,0.36898,0.024043288,11.7,11.6,11.8,11.72,09/01/19
09/01/19,15/02/19,153.29,150,37,0.101369863,0.35304,0.024043288,8.405,8.35,8.46,8.35,09/01/19
09/01/19,15/02/19,153.29,155,37,0.101369863,0.33532,0.024043288,5.63,5.56,5.7,5.65,09/01/19
09/01/19,15/02/19,153.29,160,37,0.101369863,0.32127,0.024043288,3.5,3.45,3.55,3.49,09/01/19
09/01/19,15/02/19,153.29,165,37,0.101369863,0.31013,0.024043288,2.04,2.02,2.06,2.04,09/01/19
09/01/19,15/02/19,153.29,170,37,0.101369863,0.30566,0.024043288,1.125,1.11,1.14,1.14,09/01/19
09/01/19,15/02/19,153.29,175,37,0.101369863,0.305,0.024043288,0.62,0.61,0.63,0.63,09/01/19
09/01/19,15/02/19,153.29,180,37,0.101369863,0.3102,0.024043288,0.355,0.35,0.36,0.36,09/01/19
09/01/19,15/02/19,153.29,185,37,0.101369863,0.32401,0.024043288,0.235,0.21,0.26,0.23,09/01/19
09/01/19,15/02/19,153.29,190,37,0.101369863,0.34015,0.024043288,0.165,0.15,0.18,0.16,09/01/19
09/01/19,15/02/19,153.29,195,37,0.101369863,0.353,0.024043288,0.115,0.11,0.12,0.11,09/01/19
09/01/19,15/02/19,153.29,200,37,0.101369863,0.36811,0.024043288,0.08,0.08,0.08,0.08,09/01/19
09/01/19,15/02/19,153.29,205,37,0.101369863,0.38406,0.024043288,0.075,0.07,0.08,0.07,09/01/19
09/01/19,15/02/19,153.29,210,37,0.101369863,0.40283,0.024043288,0.05,0.04,0.06,0.06,09/01/19
09/01/19,15/02/19,153.29,215,37,0.101369863,0.41836,0.024043288,0.045,0.03,0.06,0.05,09/01/19
09/01/19,15/02/19,153.29,220,37,0.101369863,0.43086,0.024043288,0.03,0.03,0.03,0.03,09/01/19
09/01/19,15/02/19,153.29,225,37,0.101369863,0.43892,0.024043288,0.025,0.02,0.03,0.02,09/01/19
09/01/19,15/02/19,153.29,230,37,0.101369863,0.43877,0.024043288,0.02,0.02,0.02,0.01,09/01/19
09/01/19,15/02/19,153.29,235,37,0.101369863,0.45923,0.024043288,0.015,0.01,0.02,0.02,09/01/19
09/01/19,15/02/19,153.29,240,37,0.101369863,0.4925,0.024043288,0.015,0.01,0.02,0.01,09/01/19
09/01/19,15/02/19,153.29,245,37,0.101369863,0.5233,0.024043288,0.02,0.01,0.03,0.05,09/01/19
09/01/19,15/02/19,153.29,250,37,0.101369863,0.51895,0.024043288,0.015,0.01,0.02,0.01,09/01/19
09/01/19,15/02/19,153.29,255,37,0.101369863,0.93166,0.024043288,1.07,0,2.14,0.02,09/01/19
09/01/19,15/02/19,153.29,260,37,0.101369863,0.53361,0.024043288,0.01,0,0.02,0.01,09/01/19
09/01/19,15/02/19,153.29,265,37,0.101369863,0.58709,0.024043288,0.02,0,0.04,0.01,09/01/19
09/01/19,15/02/19,153.29,270,37,0.101369863,0.56969,0.024043288,0.01,0,0.02,0.03,09/01/19
09/01/19,15/02/19,153.29,275,37,0.101369863,0.58566,0.024043288,0.005,0,0.01,0.01,09/01/19
09/01/19,15/02/19,153.29,280,37,0.101369863,0.5703,0.024043288,0.005,0,0.01,0.01,09/01/19
09/01/19,15/02/19,153.29,285,37,0.101369863,0.58527,0.024043288,0.005,0,0.01,0.04,09/01/19
09/01/19,15/02/19,153.29,290,37,0.101369863,0.60032,0.024043288,0.005,0,0.01,0.01,09/01/19
09/01/19,15/02/19,153.29,295,37,0.101369863,0.61511,0.024043288,0.005,0,0.01,0.01,09/01/19
09/01/19,15/02/19,153.29,300,37,0.101369863,0.62856,0.024043288,0.01,0,0.02,0.01,09/01/19
09/01/19,15/02/19,153.29,310,37,0.101369863,0.71531,0.024043288,0.01,0,0.02,0.01,09/01/19
09/01/19,15/02/19,153.29,320,37,0.101369863,0.68284,0.024043288,0,0,0,0.02,09/01/19
09/01/19,22/02/19,153.29,90,44,0.120547945,1.07428,0.024089315,63.6,63.25,63.95,0,09/01/19
09/01/19,22/02/19,153.29,95,44,0.120547945,0.94717,0.024089315,58.605,58.26,58.95,0,09/01/19
09/01/19,22/02/19,153.29,100,44,0.120547945,0.84103,0.024089315,53.655,53.31,54,0,09/01/19
09/01/19,22/02/19,153.29,105,44,0.120547945,0.74576,0.024089315,48.69,48.34,49.04,0,09/01/19
09/01/19,22/02/19,153.29,110,44,0.120547945,0.65956,0.024089315,43.75,43.4,44.1,35.76,09/01/19
09/01/19,22/02/19,153.29,115,44,0.120547945,0.58563,0.024089315,38.83,38.5,39.16,0,09/01/19
09/01/19,22/02/19,153.29,120,44,0.120547945,0.5334,0.024089315,34.02,33.85,34.19,27.63,09/01/19
09/01/19,22/02/19,153.29,125,44,0.120547945,0.46747,0.024089315,29.095,28.95,29.24,23.8,09/01/19
09/01/19,22/02/19,153.29,130,44,0.120547945,0.42883,0.024089315,24.415,24.24,24.59,19.72,09/01/19
09/01/19,22/02/19,153.29,132,44,0.120547945,0.41504,0.024089315,22.595,22.44,22.75,0,09/01/19
09/01/19,22/02/19,153.29,133,44,0.120547945,0.40881,0.024089315,21.705,21.55,21.86,0,09/01/19
09/01/19,22/02/19,153.29,134,44,0.120547945,0.40163,0.024089315,20.795,20.65,20.94,0,09/01/19
09/01/19,22/02/19,153.29,135,44,0.120547945,0.39634,0.024089315,19.925,19.8,20.05,17.15,09/01/19
09/01/19,22/02/19,153.29,136,44,0.120547945,0.39223,0.024089315,19.08,18.96,19.2,19.1,09/01/19
09/01/19,22/02/19,153.29,137,44,0.120547945,0.38535,0.024089315,18.195,18.04,18.35,0,09/01/19
09/01/19,22/02/19,153.29,138,44,0.120547945,0.38058,0.024089315,17.35,17.2,17.5,0,09/01/19
09/01/19,22/02/19,153.29,139,44,0.120547945,0.37872,0.024089315,16.57,16.44,16.7,0,09/01/19
09/01/19,22/02/19,153.29,140,44,0.120547945,0.37302,0.024089315,15.76,15.61,15.91,16.05,09/01/19
09/01/19,22/02/19,153.29,141,44,0.120547945,0.36865,0.024089315,14.95,14.8,15.1,9.85,09/01/19
09/01/19,22/02/19,153.29,142,44,0.120547945,0.36509,0.024089315,14.175,14.05,14.3,11.85,09/01/19
09/01/19,22/02/19,153.29,143,44,0.120547945,0.36112,0.024089315,13.43,13.31,13.55,13.85,09/01/19
09/01/19,22/02/19,153.29,144,44,0.120547945,0.35674,0.024089315,12.675,12.55,12.8,13.15,09/01/19
09/01/19,22/02/19,153.29,145,44,0.120547945,0.35308,0.024089315,11.95,11.85,12.05,12.4,09/01/19
09/01/19,22/02/19,153.29,146,44,0.120547945,0.34961,0.024089315,11.25,11.15,11.35,11.73,09/01/19
09/01/19,22/02/19,153.29,147,44,0.120547945,0.34685,0.024089315,10.57,10.44,10.7,11.1,09/01/19
09/01/19,22/02/19,153.29,148,44,0.120547945,0.34242,0.024089315,9.9,9.8,10,10.55,09/01/19
09/01/19,22/02/19,153.29,149,44,0.120547945,0.34199,0.024089315,9.305,9.2,9.41,8.2,09/01/19
09/01/19,22/02/19,153.29,150,44,0.120547945,0.33649,0.024089315,8.655,8.56,8.75,9.34,09/01/19
09/01/19,22/02/19,153.29,152.5,44,0.120547945,0.33035,0.024089315,7.225,7.15,7.3,7.27,09/01/19
09/01/19,22/02/19,153.29,155,44,0.120547945,0.32264,0.024089315,5.925,5.85,6,6,09/01/19
09/01/19,22/02/19,153.29,157.5,44,0.120547945,0.31844,0.024089315,4.825,4.75,4.9,4.9,09/01/19
09/01/19,22/02/19,153.29,160,44,0.120547945,0.31146,0.024089315,3.825,3.75,3.9,3.8,09/01/19
09/01/19,22/02/19,153.29,162.5,44,0.120547945,0.30735,0.024089315,3.005,2.95,3.06,3.01,09/01/19
09/01/19,22/02/19,153.29,165,44,0.120547945,0.30237,0.024089315,2.305,2.26,2.35,2.32,09/01/19
09/01/19,22/02/19,153.29,167.5,44,0.120547945,0.29947,0.024089315,1.76,1.72,1.8,1.89,09/01/19
09/01/19,22/02/19,153.29,170,44,0.120547945,0.29622,0.024089315,1.34,1.3,1.38,1.45,09/01/19
09/01/19,22/02/19,153.29,172.5,44,0.120547945,0.29609,0.024089315,1.02,0.98,1.06,1.05,09/01/19
09/01/19,22/02/19,153.29,175,44,0.120547945,0.29534,0.024089315,0.76,0.73,0.79,0.74,09/01/19
09/01/19,22/02/19,153.29,177.5,44,0.120547945,0.29738,0.024089315,0.58,0.55,0.61,0.6,09/01/19
09/01/19,22/02/19,153.29,180,44,0.120547945,0.29949,0.024089315,0.445,0.41,0.48,0.47,09/01/19
09/01/19,22/02/19,153.29,182.5,44,0.120547945,0.30248,0.024089315,0.345,0.31,0.38,0.36,09/01/19
09/01/19,22/02/19,153.29,185,44,0.120547945,0.30817,0.024089315,0.275,0.25,0.3,0.24,09/01/19
09/01/19,22/02/19,153.29,187.5,44,0.120547945,0.31182,0.024089315,0.215,0.18,0.25,0.18,09/01/19
09/01/19,22/02/19,153.29,190,44,0.120547945,0.31898,0.024089315,0.185,0.15,0.22,0.22,09/01/19
09/01/19,22/02/19,153.29,192.5,44,0.120547945,0.32508,0.024089315,0.155,0.13,0.18,0.16,09/01/19
09/01/19,22/02/19,153.29,195,44,0.120547945,0.33054,0.024089315,0.13,0.1,0.16,0.15,09/01/19
09/01/19,22/02/19,153.29,200,44,0.120547945,0.34903,0.024089315,0.1,0.08,0.12,0.11,09/01/19
09/01/19,15/03/19,153.29,75,64.96,0.177972603,1.27513,0.024240701,78.51,78.16,78.86,0,09/01/19
09/01/19,15/03/19,153.29,80,64.96,0.177972603,1.14147,0.024240701,73.63,73.25,74.01,0,09/01/19
09/01/19,15/03/19,153.29,85,64.96,0.177972603,1.00199,0.024240701,68.575,68.25,68.9,0,09/01/19
09/01/19,15/03/19,153.29,90,64.96,0.177972603,0.89135,0.024240701,63.625,63.3,63.95,53.9,09/01/19
09/01/19,15/03/19,153.29,95,64.96,0.177972603,0.7899,0.024240701,58.65,58.31,58.99,0,09/01/19
09/01/19,15/03/19,153.29,100,64.96,0.177972603,0.70219,0.024240701,53.7,53.35,54.05,54.55,09/01/19
09/01/19,15/03/19,153.29,105,64.96,0.177972603,0.62649,0.024240701,48.78,48.45,49.11,45.02,09/01/19
09/01/19,15/03/19,153.29,110,64.96,0.177972603,0.5557,0.024240701,43.825,43.5,44.15,0,09/01/19
09/01/19,15/03/19,153.29,115,64.96,0.177972603,0.49593,0.024240701,38.915,38.74,39.09,31.52,09/01/19
09/01/19,15/03/19,153.29,120,64.96,0.177972603,0.45248,0.024240701,34.125,33.95,34.3,34.6,09/01/19
09/01/19,15/03/19,153.29,125,64.96,0.177972603,0.41677,0.024240701,29.43,29.26,29.6,30.1,09/01/19
09/01/19,15/03/19,153.29,130,64.96,0.177972603,0.38999,0.024240701,24.905,24.76,25.05,24.9,09/01/19
09/01/19,15/03/19,153.29,135,64.96,0.177972603,0.36912,0.024240701,20.61,20.51,20.71,21.29,09/01/19
09/01/19,15/03/19,153.29,140,64.96,0.177972603,0.3539,0.024240701,16.65,16.55,16.75,16.85,09/01/19
09/01/19,15/03/19,153.29,145,64.96,0.177972603,0.33778,0.024240701,13,12.9,13.1,13.05,09/01/19
09/01/19,15/03/19,153.29,150,64.96,0.177972603,0.3255,0.024240701,9.82,9.74,9.9,9.8,09/01/19
09/01/19,15/03/19,153.29,155,64.96,0.177972603,0.31568,0.024240701,7.175,7.1,7.25,7.15,09/01/19
09/01/19,15/03/19,153.29,160,64.96,0.177972603,0.30389,0.024240701,4.95,4.9,5,5,09/01/19
09/01/19,15/03/19,153.29,165,64.96,0.177972603,0.29609,0.024240701,3.3,3.25,3.35,3.3,09/01/19
09/01/19,15/03/19,153.29,170,64.96,0.177972603,0.28986,0.024240701,2.125,2.1,2.15,2.09,09/01/19
09/01/19,15/03/19,153.29,175,64.96,0.177972603,0.28721,0.024240701,1.335,1.31,1.36,1.35,09/01/19
09/01/19,15/03/19,153.29,180,64.96,0.177972603,0.28547,0.024240701,0.82,0.79,0.85,0.81,09/01/19
09/01/19,15/03/19,153.29,185,64.96,0.177972603,0.28766,0.024240701,0.515,0.5,0.53,0.51,09/01/19
09/01/19,15/03/19,153.29,190,64.96,0.177972603,0.2946,0.024240701,0.355,0.34,0.37,0.36,09/01/19
09/01/19,15/03/19,153.29,195,64.96,0.177972603,0.30339,0.024240701,0.245,0.23,0.26,0.24,09/01/19
09/01/19,15/03/19,153.29,200,64.96,0.177972603,0.30942,0.024240701,0.17,0.16,0.18,0.17,09/01/19
09/01/19,15/03/19,153.29,205,64.96,0.177972603,0.32313,0.024240701,0.145,0.14,0.15,0.14,09/01/19
09/01/19,15/03/19,153.29,210,64.96,0.177972603,0.33381,0.024240701,0.115,0.11,0.12,0.11,09/01/19
09/01/19,15/03/19,153.29,215,64.96,0.177972603,0.34275,0.024240701,0.085,0.08,0.09,0.1,09/01/19
09/01/19,15/03/19,153.29,220,64.96,0.177972603,0.3604,0.024240701,0.09,0.08,0.1,0.09,09/01/19
09/01/19,15/03/19,153.29,225,64.96,0.177972603,0.36655,0.024240701,0.065,0.05,0.08,0.06,09/01/19
09/01/19,15/03/19,153.29,230,64.96,0.177972603,0.38425,0.024240701,0.06,0.05,0.07,0.05,09/01/19
09/01/19,15/03/19,153.29,235,64.96,0.177972603,0.39775,0.024240701,0.06,0.04,0.08,0.03,09/01/19
09/01/19,15/03/19,153.29,240,64.96,0.177972603,0.40624,0.024240701,0.045,0.04,0.05,0.05,09/01/19
09/01/19,15/03/19,153.29,245,64.96,0.177972603,0.42666,0.024240701,0.05,0.04,0.06,0.05,09/01/19
09/01/19,15/03/19,153.29,250,64.96,0.177972603,0.43154,0.024240701,0.045,0.03,0.06,0.04,09/01/19
09/01/19,15/03/19,153.29,255,64.96,0.177972603,0.45216,0.024240701,0.055,0.04,0.07,0.03,09/01/19
09/01/19,15/03/19,153.29,260,64.96,0.177972603,0.45529,0.024240701,0.035,0.01,0.06,0.01,09/01/19
09/01/19,15/03/19,153.29,265,64.96,0.177972603,0.45432,0.024240701,0.025,0,0.05,0.04,09/01/19
09/01/19,15/03/19,153.29,270,64.96,0.177972603,0.46857,0.024240701,0.03,0,0.06,0.08,09/01/19
09/01/19,15/03/19,153.29,275,64.96,0.177972603,0.48177,0.024240701,0.025,0,0.05,0.03,09/01/19
09/01/19,15/03/19,153.29,280,64.96,0.177972603,0.48578,0.024240701,0.02,0.01,0.03,0.03,09/01/19
09/01/19,15/03/19,153.29,285,64.96,0.177972603,0.50746,0.024240701,0.025,0,0.05,0.05,09/01/19
09/01/19,15/03/19,153.29,290,64.96,0.177972603,0.52016,0.024240701,0.03,0,0.06,0.04,09/01/19
09/01/19,15/03/19,153.29,295,64.96,0.177972603,0.53187,0.024240701,0.025,0,0.05,0.07,09/01/19
09/01/19,15/03/19,153.29,300,64.96,0.177972603,0.53391,0.024240701,0.02,0,0.04,0.01,09/01/19
09/01/19,18/04/19,153.29,22.5,98.96,0.271123288,5.61241,0.024559145,130.92,130.59,131.25,130.65,09/01/19
09/01/19,18/04/19,153.29,25,98.96,0.271123288,4.96125,0.024559145,128.45,128.1,128.8,0,09/01/19
09/01/19,18/04/19,153.29,30,98.96,0.271123288,3.97533,0.024559145,123.445,123.09,123.8,0,09/01/19
09/01/19,18/04/19,153.29,35,98.96,0.271123288,3.27243,0.024559145,118.455,118.1,118.81,0,09/01/19
09/01/19,18/04/19,153.29,40,98.96,0.271123288,2.74559,0.024559145,113.455,113.1,113.81,104.79,09/01/19
09/01/19,18/04/19,153.29,45,98.96,0.271123288,2.33594,0.024559145,108.45,108.1,108.8,0,09/01/19
09/01/19,18/04/19,153.29,50,98.96,0.271123288,2.01509,0.024559145,103.505,103.16,103.85,0,09/01/19
09/01/19,18/04/19,153.29,55,98.96,0.271123288,1.7476,0.024559145,98.5,98.16,98.84,153.48,09/01/19
09/01/19,18/04/19,153.29,60,98.96,0.271123288,1.52429,0.024559145,93.505,93.16,93.85,108.12,09/01/19
09/01/19,18/04/19,153.29,65,98.96,0.271123288,1.33569,0.024559145,88.505,88.15,88.86,144.55,09/01/19
09/01/19,18/04/19,153.29,70,98.96,0.271123288,1.17981,0.024559145,83.545,83.19,83.9,0,09/01/19
09/01/19,18/04/19,153.29,75,98.96,0.271123288,1.03976,0.024559145,78.545,78.19,78.9,83.1,09/01/19
09/01/19,18/04/19,153.29,80,98.96,0.271123288,0.92318,0.024559145,73.6,73.25,73.95,0,09/01/19
09/01/19,18/04/19,153.29,85,98.96,0.271123288,0.8175,0.024559145,68.62,68.3,68.94,0,09/01/19
09/01/19,18/04/19,153.29,90,98.96,0.271123288,0.72452,0.024559145,63.655,63.3,64.01,0,09/01/19
09/01/19,18/04/19,153.29,95,98.96,0.271123288,0.64696,0.024559145,58.725,58.4,59.05,124.27,09/01/19
09/01/19,18/04/19,153.29,100,98.96,0.271123288,0.58064,0.024559145,53.83,53.51,54.15,51.75,09/01/19
09/01/19,18/04/19,153.29,105,98.96,0.271123288,0.52631,0.024559145,48.98,48.65,49.31,41.75,09/01/19
09/01/19,18/04/19,153.29,110,98.96,0.271123288,0.48584,0.024559145,44.22,44.05,44.39,44.83,09/01/19
09/01/19,18/04/19,153.29,115,98.96,0.271123288,0.43974,0.024559145,39.375,39.2,39.55,36,09/01/19
09/01/19,18/04/19,153.29,120,98.96,0.271123288,0.41176,0.024559145,34.75,34.6,34.9,35.1,09/01/19
09/01/19,18/04/19,153.29,125,98.96,0.271123288,0.3884,0.024559145,30.255,30.1,30.41,29.1,09/01/19
09/01/19,18/04/19,153.29,130,98.96,0.271123288,0.36808,0.024559145,25.905,25.75,26.06,26.13,09/01/19
09/01/19,18/04/19,153.29,135,98.96,0.271123288,0.35172,0.024559145,21.825,21.7,21.95,22.1,09/01/19
09/01/19,18/04/19,153.29,140,98.96,0.271123288,0.33879,0.024559145,18.025,17.9,18.15,18.65,09/01/19
09/01/19,18/04/19,153.29,145,98.96,0.271123288,0.3268,0.024559145,14.575,14.45,14.7,14.5,09/01/19
09/01/19,18/04/19,153.29,150,98.96,0.271123288,0.3172,0.024559145,11.5,11.4,11.6,11.5,09/01/19
09/01/19,18/04/19,153.29,155,98.96,0.271123288,0.30747,0.024559145,8.825,8.75,8.9,8.9,09/01/19
09/01/19,18/04/19,153.29,160,98.96,0.271123288,0.29854,0.024559145,6.57,6.5,6.64,6.54,09/01/19
09/01/19,18/04/19,153.29,165,98.96,0.271123288,0.29089,0.024559145,4.75,4.7,4.8,4.7,09/01/19
09/01/19,18/04/19,153.29,170,98.96,0.271123288,0.28442,0.024559145,3.355,3.3,3.41,3.35,09/01/19
09/01/19,18/04/19,153.29,175,98.96,0.271123288,0.27985,0.024559145,2.29,2.27,2.31,2.26,09/01/19
09/01/19,18/04/19,153.29,180,98.96,0.271123288,0.27658,0.024559145,1.555,1.53,1.58,1.51,09/01/19
09/01/19,18/04/19,153.29,185,98.96,0.271123288,0.27557,0.024559145,1.045,1.02,1.07,1.06,09/01/19
09/01/19,18/04/19,153.29,190,98.96,0.271123288,0.27581,0.024559145,0.705,0.68,0.73,0.77,09/01/19
09/01/19,18/04/19,153.29,195,98.96,0.271123288,0.28029,0.024559145,0.505,0.49,0.52,0.51,09/01/19
09/01/19,18/04/19,153.29,200,98.96,0.271123288,0.28486,0.024559145,0.375,0.36,0.39,0.38,09/01/19
09/01/19,18/04/19,153.29,205,98.96,0.271123288,0.29074,0.024559145,0.275,0.25,0.3,0.26,09/01/19
09/01/19,18/04/19,153.29,210,98.96,0.271123288,0.29715,0.024559145,0.205,0.2,0.21,0.21,09/01/19
09/01/19,18/04/19,153.29,215,98.96,0.271123288,0.29898,0.024559145,0.145,0.13,0.16,0.15,09/01/19
09/01/19,18/04/19,153.29,220,98.96,0.271123288,0.3079,0.024559145,0.12,0.11,0.13,0.13,09/01/19
09/01/19,18/04/19,153.29,225,98.96,0.271123288,0.32221,0.024559145,0.115,0.1,0.13,0.12,09/01/19
09/01/19,18/04/19,153.29,230,98.96,0.271123288,0.32708,0.024559145,0.09,0.08,0.1,0.09,09/01/19
09/01/19,18/04/19,153.29,235,98.96,0.271123288,0.33913,0.024559145,0.095,0.08,0.11,0.08,09/01/19
09/01/19,18/04/19,153.29,240,98.96,0.271123288,0.35063,0.024559145,0.09,0.07,0.11,0.1,09/01/19
09/01/19,18/04/19,153.29,245,98.96,0.271123288,0.36688,0.024559145,0.08,0.06,0.1,0.07,09/01/19
09/01/19,18/04/19,153.29,250,98.96,0.271123288,0.36547,0.024559145,0.055,0.04,0.07,0.07,09/01/19
09/01/19,18/04/19,153.29,255,98.96,0.271123288,0.37874,0.024559145,0.06,0.05,0.07,0.06,09/01/19
09/01/19,18/04/19,153.29,260,98.96,0.271123288,0.39103,0.024559145,0.065,0.05,0.08,0.07,09/01/19
09/01/19,18/04/19,153.29,265,98.96,0.271123288,0.39928,0.024559145,0.05,0.04,0.06,0.05,09/01/19
09/01/19,18/04/19,153.29,270,98.96,0.271123288,0.40306,0.024559145,0.045,0.03,0.06,0.06,09/01/19
09/01/19,18/04/19,153.29,275,98.96,0.271123288,0.41843,0.024559145,0.045,0.02,0.07,0.06,09/01/19
09/01/19,18/04/19,153.29,280,98.96,0.271123288,0.41478,0.024559145,0.04,0.02,0.06,0.04,09/01/19
09/01/19,18/04/19,153.29,285,98.96,0.271123288,0.43611,0.024559145,0.05,0.03,0.07,0.03,09/01/19
09/01/19,18/04/19,153.29,290,98.96,0.271123288,0.43594,0.024559145,0.035,0.01,0.06,0.02,09/01/19
09/01/19,18/04/19,153.29,295,98.96,0.271123288,0.4519,0.024559145,0.04,0.02,0.06,0.04,09/01/19
09/01/19,18/04/19,153.29,300,98.96,0.271123288,0.456,0.024559145,0.035,0.02,0.05,0.03,09/01/19
09/01/19,18/04/19,153.29,305,98.96,0.271123288,0.46534,0.024559145,0.035,0.01,0.06,0.03,09/01/19
09/01/19,18/04/19,153.29,310,98.96,0.271123288,0.47536,0.024559145,0.035,0.01,0.06,0.09,09/01/19
09/01/19,18/04/19,153.29,315,98.96,0.271123288,0.47792,0.024559145,0.03,0.01,0.05,0.23,09/01/19
09/01/19,18/04/19,153.29,320,98.96,0.271123288,0.47921,0.024559145,0.02,0,0.04,0.05,09/01/19
09/01/19,18/04/19,153.29,325,98.96,0.271123288,0.48775,0.024559145,0.02,0,0.04,0.04,09/01/19
09/01/19,18/04/19,153.29,330,98.96,0.271123288,0.50419,0.024559145,0.03,0.01,0.05,0.02,09/01/19
09/01/19,18/04/19,153.29,335,98.96,0.271123288,0.50438,0.024559145,0.03,0,0.06,0.06,09/01/19
09/01/19,18/04/19,153.29,340,98.96,0.271123288,0.51325,0.024559145,0.025,0,0.05,0.13,09/01/19
09/01/19,18/04/19,153.29,345,98.96,0.271123288,0.52169,0.024559145,0.02,0,0.04,0.03,09/01/19
09/01/19,18/04/19,153.29,350,98.96,0.271123288,0.5293,0.024559145,0.025,0,0.05,0.12,09/01/19
09/01/19,18/04/19,153.29,355,98.96,0.271123288,0.53817,0.024559145,0.025,0,0.05,0.1,09/01/19
09/01/19,18/04/19,153.29,360,98.96,0.271123288,0.54504,0.024559145,0.025,0,0.05,0.06,09/01/19
09/01/19,18/04/19,153.29,365,98.96,0.271123288,0.51385,0.024559145,0.005,0,0.01,0.1,09/01/19
09/01/19,18/04/19,153.29,370,98.96,0.271123288,0.55072,0.024559145,0.02,0,0.04,0.08,09/01/19
09/01/19,18/04/19,153.29,375,98.96,0.271123288,0.55727,0.024559145,0.015,0,0.03,0.04,09/01/19
09/01/19,18/04/19,153.29,380,98.96,0.271123288,0.56477,0.024559145,0.02,0,0.04,0.01,09/01/19
09/01/19,18/04/19,153.29,385,98.96,0.271123288,0.57198,0.024559145,0.02,0,0.04,0.05,09/01/19
09/01/19,18/04/19,153.29,390,98.96,0.271123288,0.57901,0.024559145,0.025,0,0.05,0.17,09/01/19
09/01/19,18/04/19,153.29,395,98.96,0.271123288,0.58666,0.024559145,0.025,0,0.05,0.1,09/01/19
09/01/19,18/04/19,153.29,400,98.96,0.271123288,0.56191,0.024559145,0.005,0,0.01,0.02,09/01/19
09/01/19,18/04/19,153.29,405,98.96,0.271123288,0.59994,0.024559145,0.02,0,0.04,0.02,09/01/19
09/01/19,18/04/19,153.29,410,98.96,0.271123288,0.57388,0.024559145,0.01,0,0.02,0.01,09/01/19
09/01/19,18/04/19,153.29,415,98.96,0.271123288,0.61311,0.024559145,0.02,0,0.04,0,09/01/19
09/01/19,18/04/19,153.29,420,98.96,0.271123288,0.61866,0.024559145,0.015,0,0.03,0.02,09/01/19
09/01/19,18/04/19,153.29,425,98.96,0.271123288,0.59271,0.024559145,0.015,0,0.03,0.04,09/01/19
09/01/19,21/06/19,153.29,80,162.96,0.446465753,0.74066,0.025050104,73.68,73.35,74.01,0,09/01/19
09/01/19,21/06/19,153.29,85,162.96,0.446465753,0.66742,0.025050104,68.8,68.45,69.15,85.79,09/01/19
09/01/19,21/06/19,153.29,90,162.96,0.446465753,0.60231,0.025050104,63.925,63.6,64.25,61.07,09/01/19
09/01/19,21/06/19,153.29,95,162.96,0.446465753,0.5479,0.025050104,59.075,58.75,59.4,56.23,09/01/19
09/01/19,21/06/19,153.29,100,162.96,0.446465753,0.50242,0.025050104,54.275,54.11,54.44,55,09/01/19
09/01/19,21/06/19,153.29,105,162.96,0.446465753,0.47099,0.025050104,49.635,49.46,49.81,49.45,09/01/19
09/01/19,21/06/19,153.29,110,162.96,0.446465753,0.43308,0.025050104,44.845,44.7,44.99,41,09/01/19
09/01/19,21/06/19,153.29,115,162.96,0.446465753,0.4081,0.025050104,40.275,40.09,40.46,40.98,09/01/19
09/01/19,21/06/19,153.29,120,162.96,0.446465753,0.38894,0.025050104,35.875,35.75,36,36.55,09/01/19
09/01/19,21/06/19,153.29,125,162.96,0.446465753,0.37229,0.025050104,31.605,31.46,31.75,32.35,09/01/19
09/01/19,21/06/19,153.29,130,162.96,0.446465753,0.3575,0.025050104,27.525,27.4,27.65,27.59,09/01/19
09/01/19,21/06/19,153.29,135,162.96,0.446465753,0.34485,0.025050104,23.705,23.6,23.81,24.41,09/01/19
09/01/19,21/06/19,153.29,140,162.96,0.446465753,0.33435,0.025050104,20.155,20.05,20.26,20.15,09/01/19
09/01/19,21/06/19,153.29,145,162.96,0.446465753,0.32364,0.025050104,16.875,16.8,16.95,16.8,09/01/19
09/01/19,21/06/19,153.29,150,162.96,0.446465753,0.31544,0.025050104,13.93,13.86,14,13.95,09/01/19
09/01/19,21/06/19,153.29,155,162.96,0.446465753,0.30711,0.025050104,11.32,11.25,11.39,11.25,09/01/19
09/01/19,21/06/19,153.29,160,162.96,0.446465753,0.29989,0.025050104,9.025,8.95,9.1,8.96,09/01/19
09/01/19,21/06/19,153.29,165,162.96,0.446465753,0.29264,0.025050104,7.075,7,7.15,7.35,09/01/19
09/01/19,21/06/19,153.29,170,162.96,0.446465753,0.28741,0.025050104,5.485,5.41,5.56,5.75,09/01/19
09/01/19,21/06/19,153.29,175,162.96,0.446465753,0.28332,0.025050104,4.175,4.1,4.25,4.17,09/01/19
09/01/19,21/06/19,153.29,180,162.96,0.446465753,0.28,0.025050104,3.145,3.09,3.2,3.2,09/01/19
09/01/19,21/06/19,153.29,185,162.96,0.446465753,0.27643,0.025050104,2.345,2.31,2.38,2.35,09/01/19
09/01/19,21/06/19,153.29,190,162.96,0.446465753,0.27549,0.025050104,1.76,1.73,1.79,1.73,09/01/19
09/01/19,21/06/19,153.29,195,162.96,0.446465753,0.27545,0.025050104,1.315,1.28,1.35,1.41,09/01/19
09/01/19,21/06/19,153.29,200,162.96,0.446465753,0.2751,0.025050104,0.985,0.96,1.01,1.07,09/01/19
09/01/19,21/06/19,153.29,205,162.96,0.446465753,0.27702,0.025050104,0.76,0.74,0.78,0.76,09/01/19
09/01/19,21/06/19,153.29,210,162.96,0.446465753,0.28014,0.025050104,0.585,0.56,0.61,0.63,09/01/19
09/01/19,21/06/19,153.29,215,162.96,0.446465753,0.28247,0.025050104,0.46,0.44,0.48,0.47,09/01/19
09/01/19,21/06/19,153.29,220,162.96,0.446465753,0.28814,0.025050104,0.38,0.36,0.4,0.4,09/01/19
09/01/19,21/06/19,153.29,225,162.96,0.446465753,0.29276,0.025050104,0.315,0.3,0.33,0.33,09/01/19
09/01/19,21/06/19,153.29,230,162.96,0.446465753,0.29644,0.025050104,0.255,0.24,0.27,0.26,09/01/19
09/01/19,21/06/19,153.29,235,162.96,0.446465753,0.30434,0.025050104,0.225,0.2,0.25,0.24,09/01/19
09/01/19,21/06/19,153.29,240,162.96,0.446465753,0.31068,0.025050104,0.2,0.17,0.23,0.19,09/01/19
09/01/19,21/06/19,153.29,245,162.96,0.446465753,0.31764,0.025050104,0.185,0.18,0.19,0.16,09/01/19
09/01/19,21/06/19,153.29,250,162.96,0.446465753,0.32725,0.025050104,0.17,0.15,0.19,0.16,09/01/19
09/01/19,21/06/19,153.29,255,162.96,0.446465753,0.33267,0.025050104,0.155,0.12,0.19,0.12,09/01/19
09/01/19,21/06/19,153.29,260,162.96,0.446465753,0.33873,0.025050104,0.145,0.11,0.18,0.1,09/01/19
09/01/19,21/06/19,153.29,265,162.96,0.446465753,0.34572,0.025050104,0.125,0.09,0.16,0.1,09/01/19
09/01/19,21/06/19,153.29,270,162.96,0.446465753,0.35225,0.025050104,0.12,0.1,0.14,0.06,09/01/19
09/01/19,21/06/19,153.29,275,162.96,0.446465753,0.35865,0.025050104,0.11,0.08,0.14,0.08,09/01/19
09/01/19,21/06/19,153.29,280,162.96,0.446465753,0.36375,0.025050104,0.1,0.07,0.13,0.05,09/01/19
09/01/19,21/06/19,153.29,285,162.96,0.446465753,0.37499,0.025050104,0.11,0.09,0.13,0.08,09/01/19
09/01/19,21/06/19,153.29,290,162.96,0.446465753,0.37956,0.025050104,0.1,0.07,0.13,0.14,09/01/19
09/01/19,21/06/19,153.29,295,162.96,0.446465753,0.38779,0.025050104,0.095,0.07,0.12,0.06,09/01/19
09/01/19,21/06/19,153.29,300,162.96,0.446465753,0.39421,0.025050104,0.09,0.06,0.12,0.07,09/01/19
09/01/19,21/06/19,153.29,310,162.96,0.446465753,0.40535,0.025050104,0.08,0.05,0.11,0.05,09/01/19
09/01/19,21/06/19,153.29,320,162.96,0.446465753,0.41742,0.025050104,0.075,0.05,0.1,0.01,09/01/19
09/01/19,21/06/19,153.29,330,162.96,0.446465753,0.42897,0.025050104,0.07,0.04,0.1,0.07,09/01/19
09/01/19,21/06/19,153.29,340,162.96,0.446465753,0.43325,0.025050104,0.055,0.04,0.07,0.05,09/01/19
09/01/19,19/07/19,153.29,80,190.96,0.523178082,0.68597,0.025232449,73.7,73.35,74.05,73.25,09/01/19
09/01/19,19/07/19,153.29,85,190.96,0.523178082,0.61801,0.025232449,68.825,68.5,69.15,67.11,09/01/19
09/01/19,19/07/19,153.29,90,190.96,0.523178082,0.564,0.025232449,64.02,63.69,64.35,62.8,09/01/19
09/01/19,19/07/19,153.29,95,190.96,0.523178082,0.51288,0.025232449,59.175,58.85,59.5,63.1,09/01/19
09/01/19,19/07/19,153.29,100,190.96,0.523178082,0.47325,0.025232449,54.42,54.25,54.59,53.52,09/01/19
09/01/19,19/07/19,153.29,105,190.96,0.523178082,0.44527,0.025232449,49.8,49.65,49.95,53.65,09/01/19
09/01/19,19/07/19,153.29,110,190.96,0.523178082,0.41347,0.025232449,45.1,44.95,45.25,37.5,09/01/19
09/01/19,19/07/19,153.29,115,190.96,0.523178082,0.39142,0.025232449,40.6,40.45,40.75,36.4,09/01/19
09/01/19,19/07/19,153.29,120,190.96,0.523178082,0.37479,0.025232449,36.255,36.1,36.41,36.67,09/01/19
09/01/19,19/07/19,153.29,125,190.96,0.523178082,0.3618,0.025232449,32.125,32,32.25,30.45,09/01/19
09/01/19,19/07/19,153.29,130,190.96,0.523178082,0.34915,0.025232449,28.15,28.01,28.29,28.5,09/01/19
09/01/19,19/07/19,153.29,135,190.96,0.523178082,0.33906,0.025232449,24.425,24.29,24.56,24.9,09/01/19
09/01/19,19/07/19,153.29,140,190.96,0.523178082,0.32889,0.025232449,20.92,20.79,21.05,20.8,09/01/19
09/01/19,19/07/19,153.29,145,190.96,0.523178082,0.31893,0.025232449,17.7,17.6,17.8,17.9,09/01/19
09/01/19,19/07/19,153.29,150,190.96,0.523178082,0.31092,0.025232449,14.795,14.7,14.89,15,09/01/19
09/01/19,19/07/19,153.29,155,190.96,0.523178082,0.30375,0.025232449,12.205,12.1,12.31,12.2,09/01/19
09/01/19,19/07/19,153.29,160,190.96,0.523178082,0.29692,0.025232449,9.92,9.85,9.99,9.95,09/01/19
09/01/19,19/07/19,153.29,165,190.96,0.523178082,0.2905,0.025232449,7.925,7.85,8,7.95,09/01/19
09/01/19,19/07/19,153.29,170,190.96,0.523178082,0.28539,0.025232449,6.265,6.19,6.34,6.23,09/01/19
09/01/19,19/07/19,153.29,175,190.96,0.523178082,0.28124,0.025232449,4.905,4.86,4.95,4.88,09/01/19
09/01/19,19/07/19,153.29,180,190.96,0.523178082,0.2769,0.025232449,3.77,3.7,3.84,3.75,09/01/19
09/01/19,19/07/19,153.29,185,190.96,0.523178082,0.27471,0.025232449,2.905,2.87,2.94,3,09/01/19
09/01/19,19/07/19,153.29,190,190.96,0.523178082,0.27366,0.025232449,2.23,2.2,2.26,2.19,09/01/19
09/01/19,19/07/19,153.29,195,190.96,0.523178082,0.27153,0.025232449,1.705,1.67,1.74,1.68,09/01/19
09/01/19,19/07/19,153.29,200,190.96,0.523178082,0.27139,0.025232449,1.305,1.27,1.34,1.3,09/01/19
09/01/19,19/07/19,153.29,205,190.96,0.523178082,0.27183,0.025232449,1.01,0.99,1.03,1.04,09/01/19
09/01/19,19/07/19,153.29,210,190.96,0.523178082,0.27387,0.025232449,0.785,0.76,0.81,0.81,09/01/19
09/01/19,19/07/19,153.29,215,190.96,0.523178082,0.27583,0.025232449,0.62,0.59,0.65,0.66,09/01/19
09/01/19,19/07/19,153.29,220,190.96,0.523178082,0.27795,0.025232449,0.49,0.47,0.51,0.51,09/01/19
09/01/19,19/07/19,153.29,225,190.96,0.523178082,0.28251,0.025232449,0.41,0.4,0.42,0.42,09/01/19
09/01/19,19/07/19,153.29,230,190.96,0.523178082,0.28664,0.025232449,0.34,0.31,0.37,0.36,09/01/19
09/01/19,19/07/19,153.29,235,190.96,0.523178082,0.29158,0.025232449,0.295,0.26,0.33,0.24,09/01/19
09/01/19,19/07/19,153.29,240,190.96,0.523178082,0.2973,0.025232449,0.25,0.22,0.28,0.21,09/01/19
09/01/19,19/07/19,153.29,245,190.96,0.523178082,0.30293,0.025232449,0.23,0.2,0.26,0.18,09/01/19
09/01/19,19/07/19,153.29,250,190.96,0.523178082,0.30832,0.025232449,0.2,0.17,0.23,0.14,09/01/19
09/01/19,19/07/19,153.29,255,190.96,0.523178082,0.31324,0.025232449,0.175,0.14,0.21,0.31,09/01/19
09/01/19,19/07/19,153.29,260,190.96,0.523178082,0.32082,0.025232449,0.17,0.14,0.2,0.15,09/01/19
09/01/19,19/07/19,153.29,265,190.96,0.523178082,0.32554,0.025232449,0.15,0.11,0.19,0.47,09/01/19
09/01/19,19/07/19,153.29,270,190.96,0.523178082,0.33228,0.025232449,0.135,0.11,0.16,0.1,09/01/19
09/01/19,19/07/19,153.29,275,190.96,0.523178082,0.33887,0.025232449,0.14,0.12,0.16,0.09,09/01/19
09/01/19,19/07/19,153.29,280,190.96,0.523178082,0.34669,0.025232449,0.13,0.1,0.16,0.11,09/01/19
09/01/19,19/07/19,153.29,285,190.96,0.523178082,0.35128,0.025232449,0.125,0.09,0.16,0.13,09/01/19
09/01/19,19/07/19,153.29,290,190.96,0.523178082,0.3538,0.025232449,0.105,0.09,0.12,0.12,09/01/19
09/01/19,17/01/20,153.29,50,373,1.021917808,1.069,0.025893425,103.55,103.05,104.05,104.35,09/01/19
09/01/19,17/01/20,153.29,55,373,1.021917808,0.93244,0.025893425,98.57,98.09,99.05,98.39,09/01/19
09/01/19,17/01/20,153.29,60,373,1.021917808,0.81459,0.025893425,93.545,93.05,94.04,91.36,09/01/19
09/01/19,17/01/20,153.29,65,373,1.021917808,0.72054,0.025893425,88.6,88.1,89.1,103.4,09/01/19
09/01/19,17/01/20,153.29,70,373,1.021917808,0.64254,0.025893425,83.695,83.2,84.19,80,09/01/19
09/01/19,17/01/20,153.29,75,373,1.021917808,0.57882,0.025893425,78.845,78.35,79.34,72.35,09/01/19
09/01/19,17/01/20,153.29,80,373,1.021917808,0.51958,0.025893425,73.93,73.66,74.2,74.9,09/01/19
09/01/19,17/01/20,153.29,85,373,1.021917808,0.48821,0.025893425,69.4,68.9,69.9,70.3,09/01/19
09/01/19,17/01/20,153.29,90,373,1.021917808,0.45576,0.025893425,64.775,64.61,64.94,65.48,09/01/19
09/01/19,17/01/20,153.29,95,373,1.021917808,0.43088,0.025893425,60.255,58,62.51,57.58,09/01/19
09/01/19,17/01/20,153.29,100,373,1.021917808,0.41076,0.025893425,55.805,55.66,55.95,55.75,09/01/19
09/01/19,17/01/20,153.29,105,373,1.021917808,0.39355,0.025893425,51.445,51.3,51.59,51.67,09/01/19
09/01/19,17/01/20,153.29,110,373,1.021917808,0.38012,0.025893425,47.25,47.1,47.4,47.89,09/01/19
09/01/19,17/01/20,153.29,115,373,1.021917808,0.36742,0.025893425,43.145,42.99,43.3,43.15,09/01/19
09/01/19,17/01/20,153.29,120,373,1.021917808,0.35701,0.025893425,39.22,39.1,39.34,39.35,09/01/19
09/01/19,17/01/20,153.29,125,373,1.021917808,0.34824,0.025893425,35.505,35.36,35.65,35.55,09/01/19
09/01/19,17/01/20,153.29,130,373,1.021917808,0.3401,0.025893425,31.95,31.8,32.1,32.05,09/01/19
09/01/19,17/01/20,153.29,135,373,1.021917808,0.33226,0.025893425,28.55,28.4,28.7,28.6,09/01/19
09/01/19,17/01/20,153.29,140,373,1.021917808,0.32525,0.025893425,25.425,25.3,25.55,25.44,09/01/19
09/01/19,17/01/20,153.29,145,373,1.021917808,0.31908,0.025893425,22.505,22.41,22.6,22.35,09/01/19
09/01/19,17/01/20,153.29,150,373,1.021917808,0.31369,0.025893425,19.77,19.69,19.85,19.75,09/01/19
09/01/19,17/01/20,153.29,155,373,1.021917808,0.30695,0.025893425,17.2,17.1,17.3,17.25,09/01/19
09/01/19,17/01/20,153.29,160,373,1.021917808,0.30099,0.025893425,14.875,14.75,15,14.95,09/01/19
09/01/19,17/01/20,153.29,165,373,1.021917808,0.29549,0.025893425,12.825,12.75,12.9,12.8,09/01/19
09/01/19,17/01/20,153.29,170,373,1.021917808,0.29077,0.025893425,10.97,10.9,11.04,11,09/01/19
09/01/19,17/01/20,153.29,175,373,1.021917808,0.28719,0.025893425,9.325,9.25,9.4,9.25,09/01/19
09/01/19,17/01/20,153.29,180,373,1.021917808,0.28216,0.025893425,7.85,7.75,7.95,7.85,09/01/19
09/01/19,17/01/20,153.29,185,373,1.021917808,0.27842,0.025893425,6.6,6.55,6.65,6.53,09/01/19
09/01/19,17/01/20,153.29,190,373,1.021917808,0.27556,0.025893425,5.525,5.45,5.6,5.62,09/01/19
09/01/19,17/01/20,153.29,195,373,1.021917808,0.27246,0.025893425,4.6,4.55,4.65,4.6,09/01/19
09/01/19,17/01/20,153.29,200,373,1.021917808,0.27116,0.025893425,3.85,3.8,3.9,3.8,09/01/19
09/01/19,17/01/20,153.29,205,373,1.021917808,0.26914,0.025893425,3.195,3.14,3.25,3.31,09/01/19
09/01/19,17/01/20,153.29,210,373,1.021917808,0.2682,0.025893425,2.645,2.61,2.68,2.66,09/01/19
09/01/19,17/01/20,153.29,215,373,1.021917808,0.26692,0.025893425,2.21,2.18,2.24,2.28,09/01/19
09/01/19,17/01/20,153.29,220,373,1.021917808,0.26663,0.025893425,1.84,1.81,1.87,1.92,09/01/19
09/01/19,17/01/20,153.29,225,373,1.021917808,0.26642,0.025893425,1.55,1.51,1.59,1.56,09/01/19
09/01/19,17/01/20,153.29,230,373,1.021917808,0.26647,0.025893425,1.3,1.27,1.33,1.3,09/01/19
09/01/19,17/01/20,153.29,235,373,1.021917808,0.26666,0.025893425,1.1,1.07,1.13,1.1,09/01/19
09/01/19,17/01/20,153.29,240,373,1.021917808,0.26848,0.025893425,0.945,0.9,0.99,0.98,09/01/19
09/01/19,17/01/20,153.29,245,373,1.021917808,0.26954,0.025893425,0.805,0.78,0.83,0.81,09/01/19
09/01/19,17/01/20,153.29,250,373,1.021917808,0.27094,0.025893425,0.7,0.68,0.72,0.68,09/01/19
09/01/19,17/01/20,153.29,255,373,1.021917808,0.27182,0.025893425,0.61,0.59,0.63,0.6,09/01/19
09/01/19,17/01/20,153.29,260,373,1.021917808,0.27459,0.025893425,0.53,0.49,0.57,0.52,09/01/19
09/01/19,17/01/20,153.29,270,373,1.021917808,0.27992,0.025893425,0.425,0.4,0.45,0.43,09/01/19
09/01/19,17/01/20,153.29,280,373,1.021917808,0.28496,0.025893425,0.34,0.31,0.37,0.33,09/01/19
09/01/19,17/01/20,153.29,290,373,1.021917808,0.29026,0.025893425,0.295,0.27,0.32,0.28,09/01/19
09/01/19,17/01/20,153.29,300,373,1.021917808,0.29522,0.025893425,0.24,0.23,0.25,0.24,09/01/19
09/01/19,17/01/20,153.29,310,373,1.021917808,0.30667,0.025893425,0.235,0.22,0.25,0.22,09/01/19
09/01/19,17/01/20,153.29,320,373,1.021917808,0.31224,0.025893425,0.21,0.18,0.24,0.19,09/01/19
09/01/19,17/01/20,153.29,330,373,1.021917808,0.31819,0.025893425,0.185,0.15,0.22,0.19,09/01/19
09/01/19,17/01/20,153.29,340,373,1.021917808,0.32643,0.025893425,0.175,0.15,0.2,0.16,09/01/19
09/01/19,19/06/20,153.29,75,526.96,1.443726027,0.50166,0.025766882,78.925,78.35,79.5,0,09/01/19
09/01/19,19/06/20,153.29,80,526.96,1.443726027,0.46477,0.025766882,74.27,73.69,74.85,66.96,09/01/19
09/01/19,19/06/20,153.29,85,526.96,1.443726027,0.43538,0.025766882,69.7,69.49,69.91,59.5,09/01/19
09/01/19,19/06/20,153.29,90,526.96,1.443726027,0.41476,0.025766882,65.3,65.1,65.5,61.89,09/01/19
09/01/19,19/06/20,153.29,95,526.96,1.443726027,0.40063,0.025766882,61.03,60.85,61.21,55.59,09/01/19
09/01/19,19/06/20,153.29,100,526.96,1.443726027,0.38788,0.025766882,56.845,56.64,57.05,55.65,09/01/19
09/01/19,19/06/20,153.29,105,526.96,1.443726027,0.37577,0.025766882,52.745,52.55,52.94,51.3,09/01/19
09/01/19,19/06/20,153.29,110,526.96,1.443726027,0.3681,0.025766882,48.87,48.7,49.04,45.25,09/01/19
09/01/19,19/06/20,153.29,115,526.96,1.443726027,0.35876,0.025766882,45.025,44.85,45.2,38.52,09/01/19
09/01/19,19/06/20,153.29,120,526.96,1.443726027,0.35122,0.025766882,41.38,41.2,41.56,41.4,09/01/19
09/01/19,19/06/20,153.29,125,526.96,1.443726027,0.34436,0.025766882,37.9,37.75,38.05,34.77,09/01/19
09/01/19,19/06/20,153.29,130,526.96,1.443726027,0.33818,0.025766882,34.6,34.45,34.75,35,09/01/19
09/01/19,19/06/20,153.29,135,526.96,1.443726027,0.33279,0.025766882,31.5,31.35,31.65,27.02,09/01/19
09/01/19,19/06/20,153.29,140,526.96,1.443726027,0.32789,0.025766882,28.55,28.4,28.7,29,09/01/19
09/01/19,19/06/20,153.29,145,526.96,1.443726027,0.3224,0.025766882,25.805,25.65,25.96,26.35,09/01/19
09/01/19,19/06/20,153.29,150,526.96,1.443726027,0.31859,0.025766882,23.25,23.1,23.4,23.15,09/01/19
09/01/19,19/06/20,153.29,155,526.96,1.443726027,0.31459,0.025766882,20.875,20.75,21,21.05,09/01/19
09/01/19,19/06/20,153.29,160,526.96,1.443726027,0.30951,0.025766882,18.625,18.5,18.75,19.1,09/01/19
09/01/19,19/06/20,153.29,165,526.96,1.443726027,0.30707,0.025766882,16.63,16.51,16.75,16.7,09/01/19
09/01/19,19/06/20,153.29,170,526.96,1.443726027,0.30332,0.025766882,14.775,14.65,14.9,14.75,09/01/19
09/01/19,19/06/20,153.29,175,526.96,1.443726027,0.30024,0.025766882,13.075,12.95,13.2,13.15,09/01/19
09/01/19,19/06/20,153.29,180,526.96,1.443726027,0.29647,0.025766882,11.55,11.45,11.65,11.83,09/01/19
09/01/19,19/06/20,153.29,185,526.96,1.443726027,0.29489,0.025766882,10.205,10.11,10.3,10.35,09/01/19
09/01/19,19/06/20,153.29,190,526.96,1.443726027,0.29124,0.025766882,8.95,8.85,9.05,9.25,09/01/19
09/01/19,19/06/20,153.29,195,526.96,1.443726027,0.2891,0.025766882,7.845,7.75,7.94,7.8,09/01/19
09/01/19,19/06/20,153.29,200,526.96,1.443726027,0.28712,0.025766882,6.87,6.79,6.95,6.95,09/01/19
09/01/19,19/06/20,153.29,205,526.96,1.443726027,0.28626,0.025766882,6.045,5.94,6.15,6.15,09/01/19
09/01/19,19/06/20,153.29,210,526.96,1.443726027,0.28458,0.025766882,5.27,5.2,5.34,5.3,09/01/19
09/01/19,19/06/20,153.29,215,526.96,1.443726027,0.28303,0.025766882,4.635,4.56,4.71,4.5,09/01/19
09/01/19,19/06/20,153.29,220,526.96,1.443726027,0.28236,0.025766882,4.055,3.95,4.16,4.15,09/01/19
09/01/19,19/06/20,153.29,225,526.96,1.443726027,0.28156,0.025766882,3.55,3.45,3.65,3.69,09/01/19
09/01/19,19/06/20,153.29,230,526.96,1.443726027,0.28079,0.025766882,3.13,3.05,3.21,3.2,09/01/19
09/01/19,19/06/20,153.29,235,526.96,1.443726027,0.28087,0.025766882,2.75,2.69,2.81,2.78,09/01/19
09/01/19,19/06/20,153.29,240,526.96,1.443726027,0.28081,0.025766882,2.435,2.36,2.51,2.5,09/01/19
09/01/19,19/06/20,153.29,245,526.96,1.443726027,0.28095,0.025766882,2.15,2.08,2.22,1.81,09/01/19
09/01/19,19/06/20,153.29,250,526.96,1.443726027,0.28193,0.025766882,1.91,1.84,1.98,2,09/01/19
09/01/19,19/06/20,153.29,260,526.96,1.443726027,0.28256,0.025766882,1.515,1.44,1.59,1.55,09/01/19
09/01/19,19/06/20,153.29,270,526.96,1.443726027,0.28536,0.025766882,1.235,1.17,1.3,1.1,09/01/19
09/01/19,19/06/20,153.29,280,526.96,1.443726027,0.28742,0.025766882,1.01,0.94,1.08,0.95,09/01/19
09/01/19,19/06/20,153.29,290,526.96,1.443726027,0.2898,0.025766882,0.84,0.77,0.91,0.78,09/01/19
09/01/19,19/06/20,153.29,300,526.96,1.443726027,0.29376,0.025766882,0.72,0.65,0.79,0.75,09/01/19
09/01/19,19/06/20,153.29,310,526.96,1.443726027,0.29772,0.025766882,0.615,0.55,0.68,0.62,09/01/19
09/01/19,19/06/20,153.29,320,526.96,1.443726027,0.30189,0.025766882,0.535,0.46,0.61,0.54,09/01/19
09/01/19,19/06/20,153.29,330,526.96,1.443726027,0.30559,0.025766882,0.475,0.4,0.55,0.45,09/01/19
09/01/19,19/06/20,153.29,340,526.96,1.443726027,0.31124,0.025766882,0.43,0.36,0.5,0.46,09/01/19
09/01/19,15/01/21,153.29,80,737,2.019178082,0.41179,0.025596164,74.555,72.1,77.01,76,09/01/19
09/01/19,15/01/21,153.29,85,737,2.019178082,0.39425,0.025596164,70.245,67.99,72.5,72.05,09/01/19
09/01/19,15/01/21,153.29,90,737,2.019178082,0.36298,0.025596164,65.4,63.5,67.3,65.5,09/01/19
09/01/19,15/01/21,153.29,95,737,2.019178082,0.35746,0.025596164,61.455,59.5,63.41,61,09/01/19
09/01/19,15/01/21,153.29,100,737,2.019178082,0.35121,0.025596164,57.525,55.55,59.5,58.5,09/01/19
09/01/19,15/01/21,153.29,105,737,2.019178082,0.37988,0.025596164,55.445,54.5,56.39,51.7,09/01/19
09/01/19,15/01/21,153.29,110,737,2.019178082,0.34728,0.025596164,50.43,48.06,52.8,49.56,09/01/19
09/01/19,15/01/21,153.29,115,737,2.019178082,0.34377,0.025596164,46.995,44.59,49.4,47.75,09/01/19
09/01/19,15/01/21,153.29,120,737,2.019178082,0.34426,0.025596164,43.975,42,45.95,44.5,09/01/19
09/01/19,15/01/21,153.29,125,737,2.019178082,0.34677,0.025596164,41.305,39.6,43.01,41.38,09/01/19
09/01/19,15/01/21,153.29,130,737,2.019178082,0.34886,0.025596164,38.755,37.5,40.01,38.44,09/01/19
09/01/19,15/01/21,153.29,135,737,2.019178082,0.34462,0.025596164,35.9,34.6,37.2,35.8,09/01/19
09/01/19,15/01/21,153.29,140,737,2.019178082,0.33204,0.025596164,32.475,31.85,33.1,32.76,09/01/19
09/01/19,15/01/21,153.29,145,737,2.019178082,0.32998,0.025596164,30.05,29.65,30.45,29.97,09/01/19
09/01/19,15/01/21,153.29,150,737,2.019178082,0.32167,0.025596164,27.25,27,27.5,27.5,09/01/19
09/01/19,15/01/21,153.29,155,737,2.019178082,0.31892,0.025596164,25,24.5,25.5,24.5,09/01/19
09/01/19,15/01/21,153.29,160,737,2.019178082,0.32301,0.025596164,23.5,21.6,25.4,23.6,09/01/19
09/01/19,15/01/21,153.29,165,737,2.019178082,0.32653,0.025596164,22.045,20.5,23.59,21.05,09/01/19
09/01/19,15/01/21,153.29,170,737,2.019178082,0.30453,0.025596164,18.525,17.65,19.4,18.76,09/01/19
09/01/19,15/01/21,153.29,175,737,2.019178082,0.30672,0.025596164,17.225,16.7,17.75,17.3,09/01/19
09/01/19,15/01/21,153.29,180,737,2.019178082,0.30514,0.025596164,15.77,15.35,16.19,16.2,09/01/19
09/01/19,15/01/21,153.29,185,737,2.019178082,0.29645,0.025596164,13.755,11.51,16,14.1,09/01/19
09/01/19,15/01/21,153.29,190,737,2.019178082,0.30241,0.025596164,13.125,12.45,13.8,13.2,09/01/19
09/01/19,15/01/21,153.29,195,737,2.019178082,0.29196,0.025596164,11.175,9,13.35,11.85,09/01/19
09/01/19,15/01/21,153.29,200,737,2.019178082,0.30492,0.025596164,11.24,10.49,11.99,10.58,09/01/19
09/01/19,15/01/21,153.29,205,737,2.019178082,0.29888,0.025596164,9.82,8.99,10.65,9.6,09/01/19
09/01/19,15/01/21,153.29,210,737,2.019178082,0.29875,0.025596164,8.995,8.14,9.85,8.65,09/01/19
09/01/19,15/01/21,153.29,215,737,2.019178082,0.2988,0.025596164,8.255,7.81,8.7,7.5,09/01/19
09/01/19,15/01/21,153.29,220,737,2.019178082,0.29343,0.025596164,7.195,6.79,7.6,7.47,09/01/19
09/01/19,15/01/21,153.29,225,737,2.019178082,0.29198,0.025596164,6.525,6,7.05,6.5,09/01/19
09/01/19,15/01/21,153.29,230,737,2.019178082,0.29311,0.025596164,6,5.75,6.25,5.77,09/01/19
09/01/19,15/01/21,153.29,235,737,2.019178082,0.29281,0.025596164,5.5,4.75,6.25,4.95,09/01/19
09/01/19,15/01/21,153.29,240,737,2.019178082,0.28996,0.025596164,4.85,4.45,5.25,4.71,09/01/19
09/01/19,15/01/21,153.29,245,737,2.019178082,0.29497,0.025596164,4.71,4.16,5.26,4.1,09/01/19
09/01/19,15/01/21,153.29,250,737,2.019178082,0.29035,0.025596164,4.05,3.65,4.45,4.07,09/01/19
09/01/19,15/01/21,153.29,255,737,2.019178082,0.28617,0.025596164,3.51,1.71,5.31,3.25,09/01/19
09/01/19,15/01/21,153.29,260,737,2.019178082,0.30225,0.025596164,3.92,2.94,4.9,3.3,09/01/19
09/01/19,15/01/21,153.29,265,737,2.019178082,0.28601,0.025596164,2.905,1.25,4.56,2.73,09/01/19
09/01/19,15/01/21,153.29,270,737,2.019178082,0.30255,0.025596164,3.335,2.47,4.2,2.57,09/01/19
09/01/19,15/01/21,153.29,280,737,2.019178082,0.29003,0.025596164,2.335,1.02,3.65,2.25,09/01/19
09/01/19,15/01/21,153.29,290,737,2.019178082,0.30384,0.025596164,2.435,1.66,3.21,2.13,09/01/19
09/01/19,15/01/21,153.29,300,737,2.019178082,0.2985,0.025596164,1.895,1.4,2.39,1.88,09/01/19
09/01/19,15/01/21,153.29,310,737,2.019178082,0.29296,0.025596164,1.445,1.19,1.7,1.5,09/01/19
09/01/19,15/01/21,153.29,320,737,2.019178082,0.29599,0.025596164,1.28,1,1.56,1.15,09/01/19
09/01/19,15/01/21,153.29,330,737,2.019178082,0.3144,0.025596164,1.5,1,2,1,09/01/19
09/01/19,15/01/21,153.29,340,737,2.019178082,0.29534,0.025596164,0.895,0.59,1.2,1,09/01/19
09/01/19,15/01/21,153.29,350,737,2.019178082,0.30296,0.025596164,0.88,0.81,0.95,0.9,09/01/19
09/01/19,15/01/21,153.29,360,737,2.019178082,0.31338,0.025596164,0.94,0.31,1.57,0.7,09/01/19
09/01/19,15/01/21,153.29,370,737,2.019178082,0.31573,0.025596164,0.855,0.66,1.05,0.75,09/01/19
09/01/19,15/01/21,153.29,380,737,2.019178082,0.30982,0.025596164,0.635,0.57,0.7,0.64,09/01/19
10/01/19,11/01/19,153.8,147,1,0.002739726,0.00037,0.0242,6.8,6.7,6.9,6.8,10/01/19
10/01/19,11/01/19,153.8,149,1,0.002739726,0.00031,0.0242,4.805,4.7,4.91,4.75,10/01/19
10/01/19,11/01/19,153.8,150,1,0.002739726,0.2583,0.0242,3.895,3.85,3.94,3.8,10/01/19
10/01/19,11/01/19,153.8,152.5,1,0.002739726,0.23782,0.0242,1.815,1.78,1.85,1.82,10/01/19
10/01/19,11/01/19,153.8,155,1,0.002739726,0.22037,0.0242,0.505,0.5,0.51,0.49,10/01/19
10/01/19,11/01/19,153.8,157.5,1,0.002739726,0.22405,0.0242,0.085,0.08,0.09,0.09,10/01/19
10/01/19,11/01/19,153.8,160,1,0.002739726,0.26658,0.0242,0.02,0.01,0.03,0.03,10/01/19
10/01/19,11/01/19,153.8,162.5,1,0.002739726,0.32656,0.0242,0.01,0.01,0.01,0.01,10/01/19
10/01/19,11/01/19,153.8,165,1,0.002739726,0.35756,0.0242,0,0,0,0.01,10/01/19
10/01/19,11/01/19,153.8,167.5,1,0.002739726,0.42468,0.0242,0.005,0,0.01,0.01,10/01/19
10/01/19,11/01/19,153.8,170,1,0.002739726,0.49094,0.0242,0.005,0,0.01,0.01,10/01/19
10/01/19,11/01/19,153.8,172.5,1,0.002739726,0.55408,0.0242,0.005,0,0.01,0.01,10/01/19
10/01/19,11/01/19,153.8,175,1,0.002739726,0.61643,0.0242,0.005,0,0.01,0.01,10/01/19
10/01/19,11/01/19,153.8,177.5,1,0.002739726,0.67687,0.0242,0.005,0,0.01,0.01,10/01/19
10/01/19,11/01/19,153.8,180,1,0.002739726,0.73542,0.0242,0.01,0,0.02,0.01,10/01/19
10/01/19,11/01/19,153.8,182.5,1,0.002739726,0.79314,0.0242,0,0,0,0.01,10/01/19
10/01/19,11/01/19,153.8,185,1,0.002739726,0.85013,0.0242,0.005,0,0.01,0.01,10/01/19
10/01/19,11/01/19,153.8,187.5,1,0.002739726,0.96585,0.0242,0.01,0,0.02,0.01,10/01/19
10/01/19,11/01/19,153.8,190,1,0.002739726,0.96024,0.0242,0.005,0,0.01,0.01,10/01/19
10/01/19,11/01/19,153.8,192.5,1,0.002739726,1.01392,0.0242,0.01,0,0.02,0.02,10/01/19
10/01/19,11/01/19,153.8,195,1,0.002739726,1.13487,0.0242,0.01,0,0.02,0.02,10/01/19
10/01/19,11/01/19,153.8,197.5,1,0.002739726,1.19021,0.0242,0.01,0,0.02,0.01,10/01/19
10/01/19,11/01/19,153.8,200,1,0.002739726,1.1681,0.0242,0.005,0,0.01,0.01,10/01/19
10/01/19,11/01/19,153.8,202.5,1,0.002739726,1.38528,0.0242,0.02,0,0.04,0.03,10/01/19
10/01/19,11/01/19,153.8,205,1,0.002739726,1.2669,0.0242,0.005,0,0.01,0.02,10/01/19
10/01/19,11/01/19,153.8,207.5,1,0.002739726,1.31578,0.0242,0.005,0,0.01,0.02,10/01/19
10/01/19,11/01/19,153.8,210,1,0.002739726,1.36296,0.0242,0.005,0,0.01,0.01,10/01/19
10/01/19,11/01/19,153.8,212.5,1,0.002739726,1.41026,0.0242,0.005,0,0.01,0.07,10/01/19
10/01/19,11/01/19,153.8,215,1,0.002739726,1.65036,0.0242,0.02,0,0.04,0.03,10/01/19
10/01/19,11/01/19,153.8,220,1,0.002739726,1.54622,0.0242,0.005,0,0.01,0.01,10/01/19
10/01/19,11/01/19,153.8,225,1,0.002739726,1.84487,0.0242,0.02,0,0.04,0.12,10/01/19
10/01/19,11/01/19,153.8,230,1,0.002739726,1.7191,0.0242,0.01,0,0.02,0.02,10/01/19
10/01/19,11/01/19,153.8,235,1,0.002739726,1.80178,0.0242,0.005,0,0.01,0.08,10/01/19
10/01/19,11/01/19,153.8,240,1,0.002739726,1.88191,0.0242,0.005,0,0.01,0.01,10/01/19
10/01/19,11/01/19,153.8,245,1,0.002739726,2.20622,0.0242,0.02,0,0.04,0.02,10/01/19
10/01/19,11/01/19,153.8,250,1,0.002739726,2.29139,0.0242,0.02,0,0.04,0.01,10/01/19
10/01/19,18/01/19,153.8,127,8,0.021917808,-0.00011,0.0242,26.805,26.6,27.01,0,10/01/19
10/01/19,18/01/19,153.8,132,8,0.021917808,0.40558,0.0242,21.83,21.61,22.05,22,10/01/19
10/01/19,18/01/19,153.8,133,8,0.021917808,0.38674,0.0242,20.825,20.6,21.05,20.6,10/01/19
10/01/19,18/01/19,153.8,134,8,0.021917808,0.36911,0.0242,19.83,19.61,20.05,15.25,10/01/19
10/01/19,18/01/19,153.8,135,8,0.021917808,0.3532,0.0242,18.83,18.6,19.06,18.68,10/01/19
10/01/19,18/01/19,153.8,136,8,0.021917808,0.39103,0.0242,17.875,17.64,18.11,17.05,10/01/19
10/01/19,18/01/19,153.8,137,8,0.021917808,0.34903,0.0242,16.85,16.6,17.1,14.8,10/01/19
10/01/19,18/01/19,153.8,138,8,0.021917808,0.35073,0.0242,15.875,15.65,16.1,15.35,10/01/19
10/01/19,18/01/19,153.8,139,8,0.021917808,0.40652,0.0242,15.015,14.89,15.14,13.25,10/01/19
10/01/19,18/01/19,153.8,140,8,0.021917808,0.32746,0.0242,13.9,13.8,14,13.95,10/01/19
10/01/19,18/01/19,153.8,141,8,0.021917808,0.33081,0.0242,12.95,12.85,13.05,12.45,10/01/19
10/01/19,18/01/19,153.8,142,8,0.021917808,0.32831,0.0242,11.995,11.9,12.09,11.35,10/01/19
10/01/19,18/01/19,153.8,143,8,0.021917808,0.32853,0.0242,11.075,11,11.15,11.2,10/01/19
10/01/19,18/01/19,153.8,144,8,0.021917808,0.31184,0.0242,10.1,10,10.2,10.35,10/01/19
10/01/19,18/01/19,153.8,145,8,0.021917808,0.33655,0.0242,9.325,9.26,9.39,9.3,10/01/19
10/01/19,18/01/19,153.8,146,8,0.021917808,0.30867,0.0242,8.33,8.26,8.4,8.23,10/01/19
10/01/19,18/01/19,153.8,147,8,0.021917808,0.32278,0.0242,7.575,7.5,7.65,7.5,10/01/19
10/01/19,18/01/19,153.8,148,8,0.021917808,0.29968,0.0242,6.62,6.55,6.69,6.63,10/01/19
10/01/19,18/01/19,153.8,149,8,0.021917808,0.29133,0.0242,5.8,5.75,5.85,5.8,10/01/19
10/01/19,18/01/19,153.8,150,8,0.021917808,0.30342,0.0242,5.18,5.15,5.21,5.08,10/01/19
10/01/19,18/01/19,153.8,152.5,8,0.021917808,0.28991,0.0242,3.475,3.45,3.5,3.35,10/01/19
10/01/19,18/01/19,153.8,155,8,0.021917808,0.27878,0.0242,2.13,2.12,2.14,2.12,10/01/19
10/01/19,18/01/19,153.8,157.5,8,0.021917808,0.26835,0.0242,1.17,1.16,1.18,1.18,10/01/19
10/01/19,18/01/19,153.8,160,8,0.021917808,0.26741,0.0242,0.61,0.6,0.62,0.6,10/01/19
10/01/19,18/01/19,153.8,162.5,8,0.021917808,0.26828,0.0242,0.3,0.29,0.31,1.77,10/01/19
10/01/19,18/01/19,153.8,165,8,0.021917808,0.27864,0.0242,0.16,0.15,0.17,0.17,10/01/19
10/01/19,18/01/19,153.8,167.5,8,0.021917808,0.29973,0.0242,0.1,0.1,0.1,0.1,10/01/19
10/01/19,18/01/19,153.8,170,8,0.021917808,0.32354,0.0242,0.075,0.06,0.09,0.08,10/01/19
10/01/19,18/01/19,153.8,172.5,8,0.021917808,0.33594,0.0242,0.045,0.03,0.06,0.07,10/01/19
10/01/19,18/01/19,153.8,175,8,0.021917808,0.35915,0.0242,0.03,0.02,0.04,0.04,10/01/19
10/01/19,18/01/19,153.8,177.5,8,0.021917808,0.37632,0.0242,0.015,0,0.03,0.05,10/01/19
10/01/19,18/01/19,153.8,180,8,0.021917808,0.40886,0.0242,0.025,0.02,0.03,0.02,10/01/19
10/01/19,18/01/19,153.8,182.5,8,0.021917808,0.42931,0.0242,0.02,0.01,0.03,0.02,10/01/19
10/01/19,18/01/19,153.8,190,8,0.021917808,0.48208,0.0242,0.01,0,0.02,0.01,10/01/19
10/01/19,18/01/19,153.8,195,8,0.021917808,0.53427,0.0242,0.01,0,0.02,0.01,10/01/19
10/01/19,18/01/19,153.8,200,8,0.021917808,0.58569,0.0242,0.015,0,0.03,0.01,10/01/19
10/01/19,18/01/19,153.8,205,8,0.021917808,0.59692,0.0242,0.005,0,0.01,0.01,10/01/19
10/01/19,18/01/19,153.8,210,8,0.021917808,0.64241,0.0242,0.005,0,0.01,0.01,10/01/19
10/01/19,18/01/19,153.8,215,8,0.021917808,0.68543,0.0242,0.01,0,0.02,0.01,10/01/19
10/01/19,18/01/19,153.8,220,8,0.021917808,0.72826,0.0242,0.01,0,0.02,0.01,10/01/19
10/01/19,18/01/19,153.8,225,8,0.021917808,0.76952,0.0242,0.005,0,0.01,0.01,10/01/19
10/01/19,18/01/19,153.8,230,8,0.021917808,0.91319,0.0242,0.02,0,0.04,0.01,10/01/19
10/01/19,18/01/19,153.8,235,8,0.021917808,0.84856,0.0242,0.005,0,0.01,0.01,10/01/19
10/01/19,18/01/19,153.8,240,8,0.021917808,0.88678,0.0242,0.01,0,0.02,0.01,10/01/19
10/01/19,18/01/19,153.8,245,8,0.021917808,0.92443,0.0242,0,0,0,0.01,10/01/19
10/01/19,18/01/19,153.8,250,8,0.021917808,0.96007,0.0242,0.01,0,0.02,0.01,10/01/19
10/01/19,18/01/19,153.8,255,8,0.021917808,0.99578,0.0242,0.005,0,0.01,0.01,10/01/19
10/01/19,18/01/19,153.8,260,8,0.021917808,1.03037,0.0242,0.005,0,0.01,0.01,10/01/19
10/01/19,18/01/19,153.8,265,8,0.021917808,1.06394,0.0242,0.005,0,0.01,0.01,10/01/19
10/01/19,18/01/19,153.8,270,8,0.021917808,1.0971,0.0242,0.005,0,0.01,0.01,10/01/19
10/01/19,18/01/19,153.8,275,8,0.021917808,1.12925,0.0242,0.005,0,0.01,0.01,10/01/19
10/01/19,18/01/19,153.8,280,8,0.021917808,1.16048,0.0242,0.005,0,0.01,0.01,10/01/19
10/01/19,18/01/19,153.8,285,8,0.021917808,1.19157,0.0242,0.005,0,0.01,0.01,10/01/19
10/01/19,18/01/19,153.8,290,8,0.021917808,1.22241,0.0242,0.005,0,0.01,0.01,10/01/19
10/01/19,18/01/19,153.8,295,8,0.021917808,1.2515,0.0242,0.005,0,0.01,0.01,10/01/19
10/01/19,18/01/19,153.8,300,8,0.021917808,1.28057,0.0242,0.005,0,0.01,0.01,10/01/19
10/01/19,18/01/19,153.8,305,8,0.021917808,1.30915,0.0242,0,0,0,0.01,10/01/19
10/01/19,18/01/19,153.8,310,8,0.021917808,1.33819,0.0242,0.005,0,0.01,0.02,10/01/19
10/01/19,18/01/19,153.8,315,8,0.021917808,1.3656,0.0242,0,0,0,0.02,10/01/19
10/01/19,18/01/19,153.8,320,8,0.021917808,1.39228,0.0242,0.005,0,0.01,0.01,10/01/19
10/01/19,18/01/19,153.8,325,8,0.021917808,1.41904,0.0242,0.005,0,0.01,0.01,10/01/19
10/01/19,18/01/19,153.8,330,8,0.021917808,1.44522,0.0242,0.005,0,0.01,0.06,10/01/19
10/01/19,18/01/19,153.8,335,8,0.021917808,1.54839,0.0242,0.015,0,0.03,0.02,10/01/19
10/01/19,18/01/19,153.8,340,8,0.021917808,1.49592,0.0242,0.005,0,0.01,0.01,10/01/19
10/01/19,18/01/19,153.8,345,8,0.021917808,1.52068,0.0242,0.01,0,0.02,0.01,10/01/19
10/01/19,18/01/19,153.8,350,8,0.021917808,1.5451,0.0242,0.01,0,0.02,0.01,10/01/19
10/01/19,18/01/19,153.8,355,8,0.021917808,1.70605,0.0242,0.015,0,0.03,0.02,10/01/19
10/01/19,18/01/19,153.8,360,8,0.021917808,1.59249,0.0242,0.005,0,0.01,0.03,10/01/19
10/01/19,18/01/19,153.8,365,8,0.021917808,1.75596,0.0242,0.015,0,0.03,0.05,10/01/19
10/01/19,18/01/19,153.8,370,8,0.021917808,1.63887,0.0242,0.005,0,0.01,0.01,10/01/19
10/01/19,18/01/19,153.8,375,8,0.021917808,1.66131,0.0242,0.005,0,0.01,0.01,10/01/19
10/01/19,25/01/19,153.8,100,15,0.04109589,0.77449,0.0242,53.82,53.35,54.29,46.26,10/01/19
10/01/19,25/01/19,153.8,105,15,0.04109589,-0.0001,0.0242,48.8,48.4,49.2,52.37,10/01/19
10/01/19,25/01/19,153.8,110,15,0.04109589,0.61634,0.0242,43.825,43.45,44.2,47.43,10/01/19
10/01/19,25/01/19,153.8,115,15,0.04109589,0.61963,0.0242,38.88,38.5,39.26,35.77,10/01/19
10/01/19,25/01/19,153.8,120,15,0.04109589,0.5103,0.0242,33.85,33.45,34.25,28.3,10/01/19
10/01/19,25/01/19,153.8,125,15,0.04109589,0.48031,0.0242,28.9,28.5,29.3,29,10/01/19
10/01/19,25/01/19,153.8,130,15,0.04109589,0.45126,0.0242,24.005,23.65,24.36,24,10/01/19
10/01/19,25/01/19,153.8,132,15,0.04109589,0.40649,0.0242,21.975,21.6,22.35,20.8,10/01/19
10/01/19,25/01/19,153.8,133,15,0.04109589,0.38978,0.0242,20.98,20.61,21.35,17.27,10/01/19
10/01/19,25/01/19,153.8,134,15,0.04109589,0.40002,0.0242,20.05,19.7,20.4,0,10/01/19
10/01/19,25/01/19,153.8,135,15,0.04109589,0.39695,0.0242,19.095,18.95,19.24,16.22,10/01/19
10/01/19,25/01/19,153.8,136,15,0.04109589,0.36445,0.0242,18.045,17.89,18.2,0,10/01/19
10/01/19,25/01/19,153.8,137,15,0.04109589,0.36754,0.0242,17.13,17.01,17.25,14.5,10/01/19
10/01/19,25/01/19,153.8,138,15,0.04109589,0.35561,0.0242,16.15,16,16.3,12.8,10/01/19
10/01/19,25/01/19,153.8,139,15,0.04109589,0.36297,0.0242,15.28,15.11,15.45,11.95,10/01/19
10/01/19,25/01/19,153.8,140,15,0.04109589,0.34816,0.0242,14.305,14.2,14.41,13.18,10/01/19
10/01/19,25/01/19,153.8,141,15,0.04109589,0.33284,0.0242,13.32,13.2,13.44,13.47,10/01/19
10/01/19,25/01/19,153.8,142,15,0.04109589,0.34539,0.0242,12.525,12.4,12.65,11.41,10/01/19
10/01/19,25/01/19,153.8,143,15,0.04109589,0.32766,0.0242,11.55,11.45,11.65,11.1,10/01/19
10/01/19,25/01/19,153.8,144,15,0.04109589,0.3255,0.0242,10.695,10.6,10.79,9.78,10/01/19
10/01/19,25/01/19,153.8,145,15,0.04109589,0.31217,0.0242,9.775,9.65,9.9,9.65,10/01/19
10/01/19,25/01/19,153.8,146,15,0.04109589,0.30579,0.0242,8.93,8.81,9.05,9,10/01/19
10/01/19,25/01/19,153.8,147,15,0.04109589,0.29922,0.0242,8.1,8,8.2,8.03,10/01/19
10/01/19,25/01/19,153.8,148,15,0.04109589,0.29572,0.0242,7.325,7.25,7.4,7.55,10/01/19
10/01/19,25/01/19,153.8,149,15,0.04109589,0.30074,0.0242,6.68,6.61,6.75,6.68,10/01/19
10/01/19,25/01/19,153.8,150,15,0.04109589,0.29072,0.0242,5.9,5.85,5.95,5.9,10/01/19
10/01/19,25/01/19,153.8,152.5,15,0.04109589,0.28284,0.0242,4.3,4.26,4.34,4.3,10/01/19
10/01/19,25/01/19,153.8,155,15,0.04109589,0.27558,0.0242,2.975,2.96,2.99,2.99,10/01/19
10/01/19,25/01/19,153.8,157.5,15,0.04109589,0.26704,0.0242,1.93,1.91,1.95,1.9,10/01/19
10/01/19,25/01/19,153.8,160,15,0.04109589,0.26447,0.0242,1.215,1.2,1.23,1.18,10/01/19
10/01/19,25/01/19,153.8,162.5,15,0.04109589,0.26051,0.0242,0.715,0.69,0.74,0.68,10/01/19
10/01/19,25/01/19,153.8,165,15,0.04109589,0.25918,0.0242,0.4,0.38,0.42,0.39,10/01/19
10/01/19,25/01/19,153.8,167.5,15,0.04109589,0.26439,0.0242,0.235,0.22,0.25,0.24,10/01/19
10/01/19,25/01/19,153.8,170,15,0.04109589,0.26983,0.0242,0.135,0.12,0.15,0.14,10/01/19
10/01/19,25/01/19,153.8,172.5,15,0.04109589,0.27928,0.0242,0.085,0.08,0.09,0.1,10/01/19
10/01/19,25/01/19,153.8,175,15,0.04109589,0.29013,0.0242,0.06,0.05,0.07,0.07,10/01/19
10/01/19,25/01/19,153.8,177.5,15,0.04109589,0.30495,0.0242,0.045,0.02,0.07,0.06,10/01/19
10/01/19,25/01/19,153.8,180,15,0.04109589,0.32523,0.0242,0.04,0.03,0.05,0.04,10/01/19
10/01/19,25/01/19,153.8,182.5,15,0.04109589,0.32167,0.0242,0.02,0,0.04,0.05,10/01/19
10/01/19,25/01/19,153.8,185,15,0.04109589,0.34458,0.0242,0.02,0,0.04,0.06,10/01/19
10/01/19,25/01/19,153.8,187.5,15,0.04109589,0.3551,0.0242,0.015,0,0.03,0.02,10/01/19
10/01/19,25/01/19,153.8,190,15,0.04109589,0.39716,0.0242,0.025,0.02,0.03,0.03,10/01/19
10/01/19,25/01/19,153.8,192.5,15,0.04109589,0.39682,0.0242,0.015,0,0.03,0.02,10/01/19
10/01/19,25/01/19,153.8,195,15,0.04109589,0.4299,0.0242,0.02,0.01,0.03,0.03,10/01/19
10/01/19,25/01/19,153.8,197.5,15,0.04109589,0.43808,0.0242,0.01,0,0.02,0.05,10/01/19
10/01/19,25/01/19,153.8,200,15,0.04109589,0.45608,0.0242,0.015,0,0.03,0.02,10/01/19
10/01/19,25/01/19,153.8,202.5,15,0.04109589,0.45904,0.0242,0.01,0,0.02,0.01,10/01/19
10/01/19,25/01/19,153.8,205,15,0.04109589,0.4759,0.0242,0.01,0,0.02,0.03,10/01/19
10/01/19,25/01/19,153.8,207.5,15,0.04109589,0.51351,0.0242,0.015,0,0.03,0.02,10/01/19
10/01/19,25/01/19,153.8,210,15,0.04109589,0.51222,0.0242,0.015,0,0.03,0.02,10/01/19
10/01/19,25/01/19,153.8,212.5,15,0.04109589,0.54846,0.0242,0.01,0,0.02,0.16,10/01/19
10/01/19,25/01/19,153.8,215,15,0.04109589,0.56685,0.0242,0.02,0,0.04,0.2,10/01/19
10/01/19,25/01/19,153.8,220,15,0.04109589,0.60159,0.0242,0.02,0,0.04,0.01,10/01/19
10/01/19,25/01/19,153.8,225,15,0.04109589,0.63432,0.0242,0.015,0,0.03,0.01,10/01/19
10/01/19,01/02/19,153.8,100,22,0.060273973,0.73337,0.0242,53.87,53.74,54,57,10/01/19
10/01/19,01/02/19,153.8,105,22,0.060273973,0.7413,0.0242,48.98,48.86,49.1,42.15,10/01/19
10/01/19,01/02/19,153.8,110,22,0.060273973,0.67643,0.0242,44.005,43.9,44.11,37.25,10/01/19
10/01/19,01/02/19,153.8,115,22,0.060273973,0.59748,0.0242,39.005,38.91,39.1,41.4,10/01/19
10/01/19,01/02/19,153.8,120,22,0.060273973,0.55196,0.0242,34.075,33.95,34.2,34.36,10/01/19
10/01/19,01/02/19,153.8,125,22,0.060273973,0.49088,0.0242,29.125,29,29.25,29.81,10/01/19
10/01/19,01/02/19,153.8,130,22,0.060273973,0.4694,0.0242,24.375,24.25,24.5,24.05,10/01/19
10/01/19,01/02/19,153.8,132,22,0.060273973,0.45345,0.0242,22.475,22.35,22.6,0,10/01/19
10/01/19,01/02/19,153.8,133,22,0.060273973,0.44931,0.0242,21.55,21.45,21.65,0,10/01/19
10/01/19,01/02/19,153.8,134,22,0.060273973,0.43179,0.0242,20.55,20.45,20.65,19.6,10/01/19
10/01/19,01/02/19,153.8,135,22,0.060273973,0.4326,0.0242,19.68,19.55,19.81,19.74,10/01/19
10/01/19,01/02/19,153.8,136,22,0.060273973,0.4107,0.0242,18.655,18.56,18.75,13.3,10/01/19
10/01/19,01/02/19,153.8,137,22,0.060273973,0.416,0.0242,17.82,17.69,17.95,12.55,10/01/19
10/01/19,01/02/19,153.8,138,22,0.060273973,0.41006,0.0242,16.92,16.8,17.04,12.84,10/01/19
10/01/19,01/02/19,153.8,139,22,0.060273973,0.39944,0.0242,16,15.9,16.1,14.85,10/01/19
10/01/19,01/02/19,153.8,140,22,0.060273973,0.39404,0.0242,15.125,15.05,15.2,14.57,10/01/19
10/01/19,01/02/19,153.8,141,22,0.060273973,0.39411,0.0242,14.325,14.19,14.46,11.85,10/01/19
10/01/19,01/02/19,153.8,142,22,0.060273973,0.38828,0.0242,13.475,13.4,13.55,13.61,10/01/19
10/01/19,01/02/19,153.8,143,22,0.060273973,0.38382,0.0242,12.66,12.56,12.76,12.11,10/01/19
10/01/19,01/02/19,153.8,144,22,0.060273973,0.37965,0.0242,11.855,11.75,11.96,12.33,10/01/19
10/01/19,01/02/19,153.8,145,22,0.060273973,0.37338,0.0242,11.045,10.95,11.14,11,10/01/19
10/01/19,01/02/19,153.8,146,22,0.060273973,0.37587,0.0242,10.375,10.3,10.45,9.9,10/01/19
10/01/19,01/02/19,153.8,147,22,0.060273973,0.36739,0.0242,9.585,9.51,9.66,9.75,10/01/19
10/01/19,01/02/19,153.8,148,22,0.060273973,0.36561,0.0242,8.91,8.81,9.01,8.6,10/01/19
10/01/19,01/02/19,153.8,149,22,0.060273973,0.36135,0.0242,8.195,8.14,8.25,7.75,10/01/19
10/01/19,01/02/19,153.8,150,22,0.060273973,0.36286,0.0242,7.63,7.56,7.7,7.54,10/01/19
10/01/19,01/02/19,153.8,152.5,22,0.060273973,0.35181,0.0242,6.065,5.99,6.14,6,10/01/19
10/01/19,01/02/19,153.8,155,22,0.060273973,0.34121,0.0242,4.705,4.66,4.75,4.65,10/01/19
10/01/19,01/02/19,153.8,157.5,22,0.060273973,0.33531,0.0242,3.57,3.55,3.59,3.6,10/01/19
10/01/19,01/02/19,153.8,160,22,0.060273973,0.3271,0.0242,2.615,2.59,2.64,2.62,10/01/19
10/01/19,01/02/19,153.8,162.5,22,0.060273973,0.32239,0.0242,1.89,1.86,1.92,1.92,10/01/19
10/01/19,01/02/19,153.8,165,22,0.060273973,0.3161,0.0242,1.295,1.26,1.33,1.29,10/01/19
10/01/19,01/02/19,153.8,167.5,22,0.060273973,0.31118,0.0242,0.875,0.85,0.9,0.88,10/01/19
10/01/19,01/02/19,153.8,170,22,0.060273973,0.31205,0.0242,0.61,0.6,0.62,0.6,10/01/19
10/01/19,01/02/19,153.8,172.5,22,0.060273973,0.31175,0.0242,0.4,0.38,0.42,0.38,10/01/19
10/01/19,01/02/19,153.8,175,22,0.060273973,0.31537,0.0242,0.28,0.26,0.3,0.27,10/01/19
10/01/19,01/02/19,153.8,177.5,22,0.060273973,0.32107,0.0242,0.2,0.18,0.22,0.19,10/01/19
10/01/19,01/02/19,153.8,180,22,0.060273973,0.32742,0.0242,0.145,0.12,0.17,0.14,10/01/19
10/01/19,01/02/19,153.8,182.5,22,0.060273973,0.33537,0.0242,0.105,0.08,0.13,0.17,10/01/19
10/01/19,01/02/19,153.8,185,22,0.060273973,0.34114,0.0242,0.075,0.05,0.1,0.09,10/01/19
10/01/19,01/02/19,153.8,187.5,22,0.060273973,0.35938,0.0242,0.08,0.06,0.1,0.08,10/01/19
10/01/19,01/02/19,153.8,190,22,0.060273973,0.37202,0.0242,0.065,0.05,0.08,0.08,10/01/19
10/01/19,01/02/19,153.8,192.5,22,0.060273973,0.38375,0.0242,0.05,0.03,0.07,0.09,10/01/19
10/01/19,01/02/19,153.8,195,22,0.060273973,0.3979,0.0242,0.05,0.04,0.06,0.08,10/01/19
10/01/19,01/02/19,153.8,197.5,22,0.060273973,0.39831,0.0242,0.035,0.01,0.06,0.08,10/01/19
10/01/19,01/02/19,153.8,200,22,0.060273973,0.43922,0.0242,0.055,0.05,0.06,0.06,10/01/19
10/01/19,01/02/19,153.8,202.5,22,0.060273973,0.41804,0.0242,0.02,0,0.04,0.05,10/01/19
10/01/19,01/02/19,153.8,205,22,0.060273973,0.43435,0.0242,0.025,0,0.05,0.06,10/01/19
10/01/19,01/02/19,153.8,207.5,22,0.060273973,0.44078,0.0242,0.02,0,0.04,0.04,10/01/19
10/01/19,08/02/19,153.8,100,29,0.079452055,0.98444,0.0242,53.93,53.8,54.06,0,10/01/19
10/01/19,08/02/19,153.8,105,29,0.079452055,0.88705,0.0242,49.075,48.95,49.2,48.95,10/01/19
10/01/19,08/02/19,153.8,110,29,0.079452055,0.76264,0.0242,44.02,43.9,44.14,35.05,10/01/19
10/01/19,08/02/19,153.8,115,29,0.079452055,0.67248,0.0242,39.095,38.94,39.25,0,10/01/19
10/01/19,08/02/19,153.8,120,29,0.079452055,0.59155,0.0242,34.175,34.05,34.3,32.67,10/01/19
10/01/19,08/02/19,153.8,125,29,0.079452055,0.52382,0.0242,29.3,29.2,29.4,33.14,10/01/19
10/01/19,08/02/19,153.8,130,29,0.079452055,0.45914,0.0242,24.425,24.3,24.55,22.9,10/01/19
10/01/19,08/02/19,153.8,132,29,0.079452055,0.45226,0.0242,22.625,22.5,22.75,0,10/01/19
10/01/19,08/02/19,153.8,133,29,0.079452055,0.4449,0.0242,21.695,21.6,21.79,17.65,10/01/19
10/01/19,08/02/19,153.8,134,29,0.079452055,0.43344,0.0242,20.745,20.65,20.84,0,10/01/19
10/01/19,08/02/19,153.8,135,29,0.079452055,0.42497,0.0242,19.83,19.71,19.95,19.15,10/01/19
10/01/19,08/02/19,153.8,136,29,0.079452055,0.43106,0.0242,19.05,18.95,19.15,19.3,10/01/19
10/01/19,08/02/19,153.8,137,29,0.079452055,0.41848,0.0242,18.095,18,18.19,10.65,10/01/19
10/01/19,08/02/19,153.8,138,29,0.079452055,0.41901,0.0242,17.3,17.2,17.4,12.9,10/01/19
10/01/19,08/02/19,153.8,139,29,0.079452055,0.40481,0.0242,16.355,16.26,16.45,14.43,10/01/19
10/01/19,08/02/19,153.8,140,29,0.079452055,0.40373,0.0242,15.55,15.45,15.65,16.17,10/01/19
10/01/19,08/02/19,153.8,141,29,0.079452055,0.40033,0.0242,14.75,14.65,14.85,9.87,10/01/19
10/01/19,08/02/19,153.8,142,29,0.079452055,0.38906,0.0242,13.85,13.75,13.95,14.24,10/01/19
10/01/19,08/02/19,153.8,143,29,0.079452055,0.39178,0.0242,13.15,13.04,13.26,13.49,10/01/19
10/01/19,08/02/19,153.8,144,29,0.079452055,0.38729,0.0242,12.375,12.3,12.45,12.2,10/01/19
10/01/19,08/02/19,153.8,145,29,0.079452055,0.38299,0.0242,11.62,11.54,11.7,11.75,10/01/19
10/01/19,08/02/19,153.8,146,29,0.079452055,0.37058,0.0242,10.775,10.71,10.84,10.1,10/01/19
10/01/19,08/02/19,153.8,147,29,0.079452055,0.36755,0.0242,10.075,10,10.15,10.25,10/01/19
10/01/19,08/02/19,153.8,148,29,0.079452055,0.36961,0.0242,9.47,9.4,9.54,8.55,10/01/19
10/01/19,08/02/19,153.8,149,29,0.079452055,0.36407,0.0242,8.78,8.71,8.85,7.85,10/01/19
10/01/19,08/02/19,153.8,150,29,0.079452055,0.35989,0.0242,8.13,8.05,8.21,8.1,10/01/19
10/01/19,08/02/19,153.8,152.5,29,0.079452055,0.35051,0.0242,6.625,6.55,6.7,6.7,10/01/19
10/01/19,08/02/19,153.8,155,29,0.079452055,0.34274,0.0242,5.305,5.26,5.35,5.15,10/01/19
10/01/19,08/02/19,153.8,157.5,29,0.079452055,0.33221,0.0242,4.095,4.04,4.15,4.1,10/01/19
10/01/19,08/02/19,153.8,160,29,0.079452055,0.32503,0.0242,3.125,3.1,3.15,3.15,10/01/19
10/01/19,08/02/19,153.8,162.5,29,0.079452055,0.3173,0.0242,2.3,2.28,2.32,2.27,10/01/19
10/01/19,08/02/19,153.8,165,29,0.079452055,0.31202,0.0242,1.675,1.65,1.7,1.7,10/01/19
10/01/19,08/02/19,153.8,167.5,29,0.079452055,0.30915,0.0242,1.2,1.18,1.22,1.18,10/01/19
10/01/19,08/02/19,153.8,170,29,0.079452055,0.30606,0.0242,0.855,0.83,0.88,0.85,10/01/19
10/01/19,08/02/19,153.8,172.5,29,0.079452055,0.30534,0.0242,0.595,0.57,0.62,0.58,10/01/19
10/01/19,08/02/19,153.8,175,29,0.079452055,0.30778,0.0242,0.43,0.42,0.44,0.44,10/01/19
10/01/19,08/02/19,153.8,177.5,29,0.079452055,0.31034,0.0242,0.3,0.28,0.32,0.31,10/01/19
10/01/19,08/02/19,153.8,180,29,0.079452055,0.31414,0.0242,0.23,0.21,0.25,0.2,10/01/19
10/01/19,08/02/19,153.8,182.5,29,0.079452055,0.3209,0.0242,0.175,0.16,0.19,0.17,10/01/19
10/01/19,08/02/19,153.8,185,29,0.079452055,0.32918,0.0242,0.145,0.12,0.17,0.2,10/01/19
10/01/19,08/02/19,153.8,187.5,29,0.079452055,0.33526,0.0242,0.115,0.1,0.13,0.16,10/01/19
10/01/19,08/02/19,153.8,190,29,0.079452055,0.34898,0.0242,0.105,0.08,0.13,0.08,10/01/19
10/01/19,08/02/19,153.8,192.5,29,0.079452055,0.35263,0.0242,0.075,0.05,0.1,0,10/01/19
10/01/19,08/02/19,153.8,195,29,0.079452055,0.36249,0.0242,0.065,0.04,0.09,0.09,10/01/19
10/01/19,08/02/19,153.8,200,29,0.079452055,0.39998,0.0242,0.075,0.07,0.08,0.06,10/01/19
10/01/19,15/02/19,153.8,50,36,0.098630137,3.29529,0.0242,103.825,103.65,104,107.9,10/01/19
10/01/19,15/02/19,153.8,55,36,0.098630137,2.85545,0.0242,98.825,98.65,99,101.75,10/01/19
10/01/19,15/02/19,153.8,60,36,0.098630137,2.50377,0.0242,93.9,93.7,94.1,0,10/01/19
10/01/19,15/02/19,153.8,65,36,0.098630137,2.19315,0.0242,88.895,88.7,89.09,86.9,10/01/19
10/01/19,15/02/19,153.8,70,36,0.098630137,1.91338,0.0242,83.825,83.65,84,81.7,10/01/19
10/01/19,15/02/19,153.8,75,36,0.098630137,1.68308,0.0242,78.83,78.66,79,92.6,10/01/19
10/01/19,15/02/19,153.8,80,36,0.098630137,1.48227,0.0242,73.83,73.65,74.01,0,10/01/19
10/01/19,15/02/19,153.8,85,36,0.098630137,1.31277,0.0242,68.875,68.7,69.05,68.25,10/01/19
10/01/19,15/02/19,153.8,90,36,0.098630137,1.1603,0.0242,63.895,63.75,64.04,63.75,10/01/19
10/01/19,15/02/19,153.8,95,36,0.098630137,1.0232,0.0242,58.93,58.75,59.11,58.66,10/01/19
10/01/19,15/02/19,153.8,100,36,0.098630137,0.9109,0.0242,54,53.8,54.2,53.75,10/01/19
10/01/19,15/02/19,153.8,105,36,0.098630137,0.79208,0.0242,48.98,48.8,49.16,41.05,10/01/19
10/01/19,15/02/19,153.8,110,36,0.098630137,0.69777,0.0242,44.025,43.9,44.15,44.3,10/01/19
10/01/19,15/02/19,153.8,115,36,0.098630137,0.6171,0.0242,39.105,38.96,39.25,39.97,10/01/19
10/01/19,15/02/19,153.8,120,36,0.098630137,0.56821,0.0242,34.325,34.15,34.5,35.08,10/01/19
10/01/19,15/02/19,153.8,125,36,0.098630137,0.48832,0.0242,29.325,29.2,29.45,28.45,10/01/19
10/01/19,15/02/19,153.8,130,36,0.098630137,0.44355,0.0242,24.57,24.45,24.69,24.4,10/01/19
10/01/19,15/02/19,153.8,135,36,0.098630137,0.4141,0.0242,20.05,19.95,20.15,19.42,10/01/19
10/01/19,15/02/19,153.8,140,36,0.098630137,0.39261,0.0242,15.825,15.7,15.95,15.78,10/01/19
10/01/19,15/02/19,153.8,145,36,0.098630137,0.36255,0.0242,11.805,11.71,11.9,11.78,10/01/19
10/01/19,15/02/19,153.8,150,36,0.098630137,0.34587,0.0242,8.43,8.36,8.5,8.4,10/01/19
10/01/19,15/02/19,153.8,155,36,0.098630137,0.33162,0.0242,5.655,5.6,5.71,5.65,10/01/19
10/01/19,15/02/19,153.8,160,36,0.098630137,0.31747,0.0242,3.505,3.46,3.55,3.46,10/01/19
10/01/19,15/02/19,153.8,165,36,0.098630137,0.30795,0.0242,2.04,2.03,2.05,1.99,10/01/19
10/01/19,15/02/19,153.8,170,36,0.098630137,0.29944,0.0242,1.085,1.07,1.1,1.09,10/01/19
10/01/19,15/02/19,153.8,175,36,0.098630137,0.30046,0.0242,0.585,0.57,0.6,0.59,10/01/19
10/01/19,15/02/19,153.8,180,36,0.098630137,0.30518,0.0242,0.325,0.31,0.34,0.34,10/01/19
10/01/19,15/02/19,153.8,185,36,0.098630137,0.31482,0.0242,0.195,0.18,0.21,0.18,10/01/19
10/01/19,15/02/19,153.8,190,36,0.098630137,0.32674,0.0242,0.135,0.13,0.14,0.13,10/01/19
10/01/19,15/02/19,153.8,195,36,0.098630137,0.33787,0.0242,0.08,0.06,0.1,0.09,10/01/19
10/01/19,15/02/19,153.8,200,36,0.098630137,0.35797,0.0242,0.06,0.05,0.07,0.07,10/01/19
10/01/19,15/02/19,153.8,205,36,0.098630137,0.37874,0.0242,0.055,0.04,0.07,0.05,10/01/19
10/01/19,15/02/19,153.8,210,36,0.098630137,0.39561,0.0242,0.045,0.04,0.05,0.04,10/01/19
10/01/19,15/02/19,153.8,215,36,0.098630137,0.40987,0.0242,0.035,0.03,0.04,0.04,10/01/19
10/01/19,15/02/19,153.8,220,36,0.098630137,0.41918,0.0242,0.025,0.02,0.03,0.03,10/01/19
10/01/19,15/02/19,153.8,225,36,0.098630137,0.42067,0.0242,0.01,0.01,0.01,0.03,10/01/19
10/01/19,15/02/19,153.8,230,36,0.098630137,0.44204,0.0242,0.005,0,0.01,0.02,10/01/19
10/01/19,15/02/19,153.8,235,36,0.098630137,0.46313,0.0242,0.01,0,0.02,0.02,10/01/19
10/01/19,15/02/19,153.8,240,36,0.098630137,0.46796,0.0242,0.01,0,0.02,0.02,10/01/19
10/01/19,15/02/19,153.8,245,36,0.098630137,0.48563,0.0242,0.015,0,0.03,0.01,10/01/19
10/01/19,15/02/19,153.8,250,36,0.098630137,0.50572,0.0242,0.015,0,0.03,0.01,10/01/19
10/01/19,15/02/19,153.8,255,36,0.098630137,0.52393,0.0242,0.01,0,0.02,0.02,10/01/19
10/01/19,15/02/19,153.8,260,36,0.098630137,0.54038,0.0242,0.01,0,0.02,0.01,10/01/19
10/01/19,15/02/19,153.8,265,36,0.098630137,0.55683,0.0242,0.005,0,0.01,0.01,10/01/19
10/01/19,15/02/19,153.8,270,36,0.098630137,0.57479,0.0242,0.005,0,0.01,0.03,10/01/19
10/01/19,15/02/19,153.8,275,36,0.098630137,0.59186,0.0242,0.005,0,0.01,0.01,10/01/19
10/01/19,15/02/19,153.8,280,36,0.098630137,0.6099,0.0242,0.005,0,0.01,0.01,10/01/19
10/01/19,15/02/19,153.8,285,36,0.098630137,0.64589,0.0242,0.01,0,0.02,0.04,10/01/19
10/01/19,15/02/19,153.8,290,36,0.098630137,0.66124,0.0242,0.015,0,0.03,0.01,10/01/19
10/01/19,15/02/19,153.8,295,36,0.098630137,0.6204,0.0242,0.005,0,0.01,0.01,10/01/19
10/01/19,15/02/19,153.8,300,36,0.098630137,0.63546,0.0242,0.005,0,0.01,0.01,10/01/19
10/01/19,15/02/19,153.8,310,36,0.098630137,0.69861,0.0242,0.015,0,0.03,0.01,10/01/19
10/01/19,15/02/19,153.8,320,36,0.098630137,0.69035,0.0242,0.005,0,0.01,0.02,10/01/19
10/01/19,22/02/19,153.8,90,43,0.117808219,1.06409,0.0242,63.9,63.7,64.1,0,10/01/19
10/01/19,22/02/19,153.8,95,43,0.117808219,0.92609,0.0242,58.85,58.4,59.3,0,10/01/19
10/01/19,22/02/19,153.8,100,43,0.117808219,0.82673,0.0242,53.95,53.75,54.15,0,10/01/19
10/01/19,22/02/19,153.8,105,43,0.117808219,0.73106,0.0242,49,48.8,49.2,0,10/01/19
10/01/19,22/02/19,153.8,110,43,0.117808219,0.66101,0.0242,44.155,43.96,44.35,35.76,10/01/19
10/01/19,22/02/19,153.8,115,43,0.117808219,0.58287,0.0242,39.2,39,39.4,0,10/01/19
10/01/19,22/02/19,153.8,120,43,0.117808219,0.51125,0.0242,34.25,34.05,34.45,27.63,10/01/19
10/01/19,22/02/19,153.8,125,43,0.117808219,0.45753,0.0242,29.405,29.25,29.56,23.8,10/01/19
10/01/19,22/02/19,153.8,130,43,0.117808219,0.42849,0.0242,24.77,24.59,24.95,24.09,10/01/19
10/01/19,22/02/19,153.8,132,43,0.117808219,0.41568,0.0242,22.945,22.8,23.09,0,10/01/19
10/01/19,22/02/19,153.8,133,43,0.117808219,0.40155,0.0242,21.95,21.8,22.1,0,10/01/19
10/01/19,22/02/19,153.8,134,43,0.117808219,0.40405,0.0242,21.15,21,21.3,0,10/01/19
10/01/19,22/02/19,153.8,135,43,0.117808219,0.3912,0.0242,20.18,20.06,20.3,20.25,10/01/19
10/01/19,22/02/19,153.8,136,43,0.117808219,0.38387,0.0242,19.275,19.14,19.41,19.1,10/01/19
10/01/19,22/02/19,153.8,137,43,0.117808219,0.38305,0.0242,18.475,18.35,18.6,0,10/01/19
10/01/19,22/02/19,153.8,138,43,0.117808219,0.37793,0.0242,17.625,17.5,17.75,0,10/01/19
10/01/19,22/02/19,153.8,139,43,0.117808219,0.37789,0.0242,16.85,16.7,17,0,10/01/19
10/01/19,22/02/19,153.8,140,43,0.117808219,0.36686,0.0242,15.915,15.79,16.04,15.09,10/01/19
10/01/19,22/02/19,153.8,141,43,0.117808219,0.36575,0.0242,15.17,15.05,15.29,9.85,10/01/19
10/01/19,22/02/19,153.8,142,43,0.117808219,0.36759,0.0242,14.475,14.35,14.6,11.85,10/01/19
10/01/19,22/02/19,153.8,143,43,0.117808219,0.35883,0.0242,13.63,13.51,13.75,13.85,10/01/19
10/01/19,22/02/19,153.8,144,43,0.117808219,0.35463,0.0242,12.88,12.75,13.01,13.15,10/01/19
10/01/19,22/02/19,153.8,145,43,0.117808219,0.35034,0.0242,12.135,12.01,12.26,11.41,10/01/19
10/01/19,22/02/19,153.8,146,43,0.117808219,0.34587,0.0242,11.4,11.3,11.5,11.73,10/01/19
10/01/19,22/02/19,153.8,147,43,0.117808219,0.34495,0.0242,10.745,10.65,10.84,9.74,10/01/19
10/01/19,22/02/19,153.8,148,43,0.117808219,0.34184,0.0242,10.075,10,10.15,9.6,10/01/19
10/01/19,22/02/19,153.8,149,43,0.117808219,0.33799,0.0242,9.425,9.34,9.51,8.76,10/01/19
10/01/19,22/02/19,153.8,150,43,0.117808219,0.33437,0.0242,8.775,8.7,8.85,8.75,10/01/19
10/01/19,22/02/19,153.8,152.5,43,0.117808219,0.32773,0.0242,7.33,7.26,7.4,7.3,10/01/19
10/01/19,22/02/19,153.8,155,43,0.117808219,0.31996,0.0242,6,5.95,6.05,6,10/01/19
10/01/19,22/02/19,153.8,157.5,43,0.117808219,0.31588,0.0242,4.875,4.8,4.95,4.62,10/01/19
10/01/19,22/02/19,153.8,160,43,0.117808219,0.31141,0.0242,3.895,3.84,3.95,3.85,10/01/19
10/01/19,22/02/19,153.8,162.5,43,0.117808219,0.30276,0.0242,3,2.94,3.06,2.75,10/01/19
10/01/19,22/02/19,153.8,165,43,0.117808219,0.2996,0.0242,2.32,2.29,2.35,2.27,10/01/19
10/01/19,22/02/19,153.8,167.5,43,0.117808219,0.29431,0.0242,1.73,1.7,1.76,1.71,10/01/19
10/01/19,22/02/19,153.8,170,43,0.117808219,0.29181,0.0242,1.3,1.27,1.33,1.31,10/01/19
10/01/19,22/02/19,153.8,172.5,43,0.117808219,0.29177,0.0242,0.985,0.96,1.01,0.98,10/01/19
10/01/19,22/02/19,153.8,175,43,0.117808219,0.29098,0.0242,0.73,0.7,0.76,0.72,10/01/19
10/01/19,22/02/19,153.8,177.5,43,0.117808219,0.29101,0.0242,0.545,0.52,0.57,0.6,10/01/19
10/01/19,22/02/19,153.8,180,43,0.117808219,0.29379,0.0242,0.405,0.38,0.43,0.4,10/01/19
10/01/19,22/02/19,153.8,182.5,43,0.117808219,0.29592,0.0242,0.305,0.28,0.33,0.32,10/01/19
10/01/19,22/02/19,153.8,185,43,0.117808219,0.29901,0.0242,0.235,0.21,0.26,0.24,10/01/19
10/01/19,22/02/19,153.8,187.5,43,0.117808219,0.30382,0.0242,0.19,0.16,0.22,0.18,10/01/19
10/01/19,22/02/19,153.8,190,43,0.117808219,0.31152,0.0242,0.16,0.14,0.18,0.16,10/01/19
10/01/19,22/02/19,153.8,192.5,43,0.117808219,0.31507,0.0242,0.13,0.09,0.17,0.16,10/01/19
10/01/19,22/02/19,153.8,195,43,0.117808219,0.32167,0.0242,0.095,0.06,0.13,0.15,10/01/19
10/01/19,22/02/19,153.8,200,43,0.117808219,0.33744,0.0242,0.075,0.05,0.1,0.11,10/01/19
10/01/19,01/03/19,153.8,100,50,0.136986301,0.74982,0.0242,53.82,53.35,54.29,0,10/01/19
10/01/19,01/03/19,153.8,105,50,0.136986301,0.70013,0.0242,49.125,48.7,49.55,0,10/01/19
10/01/19,01/03/19,153.8,110,50,0.136986301,0.62303,0.0242,44.2,43.8,44.6,0,10/01/19
10/01/19,01/03/19,153.8,115,50,0.136986301,0.55402,0.0242,39.275,38.9,39.65,0,10/01/19
10/01/19,01/03/19,153.8,120,50,0.136986301,0.49379,0.0242,34.37,34.15,34.59,0,10/01/19
10/01/19,01/03/19,153.8,125,50,0.136986301,0.4422,0.0242,29.525,29.3,29.75,0,10/01/19
10/01/19,01/03/19,153.8,130,50,0.136986301,0.40701,0.0242,24.845,24.64,25.05,0,10/01/19
10/01/19,01/03/19,153.8,135,50,0.136986301,0.38689,0.0242,20.48,20.31,20.65,0,10/01/19
10/01/19,01/03/19,153.8,138,50,0.136986301,0.36888,0.0242,17.87,17.7,18.04,0,10/01/19
10/01/19,01/03/19,153.8,139,50,0.136986301,0.36507,0.0242,17.055,16.91,17.2,0,10/01/19
10/01/19,01/03/19,153.8,140,50,0.136986301,0.36134,0.0242,16.25,16.1,16.4,0,10/01/19
10/01/19,01/03/19,153.8,141,50,0.136986301,0.35829,0.0242,15.475,15.3,15.65,0,10/01/19
10/01/19,01/03/19,153.8,142,50,0.136986301,0.35682,0.0242,14.755,14.61,14.9,0,10/01/19
10/01/19,01/03/19,153.8,143,50,0.136986301,0.35181,0.0242,13.945,13.79,14.1,0,10/01/19
10/01/19,01/03/19,153.8,144,50,0.136986301,0.34779,0.0242,13.2,13.05,13.35,0,10/01/19
10/01/19,01/03/19,153.8,145,50,0.136986301,0.34437,0.0242,12.475,12.35,12.6,11.65,10/01/19
10/01/19,01/03/19,153.8,146,50,0.136986301,0.33969,0.0242,11.75,11.65,11.85,10.95,10/01/19
10/01/19,01/03/19,153.8,147,50,0.136986301,0.341,0.0242,11.15,11.05,11.25,0,10/01/19
10/01/19,01/03/19,153.8,148,50,0.136986301,0.33601,0.0242,10.45,10.35,10.55,0,10/01/19
10/01/19,01/03/19,153.8,149,50,0.136986301,0.33384,0.0242,9.82,9.69,9.95,9.52,10/01/19
10/01/19,01/03/19,153.8,150,50,0.136986301,0.33157,0.0242,9.235,9.11,9.36,8.89,10/01/19
10/01/19,01/03/19,153.8,152.5,50,0.136986301,0.32383,0.0242,7.75,7.65,7.85,7.85,10/01/19
10/01/19,01/03/19,153.8,155,50,0.136986301,0.31583,0.0242,6.405,6.31,6.5,6.45,10/01/19
10/01/19,01/03/19,153.8,157.5,50,0.136986301,0.31096,0.0242,5.25,5.15,5.35,4.82,10/01/19
10/01/19,01/03/19,153.8,160,50,0.136986301,0.30745,0.0242,4.28,4.2,4.36,4.3,10/01/19
10/01/19,01/03/19,153.8,162.5,50,0.136986301,0.30183,0.0242,3.39,3.29,3.49,3.4,10/01/19
10/01/19,01/03/19,153.8,165,50,0.136986301,0.29687,0.0242,2.66,2.6,2.72,2.49,10/01/19
10/01/19,01/03/19,153.8,167.5,50,0.136986301,0.2933,0.0242,2.05,1.98,2.12,0,10/01/19
10/01/19,01/03/19,153.8,170,50,0.136986301,0.29239,0.0242,1.595,1.53,1.66,1.55,10/01/19
10/01/19,01/03/19,153.8,172.5,50,0.136986301,0.28862,0.0242,1.205,1.14,1.27,1.2,10/01/19
10/01/19,01/03/19,153.8,175,50,0.136986301,0.2885,0.0242,0.92,0.86,0.98,0,10/01/19
10/01/19,01/03/19,153.8,177.5,50,0.136986301,0.28749,0.0242,0.695,0.63,0.76,0,10/01/19
10/01/19,01/03/19,153.8,180,50,0.136986301,0.2894,0.0242,0.54,0.48,0.6,0.5,10/01/19
10/01/19,01/03/19,153.8,182.5,50,0.136986301,0.29109,0.0242,0.41,0.35,0.47,0,10/01/19
10/01/19,01/03/19,153.8,185,50,0.136986301,0.29372,0.0242,0.32,0.26,0.38,0,10/01/19
10/01/19,01/03/19,153.8,187.5,50,0.136986301,0.29744,0.0242,0.255,0.19,0.32,0,10/01/19
10/01/19,01/03/19,153.8,190,50,0.136986301,0.30017,0.0242,0.195,0.14,0.25,0,10/01/19
10/01/19,01/03/19,153.8,195,50,0.136986301,0.31193,0.0242,0.13,0.07,0.19,0,10/01/19
10/01/19,01/03/19,153.8,200,50,0.136986301,0.32313,0.0242,0.105,0.05,0.16,0,10/01/19
10/01/19,15/03/19,153.8,75,63.96,0.175232877,1.27227,0.024210279,78.825,78.65,79,0,10/01/19
10/01/19,15/03/19,153.8,80,63.96,0.175232877,1.12753,0.024210279,73.875,73.7,74.05,0,10/01/19
10/01/19,15/03/19,153.8,85,63.96,0.175232877,1.00684,0.024210279,68.975,68.8,69.15,0,10/01/19
10/01/19,15/03/19,153.8,90,63.96,0.175232877,0.89074,0.024210279,64.005,63.8,64.21,53.9,10/01/19
10/01/19,15/03/19,153.8,95,63.96,0.175232877,0.78835,0.024210279,59.03,58.86,59.2,0,10/01/19
10/01/19,15/03/19,153.8,100,63.96,0.175232877,0.69995,0.024210279,54.08,53.91,54.25,54.55,10/01/19
10/01/19,15/03/19,153.8,105,63.96,0.175232877,0.62354,0.024210279,49.145,48.95,49.34,45.02,10/01/19
10/01/19,15/03/19,153.8,110,63.96,0.175232877,0.54281,0.024210279,44.12,43.95,44.29,0,10/01/19
10/01/19,15/03/19,153.8,115,63.96,0.175232877,0.49709,0.024210279,39.32,39.14,39.5,31.52,10/01/19
10/01/19,15/03/19,153.8,120,63.96,0.175232877,0.44282,0.024210279,34.42,34.29,34.55,34.6,10/01/19
10/01/19,15/03/19,153.8,125,63.96,0.175232877,0.40896,0.024210279,29.695,29.6,29.79,28.35,10/01/19
10/01/19,15/03/19,153.8,130,63.96,0.175232877,0.3836,0.024210279,25.145,25.05,25.24,24.6,10/01/19
10/01/19,15/03/19,153.8,135,63.96,0.175232877,0.36377,0.024210279,20.825,20.7,20.95,20.35,10/01/19
10/01/19,15/03/19,153.8,140,63.96,0.175232877,0.35176,0.024210279,16.87,16.79,16.95,16.83,10/01/19
10/01/19,15/03/19,153.8,145,63.96,0.175232877,0.33953,0.024210279,13.275,13.2,13.35,12.92,10/01/19
10/01/19,15/03/19,153.8,150,63.96,0.175232877,0.32441,0.024210279,9.975,9.9,10.05,10,10/01/19
10/01/19,15/03/19,153.8,155,63.96,0.175232877,0.31537,0.024210279,7.3,7.25,7.35,7.34,10/01/19
10/01/19,15/03/19,153.8,160,63.96,0.175232877,0.30548,0.024210279,5.095,5.04,5.15,5,10/01/19
10/01/19,15/03/19,153.8,165,63.96,0.175232877,0.29484,0.024210279,3.36,3.31,3.41,3.35,10/01/19
10/01/19,15/03/19,153.8,170,63.96,0.175232877,0.28831,0.024210279,2.145,2.13,2.16,2.12,10/01/19
10/01/19,15/03/19,153.8,175,63.96,0.175232877,0.28306,0.024210279,1.305,1.28,1.33,1.33,10/01/19
10/01/19,15/03/19,153.8,180,63.96,0.175232877,0.28266,0.024210279,0.8,0.79,0.81,0.8,10/01/19
10/01/19,15/03/19,153.8,185,63.96,0.175232877,0.2855,0.024210279,0.515,0.5,0.53,0.51,10/01/19
10/01/19,15/03/19,153.8,190,63.96,0.175232877,0.28997,0.024210279,0.33,0.32,0.34,0.32,10/01/19
10/01/19,15/03/19,153.8,195,63.96,0.175232877,0.29627,0.024210279,0.22,0.2,0.24,0.22,10/01/19
10/01/19,15/03/19,153.8,200,63.96,0.175232877,0.30447,0.024210279,0.15,0.13,0.17,0.15,10/01/19
10/01/19,15/03/19,153.8,205,63.96,0.175232877,0.30857,0.024210279,0.1,0.07,0.13,0.11,10/01/19
10/01/19,15/03/19,153.8,210,63.96,0.175232877,0.32732,0.024210279,0.09,0.08,0.1,0.1,10/01/19
10/01/19,15/03/19,153.8,215,63.96,0.175232877,0.34013,0.024210279,0.08,0.07,0.09,0.08,10/01/19
10/01/19,15/03/19,153.8,220,63.96,0.175232877,0.35153,0.024210279,0.07,0.05,0.09,0.09,10/01/19
10/01/19,15/03/19,153.8,225,63.96,0.175232877,0.36622,0.024210279,0.055,0.03,0.08,0.06,10/01/19
10/01/19,15/03/19,153.8,230,63.96,0.175232877,0.38097,0.024210279,0.055,0.05,0.06,0.07,10/01/19
10/01/19,15/03/19,153.8,235,63.96,0.175232877,0.39433,0.024210279,0.05,0.03,0.07,0.03,10/01/19
10/01/19,15/03/19,153.8,240,63.96,0.175232877,0.40691,0.024210279,0.04,0.02,0.06,0.05,10/01/19
10/01/19,15/03/19,153.8,245,63.96,0.175232877,0.42237,0.024210279,0.045,0.03,0.06,0.04,10/01/19
10/01/19,15/03/19,153.8,250,63.96,0.175232877,0.4048,0.024210279,0.015,0,0.03,0.04,10/01/19
10/01/19,15/03/19,153.8,255,63.96,0.175232877,0.45356,0.024210279,0.05,0.03,0.07,0.03,10/01/19
10/01/19,15/03/19,153.8,260,63.96,0.175232877,0.45025,0.024210279,0.03,0.01,0.05,0.01,10/01/19
10/01/19,15/03/19,153.8,265,63.96,0.175232877,0.45625,0.024210279,0.025,0,0.05,0.04,10/01/19
10/01/19,15/03/19,153.8,270,63.96,0.175232877,0.43425,0.024210279,0.01,0,0.02,0.02,10/01/19
10/01/19,15/03/19,153.8,275,63.96,0.175232877,0.48341,0.024210279,0.03,0,0.06,0.03,10/01/19
10/01/19,15/03/19,153.8,280,63.96,0.175232877,0.47456,0.024210279,0.02,0.02,0.02,0.03,10/01/19
10/01/19,15/03/19,153.8,285,63.96,0.175232877,0.50923,0.024210279,0.02,0,0.04,0.05,10/01/19
10/01/19,15/03/19,153.8,290,63.96,0.175232877,0.52165,0.024210279,0.02,0,0.04,0.04,10/01/19
10/01/19,15/03/19,153.8,295,63.96,0.175232877,0.53362,0.024210279,0.025,0,0.05,0.07,10/01/19
10/01/19,15/03/19,153.8,300,63.96,0.175232877,0.54677,0.024210279,0.03,0,0.06,0.01,10/01/19
10/01/19,18/04/19,153.8,40,97.96,0.268383562,8.00E-05,0.024358827,113.8,113.6,114,104.79,10/01/19
10/01/19,18/04/19,153.8,45,97.96,0.268383562,-0.00013,0.024358827,108.795,108.6,108.99,0,10/01/19
10/01/19,18/04/19,153.8,50,97.96,0.268383562,-0.00019,0.024358827,103.795,103.6,103.99,0,10/01/19
10/01/19,18/04/19,153.8,55,97.96,0.268383562,0.00038,0.024358827,98.8,98.6,99,153.48,10/01/19
10/01/19,18/04/19,153.8,60,97.96,0.268383562,-0.00038,0.024358827,93.795,93.6,93.99,108.12,10/01/19
10/01/19,18/04/19,153.8,65,97.96,0.268383562,1.33104,0.024358827,88.825,88.65,89,144.55,10/01/19
10/01/19,18/04/19,153.8,70,97.96,0.268383562,1.17394,0.024358827,83.875,83.7,84.05,0,10/01/19
10/01/19,18/04/19,153.8,75,97.96,0.268383562,1.03291,0.024358827,78.875,78.7,79.05,83.1,10/01/19
10/01/19,18/04/19,153.8,80,97.96,0.268383562,0.91563,0.024358827,73.93,73.81,74.05,0,10/01/19
10/01/19,18/04/19,153.8,85,97.96,0.268383562,0.81733,0.024358827,69.025,68.85,69.2,0,10/01/19
10/01/19,18/04/19,153.8,90,97.96,0.268383562,0.72678,0.024358827,64.075,63.9,64.25,0,10/01/19
10/01/19,18/04/19,153.8,95,97.96,0.268383562,0.63556,0.024358827,59.03,58.86,59.2,124.27,10/01/19
10/01/19,18/04/19,153.8,100,97.96,0.268383562,0.5791,0.024358827,54.22,54.04,54.4,52.45,10/01/19
10/01/19,18/04/19,153.8,105,97.96,0.268383562,0.52255,0.024358827,49.34,49.14,49.54,41.75,10/01/19
10/01/19,18/04/19,153.8,110,97.96,0.268383562,0.46661,0.024358827,44.425,44.3,44.55,44.83,10/01/19
10/01/19,18/04/19,153.8,115,97.96,0.268383562,0.43292,0.024358827,39.7,39.55,39.85,36,10/01/19
10/01/19,18/04/19,153.8,120,97.96,0.268383562,0.4032,0.024358827,35.02,34.9,35.14,35.1,10/01/19
10/01/19,18/04/19,153.8,125,97.96,0.268383562,0.38853,0.024358827,30.62,30.5,30.74,29.1,10/01/19
10/01/19,18/04/19,153.8,130,97.96,0.268383562,0.36531,0.024358827,26.2,26.1,26.3,26,10/01/19
10/01/19,18/04/19,153.8,135,97.96,0.268383562,0.35267,0.024358827,22.145,22.05,22.24,22,10/01/19
10/01/19,18/04/19,153.8,140,97.96,0.268383562,0.33957,0.024358827,18.35,18.26,18.44,17.5,10/01/19
10/01/19,18/04/19,153.8,145,97.96,0.268383562,0.32526,0.024358827,14.775,14.7,14.85,14.7,10/01/19
10/01/19,18/04/19,153.8,150,97.96,0.268383562,0.31578,0.024358827,11.67,11.6,11.74,11.68,10/01/19
10/01/19,18/04/19,153.8,155,97.96,0.268383562,0.305,0.024358827,8.945,8.9,8.99,8.97,10/01/19
10/01/19,18/04/19,153.8,160,97.96,0.268383562,0.2987,0.024358827,6.725,6.65,6.8,6.68,10/01/19
10/01/19,18/04/19,153.8,165,97.96,0.268383562,0.29031,0.024358827,4.85,4.8,4.9,4.75,10/01/19
10/01/19,18/04/19,153.8,170,97.96,0.268383562,0.28255,0.024358827,3.37,3.29,3.45,3.36,10/01/19
10/01/19,18/04/19,153.8,175,97.96,0.268383562,0.27784,0.024358827,2.32,2.29,2.35,2.33,10/01/19
10/01/19,18/04/19,153.8,180,97.96,0.268383562,0.27422,0.024358827,1.545,1.52,1.57,1.56,10/01/19
10/01/19,18/04/19,153.8,185,97.96,0.268383562,0.27337,0.024358827,1.035,1,1.07,0.98,10/01/19
10/01/19,18/04/19,153.8,190,97.96,0.268383562,0.27289,0.024358827,0.69,0.66,0.72,0.65,10/01/19
10/01/19,18/04/19,153.8,195,97.96,0.268383562,0.27311,0.024358827,0.465,0.44,0.49,0.44,10/01/19
10/01/19,18/04/19,153.8,200,97.96,0.268383562,0.27722,0.024358827,0.33,0.3,0.36,0.33,10/01/19
10/01/19,18/04/19,153.8,205,97.96,0.268383562,0.28384,0.024358827,0.24,0.21,0.27,0.26,10/01/19
10/01/19,18/04/19,153.8,210,97.96,0.268383562,0.28981,0.024358827,0.185,0.16,0.21,0.19,10/01/19
10/01/19,18/04/19,153.8,215,97.96,0.268383562,0.29958,0.024358827,0.15,0.14,0.16,0.15,10/01/19
10/01/19,18/04/19,153.8,220,97.96,0.268383562,0.30475,0.024358827,0.115,0.09,0.14,0.12,10/01/19
10/01/19,18/04/19,153.8,225,97.96,0.268383562,0.31909,0.024358827,0.105,0.09,0.12,0.12,10/01/19
10/01/19,18/04/19,153.8,230,97.96,0.268383562,0.32456,0.024358827,0.09,0.07,0.11,0.09,10/01/19
10/01/19,18/04/19,153.8,235,97.96,0.268383562,0.33374,0.024358827,0.08,0.06,0.1,0.08,10/01/19
10/01/19,18/04/19,153.8,240,97.96,0.268383562,0.34225,0.024358827,0.065,0.05,0.08,0.07,10/01/19
10/01/19,18/04/19,153.8,245,97.96,0.268383562,0.35637,0.024358827,0.065,0.04,0.09,0.08,10/01/19
10/01/19,18/04/19,153.8,250,97.96,0.268383562,0.37235,0.024358827,0.07,0.05,0.09,0.07,10/01/19
10/01/19,18/04/19,153.8,255,97.96,0.268383562,0.37862,0.024358827,0.06,0.03,0.09,0.06,10/01/19
10/01/19,18/04/19,153.8,260,97.96,0.268383562,0.38779,0.024358827,0.05,0.03,0.07,0.06,10/01/19
10/01/19,18/04/19,153.8,265,97.96,0.268383562,0.39568,0.024358827,0.05,0.03,0.07,0.05,10/01/19
10/01/19,18/04/19,153.8,270,97.96,0.268383562,0.40676,0.024358827,0.05,0.02,0.08,0.06,10/01/19
10/01/19,18/04/19,153.8,275,97.96,0.268383562,0.4182,0.024358827,0.05,0.03,0.07,0.06,10/01/19
10/01/19,18/04/19,153.8,280,97.96,0.268383562,0.42023,0.024358827,0.04,0.03,0.05,0.04,10/01/19
10/01/19,18/04/19,153.8,285,97.96,0.268383562,0.43602,0.024358827,0.045,0.02,0.07,0.03,10/01/19
10/01/19,18/04/19,153.8,290,97.96,0.268383562,0.44141,0.024358827,0.045,0.03,0.06,0.02,10/01/19
10/01/19,18/04/19,153.8,295,97.96,0.268383562,0.45136,0.024358827,0.035,0.02,0.05,0.03,10/01/19
10/01/19,18/04/19,153.8,300,97.96,0.268383562,0.46217,0.024358827,0.04,0.02,0.06,0.03,10/01/19
10/01/19,18/04/19,153.8,305,97.96,0.268383562,0.46579,0.024358827,0.04,0.01,0.07,0.03,10/01/19
10/01/19,18/04/19,153.8,310,97.96,0.268383562,0.46924,0.024358827,0.035,0.01,0.06,0.09,10/01/19
10/01/19,18/04/19,153.8,315,97.96,0.268383562,0.47819,0.024358827,0.03,0.01,0.05,0.23,10/01/19
10/01/19,18/04/19,153.8,320,97.96,0.268383562,0.48752,0.024358827,0.035,0.02,0.05,0.05,10/01/19
10/01/19,18/04/19,153.8,325,97.96,0.268383562,0.49641,0.024358827,0.035,0.01,0.06,0.04,10/01/19
10/01/19,18/04/19,153.8,330,97.96,0.268383562,0.49648,0.024358827,0.025,0,0.05,0.02,10/01/19
10/01/19,18/04/19,153.8,335,97.96,0.268383562,0.5058,0.024358827,0.025,0,0.05,0.06,10/01/19
10/01/19,18/04/19,153.8,340,97.96,0.268383562,0.51435,0.024358827,0.025,0,0.05,0.13,10/01/19
10/01/19,18/04/19,153.8,345,97.96,0.268383562,0.52241,0.024358827,0.02,0,0.04,0.03,10/01/19
10/01/19,18/04/19,153.8,350,97.96,0.268383562,0.53026,0.024358827,0.025,0,0.05,0.12,10/01/19
10/01/19,18/04/19,153.8,355,97.96,0.268383562,0.53833,0.024358827,0.025,0,0.05,0.1,10/01/19
10/01/19,18/04/19,153.8,360,97.96,0.268383562,0.54637,0.024358827,0.02,0,0.04,0.06,10/01/19
10/01/19,18/04/19,153.8,365,97.96,0.268383562,0.54351,0.024358827,0.02,0,0.04,0.1,10/01/19
10/01/19,18/04/19,153.8,370,97.96,0.268383562,0.55158,0.024358827,0.02,0,0.04,0.08,10/01/19
10/01/19,18/04/19,153.8,375,97.96,0.268383562,0.55867,0.024358827,0.025,0,0.05,0.04,10/01/19
10/01/19,18/04/19,153.8,380,97.96,0.268383562,0.56625,0.024358827,0.025,0,0.05,0.01,10/01/19
10/01/19,18/04/19,153.8,385,97.96,0.268383562,0.57318,0.024358827,0.02,0,0.04,0.05,10/01/19
10/01/19,18/04/19,153.8,390,97.96,0.268383562,0.58002,0.024358827,0.02,0,0.04,0.17,10/01/19
10/01/19,18/04/19,153.8,395,97.96,0.268383562,0.58706,0.024358827,0.02,0,0.04,0.1,10/01/19
10/01/19,18/04/19,153.8,400,97.96,0.268383562,0.56297,0.024358827,0.01,0,0.02,0.02,10/01/19
10/01/19,18/04/19,153.8,405,97.96,0.268383562,0.60046,0.024358827,0.02,0,0.04,0.02,10/01/19
10/01/19,18/04/19,153.8,410,97.96,0.268383562,0.59373,0.024358827,0.015,0,0.03,0.01,10/01/19
10/01/19,18/04/19,153.8,415,97.96,0.268383562,0.61422,0.024358827,0.015,0,0.03,0,10/01/19
10/01/19,18/04/19,153.8,420,97.96,0.268383562,0.62047,0.024358827,0.02,0,0.04,0.02,10/01/19
10/01/19,18/04/19,153.8,425,97.96,0.268383562,0.59419,0.024358827,0.01,0,0.02,0.04,10/01/19
10/01/19,21/06/19,153.8,80,161.96,0.443726027,0.74036,0.024919923,74.075,73.9,74.25,0,10/01/19
10/01/19,21/06/19,153.8,85,161.96,0.443726027,0.66425,0.024919923,69.17,69,69.34,85.79,10/01/19
10/01/19,21/06/19,153.8,90,161.96,0.443726027,0.59914,0.024919923,64.3,64.1,64.5,61.07,10/01/19
10/01/19,21/06/19,153.8,95,161.96,0.443726027,0.54659,0.024919923,59.47,59.29,59.65,56.23,10/01/19
10/01/19,21/06/19,153.8,100,161.96,0.443726027,0.50173,0.024919923,54.67,54.49,54.85,54.3,10/01/19
10/01/19,21/06/19,153.8,105,161.96,0.443726027,0.46547,0.024919923,49.95,49.8,50.1,48.25,10/01/19
10/01/19,21/06/19,153.8,110,161.96,0.443726027,0.42828,0.024919923,45.15,45,45.3,41,10/01/19
10/01/19,21/06/19,153.8,115,161.96,0.443726027,0.40524,0.024919923,40.6,40.45,40.75,38.94,10/01/19
10/01/19,21/06/19,153.8,120,161.96,0.443726027,0.38418,0.024919923,36.125,36,36.25,35.02,10/01/19
10/01/19,21/06/19,153.8,125,161.96,0.443726027,0.37095,0.024919923,31.92,31.8,32.04,30.75,10/01/19
10/01/19,21/06/19,153.8,130,161.96,0.443726027,0.35536,0.024919923,27.81,27.71,27.91,27.3,10/01/19
10/01/19,21/06/19,153.8,135,161.96,0.443726027,0.3438,0.024919923,23.97,23.9,24.04,22.5,10/01/19
10/01/19,21/06/19,153.8,140,161.96,0.443726027,0.33206,0.024919923,20.345,20.24,20.45,19.32,10/01/19
10/01/19,21/06/19,153.8,145,161.96,0.443726027,0.32246,0.024919923,17.075,17,17.15,17.1,10/01/19
10/01/19,21/06/19,153.8,150,161.96,0.443726027,0.31681,0.024919923,14.2,14.1,14.3,14.1,10/01/19
10/01/19,21/06/19,153.8,155,161.96,0.443726027,0.30688,0.024919923,11.47,11.4,11.54,11.55,10/01/19
10/01/19,21/06/19,153.8,160,161.96,0.443726027,0.2987,0.024919923,9.15,9.09,9.21,9.1,10/01/19
10/01/19,21/06/19,153.8,165,161.96,0.443726027,0.29241,0.024919923,7.195,7.15,7.24,7.3,10/01/19
10/01/19,21/06/19,153.8,170,161.96,0.443726027,0.2882,0.024919923,5.595,5.55,5.64,5.55,10/01/19
10/01/19,21/06/19,153.8,175,161.96,0.443726027,0.28313,0.024919923,4.25,4.2,4.3,4.3,10/01/19
10/01/19,21/06/19,153.8,180,161.96,0.443726027,0.27846,0.024919923,3.17,3.14,3.2,3.15,10/01/19
10/01/19,21/06/19,153.8,185,161.96,0.443726027,0.27682,0.024919923,2.41,2.38,2.44,2.24,10/01/19
10/01/19,21/06/19,153.8,190,161.96,0.443726027,0.27526,0.024919923,1.8,1.76,1.84,1.8,10/01/19
10/01/19,21/06/19,153.8,195,161.96,0.443726027,0.27424,0.024919923,1.325,1.3,1.35,1.32,10/01/19
10/01/19,21/06/19,153.8,200,161.96,0.443726027,0.27438,0.024919923,1,0.98,1.02,1,10/01/19
10/01/19,21/06/19,153.8,205,161.96,0.443726027,0.27662,0.024919923,0.775,0.75,0.8,0.73,10/01/19
10/01/19,21/06/19,153.8,210,161.96,0.443726027,0.27846,0.024919923,0.585,0.56,0.61,0.62,10/01/19
10/01/19,21/06/19,153.8,215,161.96,0.443726027,0.28136,0.024919923,0.46,0.44,0.48,0.43,10/01/19
10/01/19,21/06/19,153.8,220,161.96,0.443726027,0.28578,0.024919923,0.375,0.35,0.4,0.35,10/01/19
10/01/19,21/06/19,153.8,225,161.96,0.443726027,0.28965,0.024919923,0.295,0.27,0.32,0.3,10/01/19
10/01/19,21/06/19,153.8,230,161.96,0.443726027,0.29404,0.024919923,0.26,0.24,0.28,0.26,10/01/19
10/01/19,21/06/19,153.8,235,161.96,0.443726027,0.30015,0.024919923,0.21,0.19,0.23,0.21,10/01/19
10/01/19,21/06/19,153.8,240,161.96,0.443726027,0.30805,0.024919923,0.195,0.16,0.23,0.19,10/01/19
10/01/19,21/06/19,153.8,245,161.96,0.443726027,0.31504,0.024919923,0.18,0.15,0.21,0.17,10/01/19
10/01/19,21/06/19,153.8,250,161.96,0.443726027,0.32157,0.024919923,0.155,0.13,0.18,0.13,10/01/19
10/01/19,21/06/19,153.8,255,161.96,0.443726027,0.32662,0.024919923,0.135,0.12,0.15,0.15,10/01/19
10/01/19,21/06/19,153.8,260,161.96,0.443726027,0.33873,0.024919923,0.145,0.12,0.17,0.1,10/01/19
10/01/19,21/06/19,153.8,265,161.96,0.443726027,0.34194,0.024919923,0.125,0.09,0.16,0.1,10/01/19
10/01/19,21/06/19,153.8,270,161.96,0.443726027,0.35142,0.024919923,0.115,0.09,0.14,0.11,10/01/19
10/01/19,21/06/19,153.8,275,161.96,0.443726027,0.35768,0.024919923,0.1,0.07,0.13,0.08,10/01/19
10/01/19,21/06/19,153.8,280,161.96,0.443726027,0.36287,0.024919923,0.095,0.06,0.13,0.05,10/01/19
10/01/19,21/06/19,153.8,285,161.96,0.443726027,0.37266,0.024919923,0.105,0.08,0.13,0.08,10/01/19
10/01/19,21/06/19,153.8,290,161.96,0.443726027,0.38129,0.024919923,0.095,0.06,0.13,0.14,10/01/19
10/01/19,21/06/19,153.8,295,161.96,0.443726027,0.38465,0.024919923,0.085,0.05,0.12,0.06,10/01/19
10/01/19,21/06/19,153.8,300,161.96,0.443726027,0.39117,0.024919923,0.085,0.06,0.11,0.07,10/01/19
10/01/19,21/06/19,153.8,310,161.96,0.443726027,0.40406,0.024919923,0.075,0.05,0.1,0.08,10/01/19
10/01/19,21/06/19,153.8,320,161.96,0.443726027,0.41385,0.024919923,0.07,0.04,0.1,0.01,10/01/19
10/01/19,21/06/19,153.8,330,161.96,0.443726027,0.42875,0.024919923,0.065,0.04,0.09,0.07,10/01/19
10/01/19,21/06/19,153.8,340,161.96,0.443726027,0.43285,0.024919923,0.055,0.04,0.07,0.05,10/01/19
10/01/19,19/07/19,153.8,80,189.96,0.520438356,0.67925,0.025132701,74.03,73.85,74.21,73.25,10/01/19
10/01/19,19/07/19,153.8,85,189.96,0.520438356,0.61112,0.025132701,69.155,68.96,69.35,67.11,10/01/19
10/01/19,19/07/19,153.8,90,189.96,0.520438356,0.55857,0.025132701,64.375,64.2,64.55,62.8,10/01/19
10/01/19,19/07/19,153.8,95,189.96,0.520438356,0.51157,0.025132701,59.585,59.41,59.76,63.1,10/01/19
10/01/19,19/07/19,153.8,100,189.96,0.520438356,0.46412,0.025132701,54.695,54.55,54.84,53.52,10/01/19
10/01/19,19/07/19,153.8,105,189.96,0.520438356,0.43527,0.025132701,50.045,49.89,50.2,48.45,10/01/19
10/01/19,19/07/19,153.8,110,189.96,0.520438356,0.40907,0.025132701,45.42,45.29,45.55,37.5,10/01/19
10/01/19,19/07/19,153.8,115,189.96,0.520438356,0.38955,0.025132701,40.945,40.79,41.1,36.4,10/01/19
10/01/19,19/07/19,153.8,120,189.96,0.520438356,0.37651,0.025132701,36.675,36.55,36.8,36.67,10/01/19
10/01/19,19/07/19,153.8,125,189.96,0.520438356,0.35905,0.025132701,32.4,32.3,32.5,31.59,10/01/19
10/01/19,19/07/19,153.8,130,189.96,0.520438356,0.34981,0.025132701,28.49,28.39,28.59,28.24,10/01/19
10/01/19,19/07/19,153.8,135,189.96,0.520438356,0.339,0.025132701,24.745,24.65,24.84,24.9,10/01/19
10/01/19,19/07/19,153.8,140,189.96,0.520438356,0.32888,0.025132701,21.225,21.15,21.3,21.1,10/01/19
10/01/19,19/07/19,153.8,145,189.96,0.520438356,0.31781,0.025132701,17.92,17.85,17.99,18,10/01/19
10/01/19,19/07/19,153.8,150,189.96,0.520438356,0.31265,0.025132701,15.075,15,15.15,15,10/01/19
10/01/19,19/07/19,153.8,155,189.96,0.520438356,0.30529,0.025132701,12.445,12.39,12.5,12.5,10/01/19
10/01/19,19/07/19,153.8,160,189.96,0.520438356,0.29589,0.025132701,10.05,10,10.1,10.15,10/01/19
10/01/19,19/07/19,153.8,165,189.96,0.520438356,0.29042,0.025132701,8.05,8,8.1,8.1,10/01/19
10/01/19,19/07/19,153.8,170,189.96,0.520438356,0.28616,0.025132701,6.405,6.36,6.45,6.08,10/01/19
10/01/19,19/07/19,153.8,175,189.96,0.520438356,0.28082,0.025132701,5,4.95,5.05,4.95,10/01/19
10/01/19,19/07/19,153.8,180,189.96,0.520438356,0.27724,0.025132701,3.85,3.8,3.9,3.85,10/01/19
10/01/19,19/07/19,153.8,185,189.96,0.520438356,0.27556,0.025132701,3,2.95,3.05,3,10/01/19
10/01/19,19/07/19,153.8,190,189.96,0.520438356,0.27209,0.025132701,2.26,2.23,2.29,2.3,10/01/19
10/01/19,19/07/19,153.8,195,189.96,0.520438356,0.27117,0.025132701,1.725,1.7,1.75,1.67,10/01/19
10/01/19,19/07/19,153.8,200,189.96,0.520438356,0.27149,0.025132701,1.325,1.3,1.35,1.32,10/01/19
10/01/19,19/07/19,153.8,205,189.96,0.520438356,0.27149,0.025132701,1.015,0.99,1.04,1.02,10/01/19
10/01/19,19/07/19,153.8,210,189.96,0.520438356,0.27279,0.025132701,0.78,0.76,0.8,0.81,10/01/19
10/01/19,19/07/19,153.8,215,189.96,0.520438356,0.27399,0.025132701,0.615,0.58,0.65,0.59,10/01/19
10/01/19,19/07/19,153.8,220,189.96,0.520438356,0.27652,0.025132701,0.5,0.48,0.52,0.5,10/01/19
10/01/19,19/07/19,153.8,225,189.96,0.520438356,0.28072,0.025132701,0.41,0.38,0.44,0.39,10/01/19
10/01/19,19/07/19,153.8,230,189.96,0.520438356,0.28698,0.025132701,0.36,0.35,0.37,0.33,10/01/19
10/01/19,19/07/19,153.8,235,189.96,0.520438356,0.29002,0.025132701,0.29,0.26,0.32,0.27,10/01/19
10/01/19,19/07/19,153.8,240,189.96,0.520438356,0.29507,0.025132701,0.25,0.22,0.28,0.21,10/01/19
10/01/19,19/07/19,153.8,245,189.96,0.520438356,0.30008,0.025132701,0.215,0.18,0.25,0.18,10/01/19
10/01/19,19/07/19,153.8,250,189.96,0.520438356,0.30721,0.025132701,0.2,0.17,0.23,0.14,10/01/19
10/01/19,19/07/19,153.8,255,189.96,0.520438356,0.31195,0.025132701,0.175,0.14,0.21,0.2,10/01/19
10/01/19,19/07/19,153.8,260,189.96,0.520438356,0.31777,0.025132701,0.16,0.13,0.19,0.15,10/01/19
10/01/19,19/07/19,153.8,265,189.96,0.520438356,0.32493,0.025132701,0.15,0.12,0.18,0.47,10/01/19
10/01/19,19/07/19,153.8,270,189.96,0.520438356,0.33149,0.025132701,0.13,0.1,0.16,0.1,10/01/19
10/01/19,19/07/19,153.8,275,189.96,0.520438356,0.33745,0.025132701,0.13,0.1,0.16,0.14,10/01/19
10/01/19,19/07/19,153.8,280,189.96,0.520438356,0.3424,0.025132701,0.115,0.08,0.15,0.11,10/01/19
10/01/19,19/07/19,153.8,285,189.96,0.520438356,0.34925,0.025132701,0.115,0.09,0.14,0.13,10/01/19
10/01/19,19/07/19,153.8,290,189.96,0.520438356,0.35534,0.025132701,0.11,0.07,0.15,0.1,10/01/19
10/01/19,17/01/20,153.8,50,372,1.019178082,3.00E-05,0.025894247,103.8,103.3,104.3,104.35,10/01/19
10/01/19,17/01/20,153.8,55,372,1.019178082,0.92179,0.025894247,98.83,98.36,99.3,98.39,10/01/19
10/01/19,17/01/20,153.8,60,372,1.019178082,0.8114,0.025894247,93.9,93.45,94.35,91.85,10/01/19
10/01/19,17/01/20,153.8,65,372,1.019178082,0.7188,0.025894247,89.005,88.51,89.5,103.4,10/01/19
10/01/19,17/01/20,153.8,70,372,1.019178082,0.63813,0.025894247,84.055,83.56,84.55,80,10/01/19
10/01/19,17/01/20,153.8,75,372,1.019178082,0.57685,0.025894247,79.25,78.75,79.75,72.35,10/01/19
10/01/19,17/01/20,153.8,80,372,1.019178082,0.51498,0.025894247,74.275,73.95,74.6,74.03,10/01/19
10/01/19,17/01/20,153.8,85,372,1.019178082,0.48596,0.025894247,69.77,69.3,70.24,70.3,10/01/19
10/01/19,17/01/20,153.8,90,372,1.019178082,0.45078,0.025894247,65.07,64.9,65.24,64.5,10/01/19
10/01/19,17/01/20,153.8,95,372,1.019178082,0.42731,0.025894247,60.575,60.4,60.75,57.58,10/01/19
10/01/19,17/01/20,153.8,100,372,1.019178082,0.4076,0.025894247,56.125,56,56.25,55.45,10/01/19
10/01/19,17/01/20,153.8,105,372,1.019178082,0.39095,0.025894247,51.775,51.6,51.95,49.6,10/01/19
10/01/19,17/01/20,153.8,110,372,1.019178082,0.37822,0.025894247,47.575,47.45,47.7,47.8,10/01/19
10/01/19,17/01/20,153.8,115,372,1.019178082,0.36925,0.025894247,43.58,43.45,43.71,43.15,10/01/19
10/01/19,17/01/20,153.8,120,372,1.019178082,0.35922,0.025894247,39.67,39.54,39.8,39.75,10/01/19
10/01/19,17/01/20,153.8,125,372,1.019178082,0.34928,0.025894247,35.9,35.8,36,36.05,10/01/19
10/01/19,17/01/20,153.8,130,372,1.019178082,0.34134,0.025894247,32.33,32.21,32.45,32.45,10/01/19
10/01/19,17/01/20,153.8,135,372,1.019178082,0.33253,0.025894247,28.9,28.8,29,28.95,10/01/19
10/01/19,17/01/20,153.8,140,372,1.019178082,0.32485,0.025894247,25.705,25.61,25.8,25.85,10/01/19
10/01/19,17/01/20,153.8,145,372,1.019178082,0.32028,0.025894247,22.83,22.76,22.9,22.92,10/01/19
10/01/19,17/01/20,153.8,150,372,1.019178082,0.31386,0.025894247,20.055,19.96,20.15,20,10/01/19
10/01/19,17/01/20,153.8,155,372,1.019178082,0.30867,0.025894247,17.55,17.45,17.65,17.5,10/01/19
10/01/19,17/01/20,153.8,160,372,1.019178082,0.30276,0.025894247,15.22,15.14,15.3,15.33,10/01/19
10/01/19,17/01/20,153.8,165,372,1.019178082,0.29698,0.025894247,13.075,13,13.15,12.62,10/01/19
10/01/19,17/01/20,153.8,170,372,1.019178082,0.29258,0.025894247,11.205,11.15,11.26,11.25,10/01/19
10/01/19,17/01/20,153.8,175,372,1.019178082,0.28734,0.025894247,9.525,9.45,9.6,9.6,10/01/19
10/01/19,17/01/20,153.8,180,372,1.019178082,0.28425,0.025894247,8.105,8.06,8.15,8.04,10/01/19
10/01/19,17/01/20,153.8,185,372,1.019178082,0.27965,0.025894247,6.75,6.7,6.8,6.8,10/01/19
10/01/19,17/01/20,153.8,190,372,1.019178082,0.27753,0.025894247,5.705,5.66,5.75,5.6,10/01/19
10/01/19,17/01/20,153.8,195,372,1.019178082,0.2747,0.025894247,4.765,4.69,4.84,4.7,10/01/19
10/01/19,17/01/20,153.8,200,372,1.019178082,0.27293,0.025894247,4,3.95,4.05,4,10/01/19
10/01/19,17/01/20,153.8,205,372,1.019178082,0.27174,0.025894247,3.355,3.31,3.4,3.3,10/01/19
10/01/19,17/01/20,153.8,210,372,1.019178082,0.26978,0.025894247,2.78,2.75,2.81,2.79,10/01/19
10/01/19,17/01/20,153.8,215,372,1.019178082,0.26949,0.025894247,2.33,2.3,2.36,2.2,10/01/19
10/01/19,17/01/20,153.8,220,372,1.019178082,0.26833,0.025894247,1.95,1.93,1.97,1.97,10/01/19
10/01/19,17/01/20,153.8,225,372,1.019178082,0.26948,0.025894247,1.65,1.63,1.67,1.64,10/01/19
10/01/19,17/01/20,153.8,230,372,1.019178082,0.26872,0.025894247,1.395,1.37,1.42,1.4,10/01/19
10/01/19,17/01/20,153.8,235,372,1.019178082,0.26931,0.025894247,1.175,1.16,1.19,1.19,10/01/19
10/01/19,17/01/20,153.8,240,372,1.019178082,0.27053,0.025894247,1.015,0.99,1.04,0.98,10/01/19
10/01/19,17/01/20,153.8,245,372,1.019178082,0.2721,0.025894247,0.88,0.85,0.91,0.78,10/01/19
10/01/19,17/01/20,153.8,250,372,1.019178082,0.27331,0.025894247,0.76,0.74,0.78,0.71,10/01/19
10/01/19,17/01/20,153.8,255,372,1.019178082,0.27464,0.025894247,0.655,0.63,0.68,0.67,10/01/19
10/01/19,17/01/20,153.8,260,372,1.019178082,0.27612,0.025894247,0.575,0.56,0.59,0.53,10/01/19
10/01/19,17/01/20,153.8,270,372,1.019178082,0.28144,0.025894247,0.45,0.43,0.47,0.45,10/01/19
10/01/19,17/01/20,153.8,280,372,1.019178082,0.28736,0.025894247,0.385,0.35,0.42,0.33,10/01/19
10/01/19,17/01/20,153.8,290,372,1.019178082,0.29237,0.025894247,0.315,0.3,0.33,0.3,10/01/19
10/01/19,17/01/20,153.8,300,372,1.019178082,0.29788,0.025894247,0.255,0.25,0.26,0.27,10/01/19
10/01/19,17/01/20,153.8,310,372,1.019178082,0.30645,0.025894247,0.24,0.21,0.27,0.22,10/01/19
10/01/19,17/01/20,153.8,320,372,1.019178082,0.31341,0.025894247,0.22,0.19,0.25,0.2,10/01/19
10/01/19,17/01/20,153.8,330,372,1.019178082,0.32058,0.025894247,0.19,0.15,0.23,0.19,10/01/19
10/01/19,17/01/20,153.8,340,372,1.019178082,0.32352,0.025894247,0.165,0.15,0.18,0.17,10/01/19
10/01/19,19/06/20,153.8,75,525.96,1.440986301,0.50191,0.025767704,79.345,78.75,79.94,0,10/01/19
10/01/19,19/06/20,153.8,80,525.96,1.440986301,0.4634,0.025767704,74.675,74.1,75.25,66.96,10/01/19
10/01/19,19/06/20,153.8,85,525.96,1.440986301,0.43448,0.025767704,70.12,69.89,70.35,59.5,10/01/19
10/01/19,19/06/20,153.8,90,525.96,1.440986301,0.41485,0.025767704,65.705,65.5,65.91,61.89,10/01/19
10/01/19,19/06/20,153.8,95,525.96,1.440986301,0.39878,0.025767704,61.4,61.2,61.6,55.59,10/01/19
10/01/19,19/06/20,153.8,100,525.96,1.440986301,0.38638,0.025767704,57.195,57.04,57.35,55.65,10/01/19
10/01/19,19/06/20,153.8,105,525.96,1.440986301,0.37499,0.025767704,53.1,52.9,53.3,51.3,10/01/19
10/01/19,19/06/20,153.8,110,525.96,1.440986301,0.36724,0.025767704,49.225,49.05,49.4,45.25,10/01/19
10/01/19,19/06/20,153.8,115,525.96,1.440986301,0.35748,0.025767704,45.355,45.2,45.51,38.52,10/01/19
10/01/19,19/06/20,153.8,120,525.96,1.440986301,0.35093,0.025767704,41.72,41.55,41.89,41.85,10/01/19
10/01/19,19/06/20,153.8,125,525.96,1.440986301,0.34427,0.025767704,38.25,38.1,38.4,34.77,10/01/19
10/01/19,19/06/20,153.8,130,525.96,1.440986301,0.33915,0.025767704,34.96,34.81,35.11,35,10/01/19
10/01/19,19/06/20,153.8,135,525.96,1.440986301,0.33378,0.025767704,31.825,31.71,31.94,30.12,10/01/19
10/01/19,19/06/20,153.8,140,525.96,1.440986301,0.32858,0.025767704,28.925,28.8,29.05,27.15,10/01/19
10/01/19,19/06/20,153.8,145,525.96,1.440986301,0.32381,0.025767704,26.125,26,26.25,24.4,10/01/19
10/01/19,19/06/20,153.8,150,525.96,1.440986301,0.31902,0.025767704,23.555,23.46,23.65,23.3,10/01/19
10/01/19,19/06/20,153.8,155,525.96,1.440986301,0.31503,0.025767704,21.175,21.05,21.3,21.07,10/01/19
10/01/19,19/06/20,153.8,160,525.96,1.440986301,0.31101,0.025767704,18.95,18.85,19.05,18.8,10/01/19
10/01/19,19/06/20,153.8,165,525.96,1.440986301,0.30803,0.025767704,16.9,16.8,17,16.67,10/01/19
10/01/19,19/06/20,153.8,170,525.96,1.440986301,0.30444,0.025767704,15.03,14.9,15.16,14.56,10/01/19
10/01/19,19/06/20,153.8,175,525.96,1.440986301,0.30044,0.025767704,13.3,13.2,13.4,12.9,10/01/19
10/01/19,19/06/20,153.8,180,525.96,1.440986301,0.29789,0.025767704,11.805,11.71,11.9,11.45,10/01/19
10/01/19,19/06/20,153.8,185,525.96,1.440986301,0.29557,0.025767704,10.425,10.35,10.5,10.35,10/01/19
10/01/19,19/06/20,153.8,190,525.96,1.440986301,0.29369,0.025767704,9.17,9.1,9.24,8.95,10/01/19
10/01/19,19/06/20,153.8,195,525.96,1.440986301,0.29083,0.025767704,8.08,8,8.16,7.3,10/01/19
10/01/19,19/06/20,153.8,200,525.96,1.440986301,0.28933,0.025767704,7.1,7,7.2,6.8,10/01/19
10/01/19,19/06/20,153.8,205,525.96,1.440986301,0.28764,0.025767704,6.225,6.15,6.3,5.7,10/01/19
10/01/19,19/06/20,153.8,210,525.96,1.440986301,0.28563,0.025767704,5.445,5.34,5.55,5.3,10/01/19
10/01/19,19/06/20,153.8,215,525.96,1.440986301,0.2856,0.025767704,4.805,4.71,4.9,4.63,10/01/19
10/01/19,19/06/20,153.8,220,525.96,1.440986301,0.2839,0.025767704,4.195,4.09,4.3,3.9,10/01/19
10/01/19,19/06/20,153.8,225,525.96,1.440986301,0.28399,0.025767704,3.695,3.6,3.79,3.6,10/01/19
10/01/19,19/06/20,153.8,230,525.96,1.440986301,0.28253,0.025767704,3.255,3.16,3.35,2.99,10/01/19
10/01/19,19/06/20,153.8,235,525.96,1.440986301,0.28342,0.025767704,2.885,2.81,2.96,2.67,10/01/19
10/01/19,19/06/20,153.8,240,525.96,1.440986301,0.28328,0.025767704,2.56,2.48,2.64,2.28,10/01/19
10/01/19,19/06/20,153.8,245,525.96,1.440986301,0.2838,0.025767704,2.265,2.19,2.34,2.26,10/01/19
10/01/19,19/06/20,153.8,250,525.96,1.440986301,0.28404,0.025767704,2.015,1.94,2.09,2,10/01/19
10/01/19,19/06/20,153.8,260,525.96,1.440986301,0.28354,0.025767704,1.575,1.55,1.6,1.6,10/01/19
10/01/19,19/06/20,153.8,270,525.96,1.440986301,0.28723,0.025767704,1.3,1.23,1.37,1.1,10/01/19
10/01/19,19/06/20,153.8,280,525.96,1.440986301,0.28972,0.025767704,1.07,1,1.14,1.03,10/01/19
10/01/19,19/06/20,153.8,290,525.96,1.440986301,0.29219,0.025767704,0.89,0.82,0.96,0.78,10/01/19
10/01/19,19/06/20,153.8,300,525.96,1.440986301,0.29589,0.025767704,0.765,0.7,0.83,0.66,10/01/19
10/01/19,19/06/20,153.8,310,525.96,1.440986301,0.29902,0.025767704,0.65,0.57,0.73,0.62,10/01/19
10/01/19,19/06/20,153.8,320,525.96,1.440986301,0.30393,0.025767704,0.575,0.51,0.64,0.53,10/01/19
10/01/19,19/06/20,153.8,330,525.96,1.440986301,0.30693,0.025767704,0.5,0.44,0.56,0.48,10/01/19
10/01/19,19/06/20,153.8,340,525.96,1.440986301,0.31204,0.025767704,0.445,0.38,0.51,0.48,10/01/19
10/01/19,15/01/21,153.8,75,736,2.016438356,0.43208,0.025596712,79.395,77,81.79,79.25,10/01/19
10/01/19,15/01/21,153.8,80,736,2.016438356,0.40593,0.025596712,74.875,72.55,77.2,76,10/01/19
10/01/19,15/01/21,153.8,85,736,2.016438356,0.39523,0.025596712,70.755,68.5,73.01,72.05,10/01/19
10/01/19,15/01/21,153.8,90,736,2.016438356,0.35743,0.025596712,65.72,63.99,67.45,66.85,10/01/19
10/01/19,15/01/21,153.8,95,736,2.016438356,0.35263,0.025596712,61.755,60,63.51,61,10/01/19
10/01/19,15/01/21,153.8,100,736,2.016438356,0.36396,0.025596712,58.555,57.51,59.6,58.5,10/01/19
10/01/19,15/01/21,153.8,105,736,2.016438356,0.37077,0.025596712,55.45,53.9,57,53.72,10/01/19
10/01/19,15/01/21,153.8,110,736,2.016438356,0.35321,0.025596712,51.205,49,53.41,50.64,10/01/19
10/01/19,15/01/21,153.8,115,736,2.016438356,0.34442,0.025596712,47.5,45.1,49.9,47.75,10/01/19
10/01/19,15/01/21,153.8,120,736,2.016438356,0.34552,0.025596712,44.495,42.99,46,44,10/01/19
10/01/19,15/01/21,153.8,125,736,2.016438356,0.32657,0.025596712,40.325,39,41.65,41,10/01/19
10/01/19,15/01/21,153.8,130,736,2.016438356,0.32661,0.025596712,37.555,36.5,38.61,37.5,10/01/19
10/01/19,15/01/21,153.8,135,736,2.016438356,0.32578,0.025596712,34.825,33,36.65,35.2,10/01/19
10/01/19,15/01/21,153.8,140,736,2.016438356,0.3231,0.025596712,32.15,30.3,34,32.29,10/01/19
10/01/19,15/01/21,153.8,145,736,2.016438356,0.32354,0.025596712,29.89,28.99,30.79,29.83,10/01/19
10/01/19,15/01/21,153.8,150,736,2.016438356,0.32084,0.025596712,27.48,26.66,28.3,27.45,10/01/19
10/01/19,15/01/21,153.8,155,736,2.016438356,0.32508,0.025596712,25.855,24.11,27.6,25.55,10/01/19
10/01/19,15/01/21,153.8,160,736,2.016438356,0.31793,0.025596712,23.35,21.31,25.39,22.73,10/01/19
10/01/19,15/01/21,153.8,165,736,2.016438356,0.30508,0.025596712,20.49,19.24,21.74,20.66,10/01/19
10/01/19,15/01/21,153.8,170,736,2.016438356,0.3024,0.025596712,18.625,17.5,19.75,19.4,10/01/19
10/01/19,15/01/21,153.8,175,736,2.016438356,0.29348,0.025596712,16.43,15.01,17.85,17.3,10/01/19
10/01/19,15/01/21,153.8,180,736,2.016438356,0.3012,0.025596712,15.625,15,16.25,15.94,10/01/19
10/01/19,15/01/21,153.8,185,736,2.016438356,0.29416,0.025596712,13.795,11.99,15.6,14.15,10/01/19
10/01/19,15/01/21,153.8,190,736,2.016438356,0.29094,0.025596712,12.4,11,13.8,12.86,10/01/19
10/01/19,15/01/21,153.8,195,736,2.016438356,0.30261,0.025596712,12.275,10.55,14,11.5,10/01/19
10/01/19,15/01/21,153.8,200,736,2.016438356,0.294,0.025596712,10.6,10.2,11,10.5,10/01/19
10/01/19,15/01/21,153.8,205,736,2.016438356,0.29836,0.025596712,9.975,9.5,10.45,9.21,10/01/19
10/01/19,15/01/21,153.8,210,736,2.016438356,0.2973,0.025596712,9.095,8.15,10.04,8.45,10/01/19
10/01/19,15/01/21,153.8,215,736,2.016438356,0.29872,0.025596712,8.45,6.9,10,7.5,10/01/19
10/01/19,15/01/21,153.8,220,736,2.016438356,0.29207,0.025596712,7.3,6.74,7.86,7.2,10/01/19
10/01/19,15/01/21,153.8,225,736,2.016438356,0.2921,0.025596712,6.645,6.2,7.09,6.45,10/01/19
10/01/19,15/01/21,153.8,230,736,2.016438356,0.28915,0.025596712,5.9,4.41,7.39,5.85,10/01/19
10/01/19,15/01/21,153.8,235,736,2.016438356,0.29185,0.025596712,5.525,5,6.05,5.25,10/01/19
10/01/19,15/01/21,153.8,240,736,2.016438356,0.28347,0.025596712,4.58,3.9,5.26,4.7,10/01/19
10/01/19,15/01/21,153.8,245,736,2.016438356,0.29033,0.025596712,4.55,2.89,6.21,4.1,10/01/19
10/01/19,15/01/21,153.8,250,736,2.016438356,0.2842,0.025596712,3.85,3.7,4,3.82,10/01/19
10/01/19,15/01/21,153.8,255,736,2.016438356,0.29324,0.025596712,3.94,3.09,4.79,3.25,10/01/19
10/01/19,15/01/21,153.8,260,736,2.016438356,0.29724,0.025596712,3.805,2.8,4.81,3.3,10/01/19
10/01/19,15/01/21,153.8,265,736,2.016438356,0.29186,0.025596712,3.24,2.08,4.4,2.73,10/01/19
10/01/19,15/01/21,153.8,270,736,2.016438356,0.28811,0.025596712,2.765,2.19,3.34,2.94,10/01/19
10/01/19,15/01/21,153.8,280,736,2.016438356,0.28829,0.025596712,2.335,1.23,3.44,2.25,10/01/19
10/01/19,15/01/21,153.8,290,736,2.016438356,0.29718,0.025596712,2.255,1.62,2.89,2.13,10/01/19
10/01/19,15/01/21,153.8,300,736,2.016438356,0.29844,0.025596712,1.925,1.4,2.45,1.6,10/01/19
10/01/19,15/01/21,153.8,310,736,2.016438356,0.29199,0.025596712,1.445,1.19,1.7,1.5,10/01/19
10/01/19,15/01/21,153.8,320,736,2.016438356,0.29991,0.025596712,1.405,1,1.81,1.15,10/01/19
10/01/19,15/01/21,153.8,330,736,2.016438356,0.29431,0.025596712,1.075,1,1.15,1.1,10/01/19
10/01/19,15/01/21,153.8,340,736,2.016438356,0.29429,0.025596712,0.885,0.58,1.19,1,10/01/19
10/01/19,15/01/21,153.8,350,736,2.016438356,0.30778,0.025596712,1.005,0.63,1.38,0.9,10/01/19
10/01/19,15/01/21,153.8,360,736,2.016438356,0.30699,0.025596712,0.835,0.4,1.27,0.7,10/01/19
10/01/19,15/01/21,153.8,370,736,2.016438356,0.31751,0.025596712,0.89,0.49,1.29,0.75,10/01/19
10/01/19,15/01/21,153.8,380,736,2.016438356,0.31024,0.025596712,0.67,0.63,0.71,0.68,10/01/19
11/01/19,11/01/19,152.29,100,0,0,5.09273,0.0241,52.38,51.66,53.1,52.51,11/01/19
11/01/19,11/01/19,152.29,114,0,0,3.62848,0.0241,38.68,37.26,40.1,0,11/01/19
11/01/19,11/01/19,152.29,119,0,0,2.74521,0.0241,33.345,31.75,34.94,0,11/01/19
11/01/19,11/01/19,152.29,122,0,0,2.50327,0.0241,30.4,29.1,31.7,0,11/01/19
11/01/19,11/01/19,152.29,126,0,0,2.29016,0.0241,26.545,24.9,28.19,23.44,11/01/19
11/01/19,11/01/19,152.29,130,0,0,2.00902,0.0241,22.62,21.35,23.89,22.19,11/01/19
11/01/19,11/01/19,152.29,135,0,0,1.67341,0.0241,17.725,16.3,19.15,17.25,11/01/19
11/01/19,11/01/19,152.29,140,0,0,1.47097,0.0241,13.055,12.1,14.01,12.23,11/01/19
11/01/19,11/01/19,152.29,141,0,0,0.81324,0.0241,11.32,10.35,12.29,11.1,11/01/19
11/01/19,11/01/19,152.29,142,0,0,0.74067,0.0241,10.325,10.05,10.6,10.54,11/01/19
11/01/19,11/01/19,152.29,152.5,0,0,0.01855,0.0241,0.005,0,0.01,0.01,11/01/19
11/01/19,11/01/19,152.29,155,0,0,0.14974,0.0241,0.005,0,0.01,0.01,11/01/19
11/01/19,11/01/19,152.29,157.5,0,0,0.26299,0.0241,0.005,0,0.01,0.01,11/01/19
11/01/19,11/01/19,152.29,160,0,0,0.36886,0.0241,0,0,0,0.01,11/01/19
11/01/19,11/01/19,152.29,162.5,0,0,0.47071,0.0241,0,0,0,0.01,11/01/19
11/01/19,11/01/19,152.29,165,0,0,0.56748,0.0241,0.01,0,0.02,0.01,11/01/19
11/01/19,11/01/19,152.29,167.5,0,0,0.66242,0.0241,0.005,0,0.01,0.01,11/01/19
11/01/19,11/01/19,152.29,170,0,0,0.75361,0.0241,0.005,0,0.01,0.01,11/01/19
11/01/19,11/01/19,152.29,172.5,0,0,0.8428,0.0241,0.005,0,0.01,0.01,11/01/19
11/01/19,11/01/19,152.29,175,0,0,0.93037,0.0241,0.005,0,0.01,0.01,11/01/19
11/01/19,11/01/19,152.29,177.5,0,0,1.01553,0.0241,0,0,0,0.01,11/01/19
11/01/19,11/01/19,152.29,180,0,0,1.09841,0.0241,0,0,0,0.01,11/01/19
11/01/19,11/01/19,152.29,182.5,0,0,1.1805,0.0241,0.005,0,0.01,0.01,11/01/19
11/01/19,11/01/19,152.29,185,0,0,1.25975,0.0241,0.005,0,0.01,0.01,11/01/19
11/01/19,11/01/19,152.29,187.5,0,0,1.33845,0.0241,0.01,0,0.02,0.01,11/01/19
11/01/19,11/01/19,152.29,190,0,0,1.41466,0.0241,0,0,0,0.01,11/01/19
11/01/19,11/01/19,152.29,192.5,0,0,1.49022,0.0241,0.005,0,0.01,0.02,11/01/19
11/01/19,11/01/19,152.29,195,0,0,1.5643,0.0241,0,0,0,0.02,11/01/19
11/01/19,11/01/19,152.29,197.5,0,0,1.63749,0.0241,0.005,0,0.01,0.01,11/01/19
11/01/19,11/01/19,152.29,200,0,0,1.7084,0.0241,0.01,0,0.02,0.01,11/01/19
11/01/19,11/01/19,152.29,202.5,0,0,2.20869,0.0241,0.04,0,0.08,0.03,11/01/19
11/01/19,11/01/19,152.29,205,0,0,1.84781,0.0241,0,0,0,0.02,11/01/19
11/01/19,11/01/19,152.29,207.5,0,0,1.9156,0.0241,0.005,0,0.01,0.02,11/01/19
11/01/19,11/01/19,152.29,210,0,0,1.98291,0.0241,0,0,0,0.01,11/01/19
11/01/19,11/01/19,152.29,212.5,0,0,2.049,0.0241,0.005,0,0.01,0.07,11/01/19
11/01/19,11/01/19,152.29,215,0,0,2.49405,0.0241,0.03,0,0.06,0.03,11/01/19
11/01/19,11/01/19,152.29,220,0,0,2.24161,0.0241,0.005,0,0.01,0.01,11/01/19
11/01/19,11/01/19,152.29,225,0,0,2.86543,0.0241,0.035,0,0.07,0.12,11/01/19
11/01/19,11/01/19,152.29,230,0,0,2.48549,0.0241,0,0,0,0.02,11/01/19
11/01/19,11/01/19,152.29,235,0,0,4.19788,0.0241,0.375,0,0.75,0.08,11/01/19
11/01/19,11/01/19,152.29,240,0,0,3.31562,0.0241,0.045,0,0.09,0.01,11/01/19
11/01/19,11/01/19,152.29,245,0,0,3.24787,0.0241,0.025,0,0.05,0.02,11/01/19
11/01/19,11/01/19,152.29,250,0,0,3.36927,0.0241,0.02,0,0.04,0.01,11/01/19
11/01/19,18/01/19,152.29,121,7,0.019178082,0.89165,0.0241,31.33,31.06,31.6,0,11/01/19
11/01/19,18/01/19,152.29,122,7,0.019178082,0.84633,0.0241,30.295,30,30.59,30.05,11/01/19
11/01/19,18/01/19,152.29,123,7,0.019178082,0.81235,0.0241,29.3,29,29.6,0,11/01/19
11/01/19,18/01/19,152.29,124,7,0.019178082,0.77888,0.0241,28.305,28.05,28.56,0,11/01/19
11/01/19,18/01/19,152.29,127,7,0.019178082,0.69166,0.0241,25.33,25.06,25.6,0,11/01/19
11/01/19,18/01/19,152.29,128,7,0.019178082,0.64928,0.0241,24.3,24,24.6,0,11/01/19
11/01/19,18/01/19,152.29,131,7,0.019178082,0.55667,0.0241,21.3,21,21.6,18.79,11/01/19
11/01/19,18/01/19,152.29,132,7,0.019178082,0.53874,0.0241,20.32,20.05,20.59,22,11/01/19
11/01/19,18/01/19,152.29,133,7,0.019178082,0.5206,0.0241,19.345,19.05,19.64,20.6,11/01/19
11/01/19,18/01/19,152.29,135,7,0.019178082,0.4521,0.0241,17.33,17.11,17.55,17.31,11/01/19
11/01/19,18/01/19,152.29,136,7,0.019178082,0.42414,0.0241,16.32,16,16.64,17.05,11/01/19
11/01/19,18/01/19,152.29,137,7,0.019178082,0.40776,0.0241,15.36,15.06,15.66,15.3,11/01/19
11/01/19,18/01/19,152.29,138,7,0.019178082,0.41201,0.0241,14.42,14.14,14.7,15.35,11/01/19
11/01/19,18/01/19,152.29,139,7,0.019178082,0.38489,0.0241,13.425,13.15,13.7,13.25,11/01/19
11/01/19,18/01/19,152.29,140,7,0.019178082,0.34871,0.0241,12.4,12.3,12.5,12.49,11/01/19
11/01/19,18/01/19,152.29,141,7,0.019178082,0.33245,0.0241,11.435,11.31,11.56,11.35,11/01/19
11/01/19,18/01/19,152.29,142,7,0.019178082,0.31435,0.0241,10.44,10.34,10.54,10.4,11/01/19
11/01/19,18/01/19,152.29,143,7,0.019178082,0.29692,0.0241,9.475,9.35,9.6,9.5,11/01/19
11/01/19,18/01/19,152.29,144,7,0.019178082,0.30361,0.0241,8.595,8.5,8.69,8.6,11/01/19
11/01/19,18/01/19,152.29,145,7,0.019178082,0.29222,0.0241,7.675,7.6,7.75,7.7,11/01/19
11/01/19,18/01/19,152.29,146,7,0.019178082,0.28277,0.0241,6.785,6.71,6.86,6.88,11/01/19
11/01/19,18/01/19,152.29,147,7,0.019178082,0.28118,0.0241,5.95,5.85,6.05,5.95,11/01/19
11/01/19,18/01/19,152.29,148,7,0.019178082,0.27291,0.0241,5.125,5.05,5.2,5.23,11/01/19
11/01/19,18/01/19,152.29,149,7,0.019178082,0.27319,0.0241,4.4,4.35,4.45,4.39,11/01/19
11/01/19,18/01/19,152.29,150,7,0.019178082,0.26322,0.0241,3.655,3.6,3.71,3.7,11/01/19
11/01/19,18/01/19,152.29,152.5,7,0.019178082,0.25433,0.0241,2.165,2.16,2.17,2.16,11/01/19
11/01/19,18/01/19,152.29,155,7,0.019178082,0.24508,0.0241,1.12,1.1,1.14,1.11,11/01/19
11/01/19,18/01/19,152.29,157.5,7,0.019178082,0.24121,0.0241,0.505,0.49,0.52,0.5,11/01/19
11/01/19,18/01/19,152.29,160,7,0.019178082,0.24801,0.0241,0.23,0.22,0.24,0.24,11/01/19
11/01/19,18/01/19,152.29,162.5,7,0.019178082,0.2612,0.0241,0.12,0.11,0.13,0.12,11/01/19
11/01/19,18/01/19,152.29,165,7,0.019178082,0.28289,0.0241,0.065,0.05,0.08,0.06,11/01/19
11/01/19,18/01/19,152.29,167.5,7,0.019178082,0.31481,0.0241,0.05,0.05,0.05,0.05,11/01/19
11/01/19,18/01/19,152.29,170,7,0.019178082,0.33344,0.0241,0.035,0.03,0.04,0.03,11/01/19
11/01/19,18/01/19,152.29,172.5,7,0.019178082,0.35485,0.0241,0.025,0.02,0.03,0.03,11/01/19
11/01/19,18/01/19,152.29,175,7,0.019178082,0.39034,0.0241,0.025,0.02,0.03,0.03,11/01/19
11/01/19,18/01/19,152.29,177.5,7,0.019178082,0.41387,0.0241,0.015,0.01,0.02,0.02,11/01/19
11/01/19,18/01/19,152.29,180,7,0.019178082,0.43305,0.0241,0.015,0.01,0.02,0.02,11/01/19
11/01/19,18/01/19,152.29,185,7,0.019178082,0.44565,0.0241,0.01,0,0.02,0.02,11/01/19
11/01/19,18/01/19,152.29,190,7,0.019178082,0.50029,0.0241,0.005,0,0.01,0.01,11/01/19
11/01/19,18/01/19,152.29,195,7,0.019178082,0.55297,0.0241,0.005,0,0.01,0.01,11/01/19
11/01/19,18/01/19,152.29,200,7,0.019178082,0.60418,0.0241,0.01,0,0.02,0.01,11/01/19
11/01/19,18/01/19,152.29,205,7,0.019178082,0.65395,0.0241,0,0,0,0.01,11/01/19
11/01/19,18/01/19,152.29,210,7,0.019178082,0.70095,0.0241,0.005,0,0.01,0.01,11/01/19
11/01/19,18/01/19,152.29,215,7,0.019178082,0.74781,0.0241,0.005,0,0.01,0.01,11/01/19
11/01/19,18/01/19,152.29,220,7,0.019178082,0.79286,0.0241,0.005,0,0.01,0.01,11/01/19
11/01/19,18/01/19,152.29,225,7,0.019178082,0.83604,0.0241,0,0,0,0.01,11/01/19
11/01/19,18/01/19,152.29,230,7,0.019178082,0.87923,0.0241,0.005,0,0.01,0.01,11/01/19
11/01/19,18/01/19,152.29,235,7,0.019178082,0.92075,0.0241,0.005,0,0.01,0.01,11/01/19
11/01/19,18/01/19,152.29,240,7,0.019178082,0.96087,0.0241,0.005,0,0.01,0.01,11/01/19
11/01/19,18/01/19,152.29,245,7,0.019178082,1.00024,0.0241,0,0,0,0.01,11/01/19
11/01/19,18/01/19,152.29,250,7,0.019178082,1.03833,0.0241,0.01,0,0.02,0.01,11/01/19
11/01/19,18/01/19,152.29,255,7,0.019178082,1.07607,0.0241,0.005,0,0.01,0.01,11/01/19
11/01/19,18/01/19,152.29,260,7,0.019178082,1.112,0.0241,0.005,0,0.01,0.01,11/01/19
11/01/19,18/01/19,152.29,265,7,0.019178082,1.14811,0.0241,0.005,0,0.01,0.01,11/01/19
11/01/19,18/01/19,152.29,270,7,0.019178082,1.18328,0.0241,0.005,0,0.01,0.01,11/01/19
11/01/19,18/01/19,152.29,275,7,0.019178082,1.21701,0.0241,0.005,0,0.01,0.01,11/01/19
11/01/19,18/01/19,152.29,280,7,0.019178082,1.25061,0.0241,0.01,0,0.02,0.01,11/01/19
11/01/19,18/01/19,152.29,285,7,0.019178082,1.2838,0.0241,0,0,0,0.01,11/01/19
11/01/19,18/01/19,152.29,290,7,0.019178082,1.3156,0.0241,0.005,0,0.01,0.01,11/01/19
11/01/19,18/01/19,152.29,295,7,0.019178082,1.34708,0.0241,0.005,0,0.01,0.01,11/01/19
11/01/19,18/01/19,152.29,300,7,0.019178082,1.3785,0.0241,0.005,0,0.01,0.01,11/01/19
11/01/19,18/01/19,152.29,305,7,0.019178082,1.40817,0.0241,0.005,0,0.01,0.01,11/01/19
11/01/19,18/01/19,152.29,310,7,0.019178082,1.43822,0.0241,0.005,0,0.01,0.02,11/01/19
11/01/19,18/01/19,152.29,315,7,0.019178082,1.46761,0.0241,0.01,0,0.02,0.02,11/01/19
11/01/19,18/01/19,152.29,320,7,0.019178082,1.49608,0.0241,0.005,0,0.01,0.01,11/01/19
11/01/19,18/01/19,152.29,325,7,0.019178082,1.52406,0.0241,0.01,0,0.02,0.01,11/01/19
11/01/19,18/01/19,152.29,330,7,0.019178082,1.55203,0.0241,0.005,0,0.01,0.06,11/01/19
11/01/19,18/01/19,152.29,335,7,0.019178082,1.66261,0.0241,0.005,0,0.01,0.02,11/01/19
11/01/19,18/01/19,152.29,340,7,0.019178082,1.60638,0.0241,0.01,0,0.02,0.01,11/01/19
11/01/19,18/01/19,152.29,345,7,0.019178082,1.63255,0.0241,0.005,0,0.01,0.01,11/01/19
11/01/19,18/01/19,152.29,350,7,0.019178082,1.65761,0.0241,0.005,0,0.01,0.01,11/01/19
11/01/19,18/01/19,152.29,355,7,0.019178082,1.82843,0.0241,0.02,0,0.04,0.02,11/01/19
11/01/19,18/01/19,152.29,360,7,0.019178082,2.18556,0.0241,0.09,0,0.18,0.03,11/01/19
11/01/19,18/01/19,152.29,365,7,0.019178082,1.88131,0.0241,0.01,0,0.02,0.05,11/01/19
11/01/19,18/01/19,152.29,370,7,0.019178082,2.38844,0.0241,0.16,0,0.32,0.01,11/01/19
11/01/19,18/01/19,152.29,375,7,0.019178082,2.54977,0.0241,0.25,0,0.5,0.01,11/01/19
11/01/19,25/01/19,152.29,105,14,0.038356164,0.6387,0.0241,47.3,46.85,47.75,52.37,11/01/19
11/01/19,25/01/19,152.29,110,14,0.038356164,0.56272,0.0241,42.295,41.84,42.75,47.43,11/01/19
11/01/19,25/01/19,152.29,115,14,0.038356164,0.56411,0.0241,37.325,36.85,37.8,35.77,11/01/19
11/01/19,25/01/19,152.29,120,14,0.038356164,0.5211,0.0241,32.35,31.91,32.79,28.3,11/01/19
11/01/19,25/01/19,152.29,125,14,0.038356164,0.46445,0.0241,27.37,26.9,27.84,27.05,11/01/19
11/01/19,25/01/19,152.29,130,14,0.038356164,0.39936,0.0241,22.4,21.95,22.85,24,11/01/19
11/01/19,25/01/19,152.29,132,14,0.038356164,0.40176,0.0241,20.48,20.06,20.9,20.45,11/01/19
11/01/19,25/01/19,152.29,133,14,0.038356164,0.38429,0.0241,19.475,19,19.95,17.27,11/01/19
11/01/19,25/01/19,152.29,134,14,0.038356164,0.37635,0.0241,18.505,18.05,18.96,0,11/01/19
11/01/19,25/01/19,152.29,135,14,0.038356164,0.35848,0.0241,17.5,17.06,17.94,16.22,11/01/19
11/01/19,25/01/19,152.29,136,14,0.038356164,0.35618,0.0241,16.545,16.35,16.74,0,11/01/19
11/01/19,25/01/19,152.29,137,14,0.038356164,0.33786,0.0241,15.555,15.35,15.76,14.5,11/01/19
11/01/19,25/01/19,152.29,138,14,0.038356164,0.33194,0.0241,14.6,14.4,14.8,12.8,11/01/19
11/01/19,25/01/19,152.29,139,14,0.038356164,0.32425,0.0241,13.65,13.5,13.8,11.95,11/01/19
11/01/19,25/01/19,152.29,140,14,0.038356164,0.3159,0.0241,12.695,12.55,12.84,12.7,11/01/19
11/01/19,25/01/19,152.29,141,14,0.038356164,0.30945,0.0241,11.785,11.61,11.96,11.95,11/01/19
11/01/19,25/01/19,152.29,142,14,0.038356164,0.3086,0.0241,10.9,10.75,11.05,10.8,11/01/19
11/01/19,25/01/19,152.29,143,14,0.038356164,0.29771,0.0241,9.975,9.89,10.06,10.05,11/01/19
11/01/19,25/01/19,152.29,144,14,0.038356164,0.29831,0.0241,9.145,9.05,9.24,9.25,11/01/19
11/01/19,25/01/19,152.29,145,14,0.038356164,0.28682,0.0241,8.25,8.16,8.34,8.35,11/01/19
11/01/19,25/01/19,152.29,146,14,0.038356164,0.28368,0.0241,7.45,7.35,7.55,7.8,11/01/19
11/01/19,25/01/19,152.29,147,14,0.038356164,0.28092,0.0241,6.67,6.6,6.74,6.6,11/01/19
11/01/19,25/01/19,152.29,148,14,0.038356164,0.28084,0.0241,5.97,5.9,6.04,6.01,11/01/19
11/01/19,25/01/19,152.29,149,14,0.038356164,0.27262,0.0241,5.225,5.14,5.31,5.29,11/01/19
11/01/19,25/01/19,152.29,150,14,0.038356164,0.27274,0.0241,4.6,4.55,4.65,4.5,11/01/19
11/01/19,25/01/19,152.29,152.5,14,0.038356164,0.25983,0.0241,3.1,3.05,3.15,3.15,11/01/19
11/01/19,25/01/19,152.29,155,14,0.038356164,0.25231,0.0241,1.96,1.93,1.99,1.97,11/01/19
11/01/19,25/01/19,152.29,157.5,14,0.038356164,0.2468,0.0241,1.15,1.14,1.16,1.15,11/01/19
11/01/19,25/01/19,152.29,160,14,0.038356164,0.24237,0.0241,0.635,0.62,0.65,0.63,11/01/19
11/01/19,25/01/19,152.29,162.5,14,0.038356164,0.24193,0.0241,0.34,0.32,0.36,0.34,11/01/19
11/01/19,25/01/19,152.29,165,14,0.038356164,0.24824,0.0241,0.19,0.17,0.21,0.17,11/01/19
11/01/19,25/01/19,152.29,167.5,14,0.038356164,0.25502,0.0241,0.105,0.09,0.12,0.12,11/01/19
11/01/19,25/01/19,152.29,170,14,0.038356164,0.26478,0.0241,0.065,0.06,0.07,0.07,11/01/19
11/01/19,25/01/19,152.29,172.5,14,0.038356164,0.27537,0.0241,0.045,0.04,0.05,0.04,11/01/19
11/01/19,25/01/19,152.29,175,14,0.038356164,0.29046,0.0241,0.03,0.02,0.04,0.03,11/01/19
11/01/19,25/01/19,152.29,177.5,14,0.038356164,0.30968,0.0241,0.025,0.01,0.04,0.02,11/01/19
11/01/19,25/01/19,152.29,180,14,0.038356164,0.34936,0.0241,0.03,0.02,0.04,0.03,11/01/19
11/01/19,25/01/19,152.29,182.5,14,0.038356164,0.34977,0.0241,0.02,0,0.04,0.02,11/01/19
11/01/19,25/01/19,152.29,185,14,0.038356164,0.36177,0.0241,0.015,0,0.03,0.02,11/01/19
11/01/19,25/01/19,152.29,187.5,14,0.038356164,0.39503,0.0241,0.025,0.01,0.04,0.02,11/01/19
11/01/19,25/01/19,152.29,190,14,0.038356164,0.41781,0.0241,0.02,0.01,0.03,0.02,11/01/19
11/01/19,25/01/19,152.29,192.5,14,0.038356164,0.42632,0.0241,0.015,0,0.03,0.02,11/01/19
11/01/19,25/01/19,152.29,195,14,0.038356164,0.42987,0.0241,0.015,0,0.03,0.01,11/01/19
11/01/19,25/01/19,152.29,197.5,14,0.038356164,0.46837,0.0241,0.015,0,0.03,0.01,11/01/19
11/01/19,25/01/19,152.29,200,14,0.038356164,0.4879,0.0241,0.015,0,0.03,0.02,11/01/19
11/01/19,25/01/19,152.29,202.5,14,0.038356164,0.50702,0.0241,0.015,0,0.03,0.01,11/01/19
11/01/19,25/01/19,152.29,205,14,0.038356164,0.50722,0.0241,0.01,0,0.02,0.01,11/01/19
11/01/19,25/01/19,152.29,207.5,14,0.038356164,0.54578,0.0241,0.015,0,0.03,0.02,11/01/19
11/01/19,25/01/19,152.29,210,14,0.038356164,0.54408,0.0241,0.01,0,0.02,0.02,11/01/19
11/01/19,25/01/19,152.29,212.5,14,0.038356164,0.58315,0.0241,0.02,0,0.04,0.16,11/01/19
11/01/19,25/01/19,152.29,215,14,0.038356164,0.60217,0.0241,0.015,0,0.03,0.2,11/01/19
11/01/19,25/01/19,152.29,220,14,0.038356164,0.6363,0.0241,0.015,0,0.03,0.01,11/01/19
11/01/19,25/01/19,152.29,225,14,0.038356164,0.67119,0.0241,0.015,0,0.03,0.01,11/01/19
11/01/19,01/02/19,152.29,100,21,0.057534247,0.71556,0.0241,52.36,51.86,52.86,57,11/01/19
11/01/19,01/02/19,152.29,105,21,0.057534247,0.69341,0.0241,47.4,47.25,47.55,42.15,11/01/19
11/01/19,01/02/19,152.29,110,21,0.057534247,0.66584,0.0241,42.475,42.36,42.59,37.25,11/01/19
11/01/19,01/02/19,152.29,115,21,0.057534247,0.57355,0.0241,37.445,36.95,37.94,41.4,11/01/19
11/01/19,01/02/19,152.29,120,21,0.057534247,0.52105,0.0241,32.51,32.36,32.66,34.36,11/01/19
11/01/19,01/02/19,152.29,125,21,0.057534247,0.46291,0.0241,27.555,27.26,27.85,27.77,11/01/19
11/01/19,01/02/19,152.29,130,21,0.057534247,0.45551,0.0241,22.845,22.74,22.95,24.05,11/01/19
11/01/19,01/02/19,152.29,132,21,0.057534247,0.42672,0.0241,20.87,20.7,21.04,0,11/01/19
11/01/19,01/02/19,152.29,133,21,0.057534247,0.41752,0.0241,19.93,19.81,20.05,0,11/01/19
11/01/19,01/02/19,152.29,134,21,0.057534247,0.42381,0.0241,19.075,18.95,19.2,19.6,11/01/19
11/01/19,01/02/19,152.29,135,21,0.057534247,0.40989,0.0241,18.11,17.96,18.26,19.74,11/01/19
11/01/19,01/02/19,152.29,136,21,0.057534247,0.40145,0.0241,17.18,17,17.36,13.3,11/01/19
11/01/19,01/02/19,152.29,137,21,0.057534247,0.39909,0.0241,16.295,16.15,16.44,12.55,11/01/19
11/01/19,01/02/19,152.29,138,21,0.057534247,0.39821,0.0241,15.45,15.35,15.55,12.84,11/01/19
11/01/19,01/02/19,152.29,139,21,0.057534247,0.38629,0.0241,14.53,14.41,14.65,14.85,11/01/19
11/01/19,01/02/19,152.29,140,21,0.057534247,0.38527,0.0241,13.7,13.6,13.8,13.72,11/01/19
11/01/19,01/02/19,152.29,141,21,0.057534247,0.37626,0.0241,12.825,12.7,12.95,13.01,11/01/19
11/01/19,01/02/19,152.29,142,21,0.057534247,0.37666,0.0241,12.05,11.95,12.15,13.61,11/01/19
11/01/19,01/02/19,152.29,143,21,0.057534247,0.36973,0.0241,11.22,11.09,11.35,11.66,11/01/19
11/01/19,01/02/19,152.29,144,21,0.057534247,0.36641,0.0241,10.45,10.35,10.55,10.3,11/01/19
11/01/19,01/02/19,152.29,145,21,0.057534247,0.36448,0.0241,9.725,9.65,9.8,9.74,11/01/19
11/01/19,01/02/19,152.29,146,21,0.057534247,0.36114,0.0241,9.005,8.9,9.11,9.05,11/01/19
11/01/19,01/02/19,152.29,147,21,0.057534247,0.35576,0.0241,8.275,8.15,8.4,8.31,11/01/19
11/01/19,01/02/19,152.29,148,21,0.057534247,0.34999,0.0241,7.58,7.46,7.7,7.77,11/01/19
11/01/19,01/02/19,152.29,149,21,0.057534247,0.35051,0.0241,6.97,6.89,7.05,6.95,11/01/19
11/01/19,01/02/19,152.29,150,21,0.057534247,0.34616,0.0241,6.355,6.26,6.45,6.4,11/01/19
11/01/19,01/02/19,152.29,152.5,21,0.057534247,0.33701,0.0241,4.925,4.85,5,4.95,11/01/19
11/01/19,01/02/19,152.29,155,21,0.057534247,0.33031,0.0241,3.72,3.64,3.8,3.7,11/01/19
11/01/19,01/02/19,152.29,157.5,21,0.057534247,0.32099,0.0241,2.695,2.66,2.73,2.74,11/01/19
11/01/19,01/02/19,152.29,160,21,0.057534247,0.31531,0.0241,1.915,1.88,1.95,1.94,11/01/19
11/01/19,01/02/19,152.29,162.5,21,0.057534247,0.31011,0.0241,1.305,1.28,1.33,1.32,11/01/19
11/01/19,01/02/19,152.29,165,21,0.057534247,0.30552,0.0241,0.87,0.83,0.91,0.89,11/01/19
11/01/19,01/02/19,152.29,167.5,21,0.057534247,0.30641,0.0241,0.595,0.57,0.62,0.58,11/01/19
11/01/19,01/02/19,152.29,170,21,0.057534247,0.30837,0.0241,0.39,0.37,0.41,0.4,11/01/19
11/01/19,01/02/19,152.29,172.5,21,0.057534247,0.31393,0.0241,0.285,0.27,0.3,0.28,11/01/19
11/01/19,01/02/19,152.29,175,21,0.057534247,0.32041,0.0241,0.205,0.19,0.22,0.2,11/01/19
11/01/19,01/02/19,152.29,177.5,21,0.057534247,0.32616,0.0241,0.145,0.12,0.17,0.16,11/01/19
11/01/19,01/02/19,152.29,180,21,0.057534247,0.33971,0.0241,0.115,0.1,0.13,0.12,11/01/19
11/01/19,01/02/19,152.29,182.5,21,0.057534247,0.35009,0.0241,0.09,0.06,0.12,0.17,11/01/19
11/01/19,01/02/19,152.29,185,21,0.057534247,0.36548,0.0241,0.075,0.06,0.09,0.08,11/01/19
11/01/19,01/02/19,152.29,187.5,21,0.057534247,0.37224,0.0241,0.055,0.03,0.08,0.08,11/01/19
11/01/19,01/02/19,152.29,190,21,0.057534247,0.38766,0.0241,0.065,0.05,0.08,0.04,11/01/19
11/01/19,01/02/19,152.29,192.5,21,0.057534247,0.39759,0.0241,0.045,0.02,0.07,0.09,11/01/19
11/01/19,01/02/19,152.29,195,21,0.057534247,0.41641,0.0241,0.04,0.02,0.06,0.08,11/01/19
11/01/19,01/02/19,152.29,197.5,21,0.057534247,0.4153,0.0241,0.03,0.01,0.05,0.08,11/01/19
11/01/19,01/02/19,152.29,200,21,0.057534247,0.44021,0.0241,0.025,0.02,0.03,0.03,11/01/19
11/01/19,01/02/19,152.29,202.5,21,0.057534247,0.44104,0.0241,0.025,0,0.05,0.05,11/01/19
11/01/19,01/02/19,152.29,205,21,0.057534247,0.44803,0.0241,0.02,0,0.04,0.06,11/01/19
11/01/19,01/02/19,152.29,207.5,21,0.057534247,0.45125,0.0241,0.02,0,0.04,0.03,11/01/19
11/01/19,08/02/19,152.29,100,28,0.076712329,0.99137,0.0241,52.475,51.05,53.9,0,11/01/19
11/01/19,08/02/19,152.29,105,28,0.076712329,0.86348,0.0241,47.475,47,47.95,48.95,11/01/19
11/01/19,08/02/19,152.29,110,28,0.076712329,0.75243,0.0241,42.505,42.06,42.95,35.05,11/01/19
11/01/19,08/02/19,152.29,115,28,0.076712329,0.65733,0.0241,37.555,37.4,37.71,0,11/01/19
11/01/19,08/02/19,152.29,120,28,0.076712329,0.5907,0.0241,32.7,32.55,32.85,32.67,11/01/19
11/01/19,08/02/19,152.29,125,28,0.076712329,0.50637,0.0241,27.725,27.25,28.2,33.14,11/01/19
11/01/19,08/02/19,152.29,130,28,0.076712329,0.45552,0.0241,22.945,22.75,23.14,22.9,11/01/19
11/01/19,08/02/19,152.29,132,28,0.076712329,0.43759,0.0241,21.075,20.95,21.2,0,11/01/19
11/01/19,08/02/19,152.29,133,28,0.076712329,0.43321,0.0241,20.185,20.06,20.31,17.65,11/01/19
11/01/19,08/02/19,152.29,134,28,0.076712329,0.42185,0.0241,19.22,19.05,19.39,0,11/01/19
11/01/19,08/02/19,152.29,135,28,0.076712329,0.41466,0.0241,18.33,18.15,18.51,19.15,11/01/19
11/01/19,08/02/19,152.29,136,28,0.076712329,0.41254,0.0241,17.475,17.35,17.6,19.3,11/01/19
11/01/19,08/02/19,152.29,137,28,0.076712329,0.40871,0.0241,16.625,16.5,16.75,10.65,11/01/19
11/01/19,08/02/19,152.29,138,28,0.076712329,0.40382,0.0241,15.775,15.65,15.9,12.9,11/01/19
11/01/19,08/02/19,152.29,139,28,0.076712329,0.39781,0.0241,14.925,14.8,15.05,14.43,11/01/19
11/01/19,08/02/19,152.29,140,28,0.076712329,0.38876,0.0241,14.05,13.9,14.2,16.17,11/01/19
11/01/19,08/02/19,152.29,141,28,0.076712329,0.38533,0.0241,13.25,13.15,13.35,9.87,11/01/19
11/01/19,08/02/19,152.29,142,28,0.076712329,0.38004,0.0241,12.445,12.35,12.54,12.45,11/01/19
11/01/19,08/02/19,152.29,143,28,0.076712329,0.37582,0.0241,11.675,11.55,11.8,12.11,11/01/19
11/01/19,08/02/19,152.29,144,28,0.076712329,0.36949,0.0241,10.9,10.8,11,10.87,11/01/19
11/01/19,08/02/19,152.29,145,28,0.076712329,0.36607,0.0241,10.175,10.05,10.3,10.15,11/01/19
11/01/19,08/02/19,152.29,146,28,0.076712329,0.36269,0.0241,9.47,9.39,9.55,10.25,11/01/19
11/01/19,08/02/19,152.29,147,28,0.076712329,0.35752,0.0241,8.775,8.65,8.9,8.7,11/01/19
11/01/19,08/02/19,152.29,148,28,0.076712329,0.35395,0.0241,8.125,8.05,8.2,8.25,11/01/19
11/01/19,08/02/19,152.29,149,28,0.076712329,0.3481,0.0241,7.45,7.35,7.55,7.95,11/01/19
11/01/19,08/02/19,152.29,150,28,0.076712329,0.34633,0.0241,6.875,6.8,6.95,6.81,11/01/19
11/01/19,08/02/19,152.29,152.5,28,0.076712329,0.33704,0.0241,5.47,5.4,5.54,5.6,11/01/19
11/01/19,08/02/19,152.29,155,28,0.076712329,0.32895,0.0241,4.26,4.21,4.31,4.24,11/01/19
11/01/19,08/02/19,152.29,157.5,28,0.076712329,0.31982,0.0241,3.205,3.16,3.25,3.2,11/01/19
11/01/19,08/02/19,152.29,160,28,0.076712329,0.31342,0.0241,2.37,2.34,2.4,2.35,11/01/19
11/01/19,08/02/19,152.29,162.5,28,0.076712329,0.3066,0.0241,1.685,1.65,1.72,1.75,11/01/19
11/01/19,08/02/19,152.29,165,28,0.076712329,0.30339,0.0241,1.19,1.17,1.21,1.23,11/01/19
11/01/19,08/02/19,152.29,167.5,28,0.076712329,0.30126,0.0241,0.835,0.8,0.87,0.85,11/01/19
11/01/19,08/02/19,152.29,170,28,0.076712329,0.30155,0.0241,0.585,0.56,0.61,0.6,11/01/19
11/01/19,08/02/19,152.29,172.5,28,0.076712329,0.30216,0.0241,0.41,0.38,0.44,0.43,11/01/19
11/01/19,08/02/19,152.29,175,28,0.076712329,0.31049,0.0241,0.31,0.29,0.33,0.32,11/01/19
11/01/19,08/02/19,152.29,177.5,28,0.076712329,0.31344,0.0241,0.225,0.2,0.25,0.24,11/01/19
11/01/19,08/02/19,152.29,180,28,0.076712329,0.31919,0.0241,0.165,0.14,0.19,0.19,11/01/19
11/01/19,08/02/19,152.29,182.5,28,0.076712329,0.32953,0.0241,0.14,0.12,0.16,0.15,11/01/19
11/01/19,08/02/19,152.29,185,28,0.076712329,0.34398,0.0241,0.12,0.1,0.14,0.2,11/01/19
11/01/19,08/02/19,152.29,187.5,28,0.076712329,0.34882,0.0241,0.095,0.07,0.12,0.16,11/01/19
11/01/19,08/02/19,152.29,190,28,0.076712329,0.36209,0.0241,0.085,0.06,0.11,0.08,11/01/19
11/01/19,08/02/19,152.29,192.5,28,0.076712329,0.37364,0.0241,0.075,0.05,0.1,0,11/01/19
11/01/19,08/02/19,152.29,195,28,0.076712329,0.38333,0.0241,0.065,0.04,0.09,0.09,11/01/19
11/01/19,08/02/19,152.29,200,28,0.076712329,0.41647,0.0241,0.065,0.05,0.08,0.05,11/01/19
11/01/19,15/02/19,152.29,60,35,0.095890411,2.47752,0.024130137,92.305,91.01,93.6,0,11/01/19
11/01/19,15/02/19,152.29,75,35,0.095890411,1.67868,0.024130137,77.35,76.94,77.76,92.6,11/01/19
11/01/19,15/02/19,152.29,90,35,0.095890411,1.12962,0.024130137,62.3,62,62.6,62.5,11/01/19
11/01/19,15/02/19,152.29,95,35,0.095890411,1.01681,0.024130137,57.455,57.05,57.86,58.66,11/01/19
11/01/19,15/02/19,152.29,100,35,0.095890411,0.88484,0.024130137,52.43,51.96,52.9,53.75,11/01/19
11/01/19,15/02/19,152.29,105,35,0.095890411,0.78376,0.024130137,47.495,47.05,47.94,41.05,11/01/19
11/01/19,15/02/19,152.29,110,35,0.095890411,0.77671,0.024130137,43.075,41.75,44.4,42.7,11/01/19
11/01/19,15/02/19,152.29,115,35,0.095890411,0.62236,0.024130137,37.705,37.36,38.05,39.97,11/01/19
11/01/19,15/02/19,152.29,120,35,0.095890411,0.55171,0.024130137,32.8,32.45,33.15,35.08,11/01/19
11/01/19,15/02/19,152.29,125,35,0.095890411,0.47859,0.024130137,27.85,27.55,28.15,28.45,11/01/19
11/01/19,15/02/19,152.29,130,35,0.095890411,0.42961,0.024130137,23.07,22.95,23.19,22.95,11/01/19
11/01/19,15/02/19,152.29,135,35,0.095890411,0.39507,0.024130137,18.535,18.41,18.66,18.62,11/01/19
11/01/19,15/02/19,152.29,140,35,0.095890411,0.37079,0.024130137,14.3,14.2,14.4,14.3,11/01/19
11/01/19,15/02/19,152.29,145,35,0.095890411,0.34941,0.024130137,10.475,10.41,10.54,10.47,11/01/19
11/01/19,15/02/19,152.29,150,35,0.095890411,0.33324,0.024130137,7.25,7.2,7.3,7.21,11/01/19
11/01/19,15/02/19,152.29,155,35,0.095890411,0.31808,0.024130137,4.65,4.6,4.7,4.65,11/01/19
11/01/19,15/02/19,152.29,160,35,0.095890411,0.30436,0.024130137,2.72,2.69,2.75,2.7,11/01/19
11/01/19,15/02/19,152.29,165,35,0.095890411,0.29561,0.024130137,1.475,1.46,1.49,1.48,11/01/19
11/01/19,15/02/19,152.29,170,35,0.095890411,0.29387,0.024130137,0.785,0.78,0.79,0.77,11/01/19
11/01/19,15/02/19,152.29,175,35,0.095890411,0.29419,0.024130137,0.395,0.39,0.4,0.41,11/01/19
11/01/19,15/02/19,152.29,180,35,0.095890411,0.30421,0.024130137,0.23,0.21,0.25,0.24,11/01/19
11/01/19,15/02/19,152.29,185,35,0.095890411,0.31838,0.024130137,0.155,0.14,0.17,0.15,11/01/19
11/01/19,15/02/19,152.29,190,35,0.095890411,0.33513,0.024130137,0.105,0.1,0.11,0.11,11/01/19
11/01/19,15/02/19,152.29,195,35,0.095890411,0.34843,0.024130137,0.07,0.05,0.09,0.08,11/01/19
11/01/19,15/02/19,152.29,200,35,0.095890411,0.367,0.024130137,0.055,0.05,0.06,0.06,11/01/19
11/01/19,15/02/19,152.29,205,35,0.095890411,0.3953,0.024130137,0.055,0.05,0.06,0.05,11/01/19
11/01/19,15/02/19,152.29,210,35,0.095890411,0.41256,0.024130137,0.045,0.04,0.05,0.04,11/01/19
11/01/19,15/02/19,152.29,215,35,0.095890411,0.41924,0.024130137,0.025,0.02,0.03,0.02,11/01/19
11/01/19,15/02/19,152.29,220,35,0.095890411,0.43496,0.024130137,0.03,0.03,0.03,0.02,11/01/19
11/01/19,15/02/19,152.29,225,35,0.095890411,0.44889,0.024130137,0.015,0,0.03,0.03,11/01/19
11/01/19,15/02/19,152.29,230,35,0.095890411,0.45786,0.024130137,0.015,0.01,0.02,0.02,11/01/19
11/01/19,15/02/19,152.29,235,35,0.095890411,0.47966,0.024130137,0.02,0.02,0.02,0.01,11/01/19
11/01/19,15/02/19,152.29,240,35,0.095890411,0.48304,0.024130137,0.01,0,0.02,0.02,11/01/19
11/01/19,15/02/19,152.29,245,35,0.095890411,0.50163,0.024130137,0.01,0,0.02,0.01,11/01/19
11/01/19,15/02/19,152.29,250,35,0.095890411,0.49259,0.024130137,0.005,0,0.01,0.01,11/01/19
11/01/19,15/02/19,152.29,255,35,0.095890411,0.54036,0.024130137,0.01,0,0.02,0.02,11/01/19
11/01/19,15/02/19,152.29,260,35,0.095890411,0.55734,0.024130137,0.01,0,0.02,0.02,11/01/19
11/01/19,15/02/19,152.29,265,35,0.095890411,0.57545,0.024130137,0.01,0,0.02,0.01,11/01/19
11/01/19,15/02/19,152.29,270,35,0.095890411,0.59154,0.024130137,0.005,0,0.01,0.03,11/01/19
11/01/19,15/02/19,152.29,275,35,0.095890411,0.60866,0.024130137,0.01,0,0.02,0.01,11/01/19
11/01/19,15/02/19,152.29,280,35,0.095890411,0.62645,0.024130137,0.01,0,0.02,0.01,11/01/19
11/01/19,15/02/19,152.29,285,35,0.095890411,0.64191,0.024130137,0.015,0,0.03,0.04,11/01/19
11/01/19,15/02/19,152.29,290,35,0.095890411,0.65724,0.024130137,0.01,0,0.02,0.01,11/01/19
11/01/19,15/02/19,152.29,295,35,0.095890411,0.63817,0.024130137,0.005,0,0.01,0.01,11/01/19
11/01/19,15/02/19,152.29,300,35,0.095890411,0.6526,0.024130137,0,0,0,0.01,11/01/19
11/01/19,15/02/19,152.29,310,35,0.095890411,0.6806,0.024130137,0.005,0,0.01,0.01,11/01/19
11/01/19,15/02/19,152.29,320,35,0.095890411,0.70834,0.024130137,0,0,0,0.02,11/01/19
11/01/19,22/02/19,152.29,90,42,0.115068493,1.06208,0.024176164,62.42,61.4,63.44,0,11/01/19
11/01/19,22/02/19,152.29,95,42,0.115068493,0.93247,0.024176164,57.425,56.94,57.91,0,11/01/19
11/01/19,22/02/19,152.29,100,42,0.115068493,0.83335,0.024176164,52.52,51.54,53.5,0,11/01/19
11/01/19,22/02/19,152.29,105,42,0.115068493,0.72076,0.024176164,47.475,46.45,48.5,0,11/01/19
11/01/19,22/02/19,152.29,110,42,0.115068493,0.64727,0.024176164,42.6,41.6,43.6,35.76,11/01/19
11/01/19,22/02/19,152.29,115,42,0.115068493,0.56607,0.024176164,37.62,36.64,38.6,0,11/01/19
11/01/19,22/02/19,152.29,120,42,0.115068493,0.50564,0.024176164,32.755,31.75,33.76,27.63,11/01/19
11/01/19,22/02/19,152.29,125,42,0.115068493,0.44619,0.024176164,27.85,27.65,28.05,23.8,11/01/19
11/01/19,22/02/19,152.29,130,42,0.115068493,0.41605,0.024176164,23.225,23.05,23.4,24.09,11/01/19
11/01/19,22/02/19,152.29,132,42,0.115068493,0.40117,0.024176164,21.375,21.2,21.55,0,11/01/19
11/01/19,22/02/19,152.29,133,42,0.115068493,0.39431,0.024176164,20.475,20.3,20.65,0,11/01/19
11/01/19,22/02/19,152.29,134,42,0.115068493,0.38562,0.024176164,19.55,19.4,19.7,0,11/01/19
11/01/19,22/02/19,152.29,135,42,0.115068493,0.38461,0.024176164,18.725,18.55,18.9,20.25,11/01/19
11/01/19,22/02/19,152.29,136,42,0.115068493,0.37263,0.024176164,17.775,17.6,17.95,17.71,11/01/19
11/01/19,22/02/19,152.29,137,42,0.115068493,0.36979,0.024176164,16.95,16.8,17.1,0,11/01/19
11/01/19,22/02/19,152.29,138,42,0.115068493,0.36945,0.024176164,16.165,15.99,16.34,0,11/01/19
11/01/19,22/02/19,152.29,139,42,0.115068493,0.35851,0.024176164,15.245,15.1,15.39,0,11/01/19
11/01/19,22/02/19,152.29,140,42,0.115068493,0.35653,0.024176164,14.475,14.35,14.6,15.09,11/01/19
11/01/19,22/02/19,152.29,141,42,0.115068493,0.35567,0.024176164,13.755,13.6,13.91,9.85,11/01/19
11/01/19,22/02/19,152.29,142,42,0.115068493,0.3516,0.024176164,12.975,12.85,13.1,11.85,11/01/19
11/01/19,22/02/19,152.29,143,42,0.115068493,0.34652,0.024176164,12.195,12.1,12.29,12.56,11/01/19
11/01/19,22/02/19,152.29,144,42,0.115068493,0.34433,0.024176164,11.495,11.4,11.59,13.15,11/01/19
11/01/19,22/02/19,152.29,145,42,0.115068493,0.33788,0.024176164,10.73,10.61,10.85,10.85,11/01/19
11/01/19,22/02/19,152.29,146,42,0.115068493,0.33624,0.024176164,10.075,9.95,10.2,10.2,11/01/19
11/01/19,22/02/19,152.29,147,42,0.115068493,0.33241,0.024176164,9.4,9.3,9.5,9.5,11/01/19
11/01/19,22/02/19,152.29,148,42,0.115068493,0.32886,0.024176164,8.75,8.65,8.85,8.55,11/01/19
11/01/19,22/02/19,152.29,149,42,0.115068493,0.32625,0.024176164,8.15,8.04,8.26,8.27,11/01/19
11/01/19,22/02/19,152.29,150,42,0.115068493,0.32284,0.024176164,7.55,7.45,7.65,7.65,11/01/19
11/01/19,22/02/19,152.29,152.5,42,0.115068493,0.31748,0.024176164,6.195,6.1,6.29,6.25,11/01/19
11/01/19,22/02/19,152.29,155,42,0.115068493,0.30997,0.024176164,4.97,4.89,5.05,5.03,11/01/19
11/01/19,22/02/19,152.29,157.5,42,0.115068493,0.30224,0.024176164,3.89,3.84,3.94,3.95,11/01/19
11/01/19,22/02/19,152.29,160,42,0.115068493,0.29871,0.024176164,3.04,2.98,3.1,2.94,11/01/19
11/01/19,22/02/19,152.29,162.5,42,0.115068493,0.29338,0.024176164,2.3,2.26,2.34,2.31,11/01/19
11/01/19,22/02/19,152.29,165,42,0.115068493,0.28896,0.024176164,1.725,1.68,1.77,1.73,11/01/19
11/01/19,22/02/19,152.29,167.5,42,0.115068493,0.2855,0.024176164,1.265,1.23,1.3,1.29,11/01/19
11/01/19,22/02/19,152.29,170,42,0.115068493,0.28464,0.024176164,0.94,0.91,0.97,0.93,11/01/19
11/01/19,22/02/19,152.29,172.5,42,0.115068493,0.2857,0.024176164,0.7,0.68,0.72,0.72,11/01/19
11/01/19,22/02/19,152.29,175,42,0.115068493,0.28665,0.024176164,0.52,0.49,0.55,0.52,11/01/19
11/01/19,22/02/19,152.29,177.5,42,0.115068493,0.28889,0.024176164,0.39,0.36,0.42,0.45,11/01/19
11/01/19,22/02/19,152.29,180,42,0.115068493,0.29289,0.024176164,0.3,0.27,0.33,0.32,11/01/19
11/01/19,22/02/19,152.29,182.5,42,0.115068493,0.29917,0.024176164,0.24,0.21,0.27,0.26,11/01/19
11/01/19,22/02/19,152.29,185,42,0.115068493,0.30495,0.024176164,0.195,0.16,0.23,0.24,11/01/19
11/01/19,22/02/19,152.29,187.5,42,0.115068493,0.31166,0.024176164,0.165,0.13,0.2,0.18,11/01/19
11/01/19,22/02/19,152.29,190,42,0.115068493,0.31968,0.024176164,0.13,0.11,0.15,0.14,11/01/19
11/01/19,22/02/19,152.29,192.5,42,0.115068493,0.32471,0.024176164,0.115,0.09,0.14,0.16,11/01/19
11/01/19,22/02/19,152.29,195,42,0.115068493,0.33337,0.024176164,0.095,0.06,0.13,0.15,11/01/19
11/01/19,22/02/19,152.29,200,42,0.115068493,0.35259,0.024176164,0.085,0.05,0.12,0.08,11/01/19
11/01/19,01/03/19,152.29,100,49,0.134246575,0.75386,0.024222192,52.395,51.85,52.94,0,11/01/19
11/01/19,01/03/19,152.29,105,49,0.134246575,0.68134,0.024222192,47.55,47,48.1,0,11/01/19
11/01/19,01/03/19,152.29,110,49,0.134246575,0.59333,0.024222192,42.555,42.05,43.06,0,11/01/19
11/01/19,01/03/19,152.29,115,49,0.134246575,0.52915,0.024222192,37.645,37.15,38.14,0,11/01/19
11/01/19,01/03/19,152.29,120,49,0.134246575,0.46677,0.024222192,32.72,32.2,33.24,0,11/01/19
11/01/19,01/03/19,152.29,125,49,0.134246575,0.42915,0.024222192,27.975,27.75,28.2,0,11/01/19
11/01/19,01/03/19,152.29,130,49,0.134246575,0.3978,0.024222192,23.345,23.1,23.59,0,11/01/19
11/01/19,01/03/19,152.29,135,49,0.134246575,0.36859,0.024222192,18.885,18.71,19.06,0,11/01/19
11/01/19,01/03/19,152.29,138,49,0.134246575,0.35647,0.024222192,16.375,16.2,16.55,0,11/01/19
11/01/19,01/03/19,152.29,139,49,0.134246575,0.35417,0.024222192,15.605,15.4,15.81,0,11/01/19
11/01/19,01/03/19,152.29,140,49,0.134246575,0.34806,0.024222192,14.775,14.6,14.95,0,11/01/19
11/01/19,01/03/19,152.29,141,49,0.134246575,0.34485,0.024222192,14,13.85,14.15,0,11/01/19
11/01/19,01/03/19,152.29,142,49,0.134246575,0.3413,0.024222192,13.25,13.1,13.4,0,11/01/19
11/01/19,01/03/19,152.29,143,49,0.134246575,0.3375,0.024222192,12.5,12.35,12.65,0,11/01/19
11/01/19,01/03/19,152.29,144,49,0.134246575,0.33479,0.024222192,11.795,11.64,11.95,11.52,11/01/19
11/01/19,01/03/19,152.29,145,49,0.134246575,0.33228,0.024222192,11.1,10.95,11.25,10.82,11/01/19
11/01/19,01/03/19,152.29,146,49,0.134246575,0.32879,0.024222192,10.43,10.3,10.56,10.95,11/01/19
11/01/19,01/03/19,152.29,147,49,0.134246575,0.32607,0.024222192,9.775,9.65,9.9,0,11/01/19
11/01/19,01/03/19,152.29,148,49,0.134246575,0.32402,0.024222192,9.15,9,9.3,9.15,11/01/19
11/01/19,01/03/19,152.29,149,49,0.134246575,0.32049,0.024222192,8.525,8.4,8.65,8.57,11/01/19
11/01/19,01/03/19,152.29,150,49,0.134246575,0.31734,0.024222192,7.93,7.81,8.05,8.13,11/01/19
11/01/19,01/03/19,152.29,152.5,49,0.134246575,0.31119,0.024222192,6.58,6.45,6.71,6.65,11/01/19
11/01/19,01/03/19,152.29,155,49,0.134246575,0.3044,0.024222192,5.345,5.24,5.45,5.35,11/01/19
11/01/19,01/03/19,152.29,157.5,49,0.134246575,0.29992,0.024222192,4.305,4.2,4.41,4.25,11/01/19
11/01/19,01/03/19,152.29,160,49,0.134246575,0.29479,0.024222192,3.405,3.31,3.5,3.44,11/01/19
11/01/19,01/03/19,152.29,162.5,49,0.134246575,0.29017,0.024222192,2.64,2.55,2.73,2.66,11/01/19
11/01/19,01/03/19,152.29,165,49,0.134246575,0.28662,0.024222192,2.025,1.96,2.09,2.06,11/01/19
11/01/19,01/03/19,152.29,167.5,49,0.134246575,0.28468,0.024222192,1.54,1.47,1.61,1.55,11/01/19
11/01/19,01/03/19,152.29,170,49,0.134246575,0.28209,0.024222192,1.165,1.12,1.21,1.23,11/01/19
11/01/19,01/03/19,152.29,172.5,49,0.134246575,0.28217,0.024222192,0.88,0.83,0.93,1.18,11/01/19
11/01/19,01/03/19,152.29,175,49,0.134246575,0.28114,0.024222192,0.655,0.61,0.7,0,11/01/19
11/01/19,01/03/19,152.29,177.5,49,0.134246575,0.28343,0.024222192,0.5,0.46,0.54,0.5,11/01/19
11/01/19,01/03/19,152.29,180,49,0.134246575,0.28418,0.024222192,0.375,0.34,0.41,0.38,11/01/19
11/01/19,01/03/19,152.29,182.5,49,0.134246575,0.29013,0.024222192,0.3,0.25,0.35,0,11/01/19
11/01/19,01/03/19,152.29,185,49,0.134246575,0.29369,0.024222192,0.24,0.19,0.29,0.24,11/01/19
11/01/19,01/03/19,152.29,187.5,49,0.134246575,0.29908,0.024222192,0.195,0.14,0.25,0.25,11/01/19
11/01/19,01/03/19,152.29,190,49,0.134246575,0.30403,0.024222192,0.16,0.1,0.22,0,11/01/19
11/01/19,01/03/19,152.29,195,49,0.134246575,0.31936,0.024222192,0.12,0.07,0.17,0.14,11/01/19
11/01/19,01/03/19,152.29,200,49,0.134246575,0.34162,0.024222192,0.105,0.08,0.13,0.1,11/01/19
11/01/19,15/03/19,152.29,75,62.96,0.172493151,1.26528,0.0243,77.35,76.95,77.75,0,11/01/19
11/01/19,15/03/19,152.29,80,62.96,0.172493151,1.11361,0.0243,72.35,71.9,72.8,0,11/01/19
11/01/19,15/03/19,152.29,85,62.96,0.172493151,0.98333,0.0243,67.375,66.9,67.85,0,11/01/19
11/01/19,15/03/19,152.29,90,62.96,0.172493151,0.86844,0.0243,62.4,61.95,62.85,53.9,11/01/19
11/01/19,15/03/19,152.29,95,62.96,0.172493151,0.7694,0.0243,57.45,57.05,57.85,0,11/01/19
11/01/19,15/03/19,152.29,100,62.96,0.172493151,0.69854,0.0243,52.62,52.29,52.95,52.5,11/01/19
11/01/19,15/03/19,152.29,105,62.96,0.172493151,0.6027,0.0243,47.555,47.15,47.96,45.02,11/01/19
11/01/19,15/03/19,152.29,110,62.96,0.172493151,0.53175,0.0243,42.6,42.15,43.05,0,11/01/19
11/01/19,15/03/19,152.29,115,62.96,0.172493151,0.47531,0.0243,37.7,37.25,38.15,31.52,11/01/19
11/01/19,15/03/19,152.29,120,62.96,0.172493151,0.43342,0.0243,32.905,32.75,33.06,34.6,11/01/19
11/01/19,15/03/19,152.29,125,62.96,0.172493151,0.39929,0.0243,28.175,28.04,28.31,28.35,11/01/19
11/01/19,15/03/19,152.29,130,62.96,0.172493151,0.37093,0.0243,23.605,23.5,23.71,23.7,11/01/19
11/01/19,15/03/19,152.29,135,62.96,0.172493151,0.35311,0.0243,19.32,19.2,19.44,19.39,11/01/19
11/01/19,15/03/19,152.29,140,62.96,0.172493151,0.33556,0.0243,15.32,15.2,15.44,15.35,11/01/19
11/01/19,15/03/19,152.29,145,62.96,0.172493151,0.32325,0.0243,11.78,11.7,11.86,11.51,11/01/19
11/01/19,15/03/19,152.29,150,62.96,0.172493151,0.3109,0.0243,8.685,8.61,8.76,8.7,11/01/19
11/01/19,15/03/19,152.29,155,62.96,0.172493151,0.30044,0.0243,6.125,6.05,6.2,6.17,11/01/19
11/01/19,15/03/19,152.29,160,62.96,0.172493151,0.29092,0.0243,4.105,4.05,4.16,4.12,11/01/19
11/01/19,15/03/19,152.29,165,62.96,0.172493151,0.28302,0.0243,2.605,2.59,2.62,2.6,11/01/19
11/01/19,15/03/19,152.29,170,62.96,0.172493151,0.27766,0.0243,1.605,1.57,1.64,1.6,11/01/19
11/01/19,15/03/19,152.29,175,62.96,0.172493151,0.27619,0.0243,0.965,0.95,0.98,0.97,11/01/19
11/01/19,15/03/19,152.29,180,62.96,0.172493151,0.27761,0.0243,0.59,0.58,0.6,0.59,11/01/19
11/01/19,15/03/19,152.29,185,62.96,0.172493151,0.28008,0.0243,0.36,0.34,0.38,0.37,11/01/19
11/01/19,15/03/19,152.29,190,62.96,0.172493151,0.29101,0.0243,0.26,0.24,0.28,0.25,11/01/19
11/01/19,15/03/19,152.29,195,62.96,0.172493151,0.30054,0.0243,0.19,0.16,0.22,0.17,11/01/19
11/01/19,15/03/19,152.29,200,62.96,0.172493151,0.30746,0.0243,0.12,0.11,0.13,0.13,11/01/19
11/01/19,15/03/19,152.29,205,62.96,0.172493151,0.3177,0.0243,0.095,0.08,0.11,0.1,11/01/19
11/01/19,15/03/19,152.29,210,62.96,0.172493151,0.32991,0.0243,0.07,0.05,0.09,0.05,11/01/19
11/01/19,15/03/19,152.29,215,62.96,0.172493151,0.34045,0.0243,0.06,0.04,0.08,0.06,11/01/19
11/01/19,15/03/19,152.29,220,62.96,0.172493151,0.36299,0.0243,0.065,0.06,0.07,0.06,11/01/19
11/01/19,15/03/19,152.29,225,62.96,0.172493151,0.36642,0.0243,0.045,0.03,0.06,0.05,11/01/19
11/01/19,15/03/19,152.29,230,62.96,0.172493151,0.39286,0.0243,0.05,0.03,0.07,0.05,11/01/19
11/01/19,15/03/19,152.29,235,62.96,0.172493151,0.39678,0.0243,0.04,0.03,0.05,0.03,11/01/19
11/01/19,15/03/19,152.29,240,62.96,0.172493151,0.40094,0.0243,0.03,0.02,0.04,0.03,11/01/19
11/01/19,15/03/19,152.29,245,62.96,0.172493151,0.42291,0.0243,0.035,0.03,0.04,0.04,11/01/19
11/01/19,15/03/19,152.29,250,62.96,0.172493151,0.42449,0.0243,0.03,0.02,0.04,0.04,11/01/19
11/01/19,15/03/19,152.29,255,62.96,0.172493151,0.45404,0.0243,0.03,0.02,0.04,0.03,11/01/19
11/01/19,15/03/19,152.29,260,62.96,0.172493151,0.45326,0.0243,0.035,0.02,0.05,0.01,11/01/19
11/01/19,15/03/19,152.29,265,62.96,0.172493151,0.46878,0.0243,0.025,0,0.05,0.04,11/01/19
11/01/19,15/03/19,152.29,270,62.96,0.172493151,0.48234,0.0243,0.025,0,0.05,0.02,11/01/19
11/01/19,15/03/19,152.29,275,62.96,0.172493151,0.49504,0.0243,0.025,0,0.05,0.03,11/01/19
11/01/19,15/03/19,152.29,280,62.96,0.172493151,0.51777,0.0243,0.035,0.02,0.05,0.03,11/01/19
11/01/19,15/03/19,152.29,285,62.96,0.172493151,0.52152,0.0243,0.025,0,0.05,0.05,11/01/19
11/01/19,15/03/19,152.29,290,62.96,0.172493151,0.53477,0.0243,0.02,0,0.04,0.04,11/01/19
11/01/19,15/03/19,152.29,295,62.96,0.172493151,0.53512,0.0243,0.025,0,0.05,0.07,11/01/19
11/01/19,15/03/19,152.29,300,62.96,0.172493151,0.54858,0.0243,0.025,0,0.05,0.01,11/01/19
11/01/19,18/04/19,152.29,35,96.96,0.265643836,3.25642,0.024343803,117.32,115.69,118.95,0,11/01/19
11/01/19,18/04/19,152.29,55,96.96,0.265643836,1.73055,0.024343803,97.355,95.71,99,153.48,11/01/19
11/01/19,18/04/19,152.29,60,96.96,0.265643836,1.51096,0.024343803,92.375,90.75,94,108.12,11/01/19
11/01/19,18/04/19,152.29,65,96.96,0.265643836,1.31841,0.024343803,87.345,85.7,88.99,144.55,11/01/19
11/01/19,18/04/19,152.29,70,96.96,0.265643836,1.1629,0.024343803,82.395,81.05,83.74,0,11/01/19
11/01/19,18/04/19,152.29,75,96.96,0.265643836,1.02243,0.024343803,77.4,75.55,79.25,83.1,11/01/19
11/01/19,18/04/19,152.29,80,96.96,0.265643836,0.89722,0.024343803,72.375,71.9,72.85,0,11/01/19
11/01/19,18/04/19,152.29,85,96.96,0.265643836,0.79461,0.024343803,67.42,66.95,67.89,0,11/01/19
11/01/19,18/04/19,152.29,90,96.96,0.265643836,0.70435,0.024343803,62.475,62,62.95,0,11/01/19
11/01/19,18/04/19,152.29,95,96.96,0.265643836,0.6161,0.024343803,57.45,57.05,57.85,124.27,11/01/19
11/01/19,18/04/19,152.29,100,96.96,0.265643836,0.55516,0.024343803,52.605,52.2,53.01,52.67,11/01/19
11/01/19,18/04/19,152.29,105,96.96,0.265643836,0.49653,0.024343803,47.7,47.31,48.09,41.75,11/01/19
11/01/19,18/04/19,152.29,110,96.96,0.265643836,0.45453,0.024343803,42.9,42.51,43.29,44.83,11/01/19
11/01/19,18/04/19,152.29,115,96.96,0.265643836,0.41714,0.024343803,38.125,37.95,38.3,36,11/01/19
11/01/19,18/04/19,152.29,120,96.96,0.265643836,0.38563,0.024343803,33.425,33.25,33.6,33.35,11/01/19
11/01/19,18/04/19,152.29,125,96.96,0.265643836,0.36545,0.024343803,28.92,28.8,29.04,29.02,11/01/19
11/01/19,18/04/19,152.29,130,96.96,0.265643836,0.34776,0.024343803,24.585,24.46,24.71,24.9,11/01/19
11/01/19,18/04/19,152.29,135,96.96,0.265643836,0.33307,0.024343803,20.5,20.35,20.65,22,11/01/19
11/01/19,18/04/19,152.29,140,96.96,0.265643836,0.32189,0.024343803,16.75,16.66,16.84,16.73,11/01/19
11/01/19,18/04/19,152.29,145,96.96,0.265643836,0.30987,0.024343803,13.3,13.19,13.41,13.5,11/01/19
11/01/19,18/04/19,152.29,150,96.96,0.265643836,0.30002,0.024343803,10.275,10.2,10.35,10.3,11/01/19
11/01/19,18/04/19,152.29,155,96.96,0.265643836,0.28942,0.024343803,7.675,7.6,7.75,7.8,11/01/19
11/01/19,18/04/19,152.29,160,96.96,0.265643836,0.28199,0.024343803,5.545,5.5,5.59,5.65,11/01/19
11/01/19,18/04/19,152.29,165,96.96,0.265643836,0.27513,0.024343803,3.9,3.85,3.95,3.94,11/01/19
11/01/19,18/04/19,152.29,170,96.96,0.265643836,0.26975,0.024343803,2.64,2.6,2.68,2.62,11/01/19
11/01/19,18/04/19,152.29,175,96.96,0.265643836,0.26532,0.024343803,1.75,1.72,1.78,1.74,11/01/19
11/01/19,18/04/19,152.29,180,96.96,0.265643836,0.26257,0.024343803,1.135,1.11,1.16,1.14,11/01/19
11/01/19,18/04/19,152.29,185,96.96,0.265643836,0.26342,0.024343803,0.76,0.75,0.77,0.75,11/01/19
11/01/19,18/04/19,152.29,190,96.96,0.265643836,0.26727,0.024343803,0.515,0.49,0.54,0.52,11/01/19
11/01/19,18/04/19,152.29,195,96.96,0.265643836,0.27072,0.024343803,0.36,0.34,0.38,0.37,11/01/19
11/01/19,18/04/19,152.29,200,96.96,0.265643836,0.27847,0.024343803,0.275,0.26,0.29,0.28,11/01/19
11/01/19,18/04/19,152.29,205,96.96,0.265643836,0.28512,0.024343803,0.195,0.17,0.22,0.21,11/01/19
11/01/19,18/04/19,152.29,210,96.96,0.265643836,0.29658,0.024343803,0.16,0.14,0.18,0.17,11/01/19
11/01/19,18/04/19,152.29,215,96.96,0.265643836,0.29817,0.024343803,0.105,0.09,0.12,0.13,11/01/19
11/01/19,18/04/19,152.29,220,96.96,0.265643836,0.30675,0.024343803,0.095,0.07,0.12,0.12,11/01/19
11/01/19,18/04/19,152.29,225,96.96,0.265643836,0.324,0.024343803,0.105,0.09,0.12,0.09,11/01/19
11/01/19,18/04/19,152.29,230,96.96,0.265643836,0.33128,0.024343803,0.075,0.05,0.1,0.09,11/01/19
11/01/19,18/04/19,152.29,235,96.96,0.265643836,0.3398,0.024343803,0.07,0.06,0.08,0.07,11/01/19
11/01/19,18/04/19,152.29,240,96.96,0.265643836,0.35377,0.024343803,0.07,0.06,0.08,0.06,11/01/19
11/01/19,18/04/19,152.29,245,96.96,0.265643836,0.35061,0.024343803,0.05,0,0.1,0.08,11/01/19
11/01/19,18/04/19,152.29,250,96.96,0.265643836,0.37416,0.024343803,0.06,0.05,0.07,0.05,11/01/19
11/01/19,18/04/19,152.29,255,96.96,0.265643836,0.38,0.024343803,0.05,0.02,0.08,0.06,11/01/19
11/01/19,18/04/19,152.29,260,96.96,0.265643836,0.39191,0.024343803,0.045,0.02,0.07,0.06,11/01/19
11/01/19,18/04/19,152.29,265,96.96,0.265643836,0.40362,0.024343803,0.05,0.03,0.07,0.05,11/01/19
11/01/19,18/04/19,152.29,270,96.96,0.265643836,0.41612,0.024343803,0.05,0.03,0.07,0.06,11/01/19
11/01/19,18/04/19,152.29,275,96.96,0.265643836,0.42234,0.024343803,0.045,0.02,0.07,0.06,11/01/19
11/01/19,18/04/19,152.29,280,96.96,0.265643836,0.42409,0.024343803,0.035,0.02,0.05,0.02,11/01/19
11/01/19,18/04/19,152.29,285,96.96,0.265643836,0.43951,0.024343803,0.035,0.02,0.05,0.03,11/01/19
11/01/19,18/04/19,152.29,290,96.96,0.265643836,0.44442,0.024343803,0.04,0.01,0.07,0.02,11/01/19
11/01/19,18/04/19,152.29,295,96.96,0.265643836,0.44845,0.024343803,0.03,0.01,0.05,0.03,11/01/19
11/01/19,18/04/19,152.29,300,96.96,0.265643836,0.44998,0.024343803,0.03,0.02,0.04,0.03,11/01/19
11/01/19,18/04/19,152.29,305,96.96,0.265643836,0.46751,0.024343803,0.03,0.01,0.05,0.03,11/01/19
11/01/19,18/04/19,152.29,310,96.96,0.265643836,0.46949,0.024343803,0.025,0,0.05,0.09,11/01/19
11/01/19,18/04/19,152.29,315,96.96,0.265643836,0.4786,0.024343803,0.025,0,0.05,0.23,11/01/19
11/01/19,18/04/19,152.29,320,96.96,0.265643836,0.48844,0.024343803,0.025,0,0.05,0.05,11/01/19
11/01/19,18/04/19,152.29,325,96.96,0.265643836,0.49637,0.024343803,0.025,0,0.05,0.04,11/01/19
11/01/19,18/04/19,152.29,330,96.96,0.265643836,0.50507,0.024343803,0.025,0,0.05,0.02,11/01/19
11/01/19,18/04/19,152.29,335,96.96,0.265643836,0.51362,0.024343803,0.025,0,0.05,0.06,11/01/19
11/01/19,18/04/19,152.29,340,96.96,0.265643836,0.52316,0.024343803,0.03,0,0.06,0.13,11/01/19
11/01/19,18/04/19,152.29,345,96.96,0.265643836,0.52089,0.024343803,0.025,0,0.05,0.03,11/01/19
11/01/19,18/04/19,152.29,350,96.96,0.265643836,0.5286,0.024343803,0.02,0,0.04,0.12,11/01/19
11/01/19,18/04/19,152.29,355,96.96,0.265643836,0.53739,0.024343803,0.015,0,0.03,0.1,11/01/19
11/01/19,18/04/19,152.29,360,96.96,0.265643836,0.54467,0.024343803,0.015,0,0.03,0.06,11/01/19
11/01/19,18/04/19,152.29,365,96.96,0.265643836,0.55246,0.024343803,0.02,0,0.04,0.1,11/01/19
11/01/19,18/04/19,152.29,370,96.96,0.265643836,0.55945,0.024343803,0.02,0,0.04,0.08,11/01/19
11/01/19,18/04/19,152.29,375,96.96,0.265643836,0.56699,0.024343803,0.015,0,0.03,0.04,11/01/19
11/01/19,18/04/19,152.29,380,96.96,0.265643836,0.57409,0.024343803,0.02,0,0.04,0.01,11/01/19
11/01/19,18/04/19,152.29,385,96.96,0.265643836,0.58206,0.024343803,0.02,0,0.04,0.05,11/01/19
11/01/19,18/04/19,152.29,390,96.96,0.265643836,0.58942,0.024343803,0.02,0,0.04,0.17,11/01/19
11/01/19,18/04/19,152.29,395,96.96,0.265643836,0.59677,0.024343803,0.02,0,0.04,0.1,11/01/19
11/01/19,18/04/19,152.29,400,96.96,0.265643836,0.60233,0.024343803,0.025,0,0.05,0.02,11/01/19
11/01/19,18/04/19,152.29,405,96.96,0.265643836,0.60928,0.024343803,0.02,0,0.04,0.02,11/01/19
11/01/19,18/04/19,152.29,410,96.96,0.265643836,0.60227,0.024343803,0.015,0,0.03,0.01,11/01/19
11/01/19,18/04/19,152.29,415,96.96,0.265643836,0.62276,0.024343803,0.02,0,0.04,0,11/01/19
11/01/19,18/04/19,152.29,420,96.96,0.265643836,0.62898,0.024343803,0.02,0,0.04,0.02,11/01/19
11/01/19,18/04/19,152.29,425,96.96,0.265643836,0.60359,0.024343803,0.01,0,0.02,0.04,11/01/19
11/01/19,21/06/19,152.29,80,160.96,0.440986301,0.7222,0.024834762,72.45,71.95,72.95,0,11/01/19
11/01/19,21/06/19,152.29,85,160.96,0.440986301,0.66445,0.024834762,67.75,66.7,68.8,85.79,11/01/19
11/01/19,21/06/19,152.29,90,160.96,0.440986301,0.58378,0.024834762,62.67,62.25,63.09,61.07,11/01/19
11/01/19,21/06/19,152.29,95,160.96,0.440986301,0.52552,0.024834762,57.78,57.41,58.15,56.23,11/01/19
11/01/19,21/06/19,152.29,100,160.96,0.440986301,0.48421,0.024834762,53.005,52.6,53.41,53.85,11/01/19
11/01/19,21/06/19,152.29,105,160.96,0.440986301,0.4482,0.024834762,48.245,48.04,48.45,48.25,11/01/19
11/01/19,21/06/19,152.29,110,160.96,0.440986301,0.41776,0.024834762,43.55,43.35,43.75,41,11/01/19
11/01/19,21/06/19,152.29,115,160.96,0.440986301,0.39395,0.024834762,38.975,38.8,39.15,38.94,11/01/19
11/01/19,21/06/19,152.29,120,160.96,0.440986301,0.37462,0.024834762,34.525,34.35,34.7,35.02,11/01/19
11/01/19,21/06/19,152.29,125,160.96,0.440986301,0.35881,0.024834762,30.265,30.14,30.39,30.75,11/01/19
11/01/19,21/06/19,152.29,130,160.96,0.440986301,0.34535,0.024834762,26.205,26.05,26.36,26.15,11/01/19
11/01/19,21/06/19,152.29,135,160.96,0.440986301,0.33229,0.024834762,22.37,22.25,22.49,22.2,11/01/19
11/01/19,21/06/19,152.29,140,160.96,0.440986301,0.3214,0.024834762,18.825,18.7,18.95,18.89,11/01/19
11/01/19,21/06/19,152.29,145,160.96,0.440986301,0.31382,0.024834762,15.65,15.55,15.75,15.67,11/01/19
11/01/19,21/06/19,152.29,150,160.96,0.440986301,0.30345,0.024834762,12.72,12.64,12.8,12.72,11/01/19
11/01/19,21/06/19,152.29,155,160.96,0.440986301,0.29588,0.024834762,10.17,10.1,10.24,10.24,11/01/19
11/01/19,21/06/19,152.29,160,160.96,0.440986301,0.28821,0.024834762,7.975,7.9,8.05,8.07,11/01/19
11/01/19,21/06/19,152.29,165,160.96,0.440986301,0.28092,0.024834762,6.135,6.06,6.21,6.25,11/01/19
11/01/19,21/06/19,152.29,170,160.96,0.440986301,0.27555,0.024834762,4.62,4.54,4.7,4.67,11/01/19
11/01/19,21/06/19,152.29,175,160.96,0.440986301,0.27165,0.024834762,3.445,3.4,3.49,3.45,11/01/19
11/01/19,21/06/19,152.29,180,160.96,0.440986301,0.26866,0.024834762,2.55,2.51,2.59,2.58,11/01/19
11/01/19,21/06/19,152.29,185,160.96,0.440986301,0.26745,0.024834762,1.885,1.85,1.92,1.87,11/01/19
11/01/19,21/06/19,152.29,190,160.96,0.440986301,0.2659,0.024834762,1.385,1.36,1.41,1.38,11/01/19
11/01/19,21/06/19,152.29,195,160.96,0.440986301,0.2663,0.024834762,1.025,1,1.05,1.05,11/01/19
11/01/19,21/06/19,152.29,200,160.96,0.440986301,0.26917,0.024834762,0.785,0.77,0.8,0.78,11/01/19
11/01/19,21/06/19,152.29,205,160.96,0.440986301,0.27056,0.024834762,0.585,0.57,0.6,0.59,11/01/19
11/01/19,21/06/19,152.29,210,160.96,0.440986301,0.27692,0.024834762,0.49,0.48,0.5,0.47,11/01/19
11/01/19,21/06/19,152.29,215,160.96,0.440986301,0.27918,0.024834762,0.37,0.34,0.4,0.4,11/01/19
11/01/19,21/06/19,152.29,220,160.96,0.440986301,0.28539,0.024834762,0.305,0.28,0.33,0.32,11/01/19
11/01/19,21/06/19,152.29,225,160.96,0.440986301,0.29221,0.024834762,0.27,0.24,0.3,0.26,11/01/19
11/01/19,21/06/19,152.29,230,160.96,0.440986301,0.29474,0.024834762,0.21,0.2,0.22,0.21,11/01/19
11/01/19,21/06/19,152.29,235,160.96,0.440986301,0.30329,0.024834762,0.2,0.18,0.22,0.19,11/01/19
11/01/19,21/06/19,152.29,240,160.96,0.440986301,0.31203,0.024834762,0.185,0.15,0.22,0.17,11/01/19
11/01/19,21/06/19,152.29,245,160.96,0.440986301,0.3186,0.024834762,0.16,0.13,0.19,0.17,11/01/19
11/01/19,21/06/19,152.29,250,160.96,0.440986301,0.32429,0.024834762,0.14,0.12,0.16,0.15,11/01/19
11/01/19,21/06/19,152.29,255,160.96,0.440986301,0.33254,0.024834762,0.13,0.11,0.15,0.15,11/01/19
11/01/19,21/06/19,152.29,260,160.96,0.440986301,0.34213,0.024834762,0.13,0.1,0.16,0.13,11/01/19
11/01/19,21/06/19,152.29,265,160.96,0.440986301,0.34934,0.024834762,0.11,0.08,0.14,0.1,11/01/19
11/01/19,21/06/19,152.29,270,160.96,0.440986301,0.35593,0.024834762,0.12,0.09,0.15,0.11,11/01/19
11/01/19,21/06/19,152.29,275,160.96,0.440986301,0.36513,0.024834762,0.11,0.08,0.14,0.08,11/01/19
11/01/19,21/06/19,152.29,280,160.96,0.440986301,0.36769,0.024834762,0.095,0.07,0.12,0.05,11/01/19
11/01/19,21/06/19,152.29,285,160.96,0.440986301,0.37721,0.024834762,0.1,0.08,0.12,0.08,11/01/19
11/01/19,21/06/19,152.29,290,160.96,0.440986301,0.38405,0.024834762,0.085,0.06,0.11,0.14,11/01/19
11/01/19,21/06/19,152.29,295,160.96,0.440986301,0.39201,0.024834762,0.085,0.06,0.11,0.06,11/01/19
11/01/19,21/06/19,152.29,300,160.96,0.440986301,0.3979,0.024834762,0.08,0.06,0.1,0.08,11/01/19
11/01/19,21/06/19,152.29,310,160.96,0.440986301,0.40252,0.024834762,0.07,0.05,0.09,0.08,11/01/19
11/01/19,21/06/19,152.29,320,160.96,0.440986301,0.41501,0.024834762,0.06,0.04,0.08,0.01,11/01/19
11/01/19,21/06/19,152.29,330,160.96,0.440986301,0.43623,0.024834762,0.07,0.04,0.1,0.07,11/01/19
11/01/19,21/06/19,152.29,340,160.96,0.440986301,0.43578,0.024834762,0.055,0.05,0.06,0.05,11/01/19
11/01/19,19/07/19,152.29,80,188.96,0.51769863,0.65278,0.025028318,72.32,70.35,74.29,73.25,11/01/19
11/01/19,19/07/19,152.29,85,188.96,0.51769863,0.59421,0.025028318,67.55,67.15,67.95,67.11,11/01/19
11/01/19,19/07/19,152.29,90,188.96,0.51769863,0.53902,0.025028318,62.725,62.3,63.15,62.8,11/01/19
11/01/19,19/07/19,152.29,95,188.96,0.51769863,0.51331,0.025028318,58.23,56.96,59.5,63.1,11/01/19
11/01/19,19/07/19,152.29,100,188.96,0.51769863,0.45195,0.025028318,53.125,52.9,53.35,53.6,11/01/19
11/01/19,19/07/19,152.29,105,188.96,0.51769863,0.4218,0.025028318,48.44,48.29,48.59,48.45,11/01/19
11/01/19,19/07/19,152.29,110,188.96,0.51769863,0.39556,0.025028318,43.8,43.6,44,37.5,11/01/19
11/01/19,19/07/19,152.29,115,188.96,0.51769863,0.37708,0.025028318,39.33,39.16,39.5,36.4,11/01/19
11/01/19,19/07/19,152.29,120,188.96,0.51769863,0.36033,0.025028318,34.96,34.81,35.11,34.47,11/01/19
11/01/19,19/07/19,152.29,125,188.96,0.51769863,0.34748,0.025028318,30.8,30.65,30.95,31.59,11/01/19
11/01/19,19/07/19,152.29,130,188.96,0.51769863,0.33485,0.025028318,26.83,26.7,26.96,26.9,11/01/19
11/01/19,19/07/19,152.29,135,188.96,0.51769863,0.32462,0.025028318,23.1,22.95,23.25,22.98,11/01/19
11/01/19,19/07/19,152.29,140,188.96,0.51769863,0.31491,0.025028318,19.625,19.5,19.75,19.63,11/01/19
11/01/19,19/07/19,152.29,145,188.96,0.51769863,0.30615,0.025028318,16.455,16.35,16.56,16.42,11/01/19
11/01/19,19/07/19,152.29,150,188.96,0.51769863,0.29815,0.025028318,13.575,13.5,13.65,13.6,11/01/19
11/01/19,19/07/19,152.29,155,188.96,0.51769863,0.29095,0.025028318,11.025,10.95,11.1,11.05,11/01/19
11/01/19,19/07/19,152.29,160,188.96,0.51769863,0.28473,0.025028318,8.825,8.75,8.9,8.8,11/01/19
11/01/19,19/07/19,152.29,165,188.96,0.51769863,0.27781,0.025028318,6.925,6.86,6.99,6.95,11/01/19
11/01/19,19/07/19,152.29,170,188.96,0.51769863,0.27273,0.025028318,5.375,5.31,5.44,5.36,11/01/19
11/01/19,19/07/19,152.29,175,188.96,0.51769863,0.26897,0.025028318,4.095,4.04,4.15,4.15,11/01/19
11/01/19,19/07/19,152.29,180,188.96,0.51769863,0.26543,0.025028318,3.12,3.05,3.19,3.09,11/01/19
11/01/19,19/07/19,152.29,185,188.96,0.51769863,0.26322,0.025028318,2.345,2.31,2.38,2.38,11/01/19
11/01/19,19/07/19,152.29,190,188.96,0.51769863,0.26159,0.025028318,1.765,1.74,1.79,1.81,11/01/19
11/01/19,19/07/19,152.29,195,188.96,0.51769863,0.26201,0.025028318,1.335,1.3,1.37,1.31,11/01/19
11/01/19,19/07/19,152.29,200,188.96,0.51769863,0.26287,0.025028318,1.015,1,1.03,1.03,11/01/19
11/01/19,19/07/19,152.29,205,188.96,0.51769863,0.26343,0.025028318,0.765,0.74,0.79,0.81,11/01/19
11/01/19,19/07/19,152.29,210,188.96,0.51769863,0.26611,0.025028318,0.605,0.58,0.63,0.61,11/01/19
11/01/19,19/07/19,152.29,215,188.96,0.51769863,0.26937,0.025028318,0.485,0.45,0.52,0.49,11/01/19
11/01/19,19/07/19,152.29,220,188.96,0.51769863,0.27318,0.025028318,0.4,0.36,0.44,0.4,11/01/19
11/01/19,19/07/19,152.29,225,188.96,0.51769863,0.27789,0.025028318,0.325,0.29,0.36,0.33,11/01/19
11/01/19,19/07/19,152.29,230,188.96,0.51769863,0.28323,0.025028318,0.28,0.25,0.31,0.28,11/01/19
11/01/19,19/07/19,152.29,235,188.96,0.51769863,0.28914,0.025028318,0.245,0.21,0.28,0.27,11/01/19
11/01/19,19/07/19,152.29,240,188.96,0.51769863,0.29491,0.025028318,0.21,0.18,0.24,0.22,11/01/19
11/01/19,19/07/19,152.29,245,188.96,0.51769863,0.30149,0.025028318,0.2,0.17,0.23,0.18,11/01/19
11/01/19,19/07/19,152.29,250,188.96,0.51769863,0.31118,0.025028318,0.19,0.17,0.21,0.2,11/01/19
11/01/19,19/07/19,152.29,255,188.96,0.51769863,0.31418,0.025028318,0.16,0.13,0.19,0.2,11/01/19
11/01/19,19/07/19,152.29,260,188.96,0.51769863,0.32142,0.025028318,0.155,0.13,0.18,0.15,11/01/19
11/01/19,19/07/19,152.29,265,188.96,0.51769863,0.32779,0.025028318,0.145,0.12,0.17,0.47,11/01/19
11/01/19,19/07/19,152.29,270,188.96,0.51769863,0.33435,0.025028318,0.13,0.09,0.17,0.1,11/01/19
11/01/19,19/07/19,152.29,275,188.96,0.51769863,0.33993,0.025028318,0.13,0.1,0.16,0.14,11/01/19
11/01/19,19/07/19,152.29,280,188.96,0.51769863,0.34826,0.025028318,0.125,0.1,0.15,0.11,11/01/19
11/01/19,19/07/19,152.29,285,188.96,0.51769863,0.35338,0.025028318,0.115,0.08,0.15,0.13,11/01/19
11/01/19,19/07/19,152.29,290,188.96,0.51769863,0.3614,0.025028318,0.105,0.07,0.14,0.1,11/01/19
11/01/19,17/01/20,152.29,50,371,1.016438356,1.05323,0.025795068,102.405,102.11,102.7,103.2,11/01/19
11/01/19,17/01/20,152.29,55,371,1.016438356,0.90936,0.025795068,97.3,96.8,97.8,98.39,11/01/19
11/01/19,17/01/20,152.29,65,371,1.016438356,0.70087,0.025795068,87.35,86.85,87.85,103.4,11/01/19
11/01/19,17/01/20,152.29,70,371,1.016438356,0.62284,0.025795068,82.425,81.9,82.95,80,11/01/19
11/01/19,17/01/20,152.29,75,371,1.016438356,0.55889,0.025795068,77.575,77.05,78.1,72.35,11/01/19
11/01/19,17/01/20,152.29,80,371,1.016438356,0.50549,0.025795068,72.715,72.39,73.04,74.03,11/01/19
11/01/19,17/01/20,152.29,85,371,1.016438356,0.4726,0.025795068,68.15,67.7,68.6,70.3,11/01/19
11/01/19,17/01/20,152.29,90,371,1.016438356,0.44248,0.025795068,63.52,63.35,63.69,63.55,11/01/19
11/01/19,17/01/20,152.29,95,371,1.016438356,0.41626,0.025795068,58.95,58.75,59.15,57.58,11/01/19
11/01/19,17/01/20,152.29,100,371,1.016438356,0.40006,0.025795068,54.575,54.4,54.75,54.8,11/01/19
11/01/19,17/01/20,152.29,105,371,1.016438356,0.38339,0.025795068,50.2,50,50.4,50.9,11/01/19
11/01/19,17/01/20,152.29,110,371,1.016438356,0.37143,0.025795068,46.025,45.85,46.2,45.6,11/01/19
11/01/19,17/01/20,152.29,115,371,1.016438356,0.36077,0.025795068,41.995,41.8,42.19,43.15,11/01/19
11/01/19,17/01/20,152.29,120,371,1.016438356,0.34999,0.025795068,38.05,37.9,38.2,37.6,11/01/19
11/01/19,17/01/20,152.29,125,371,1.016438356,0.34027,0.025795068,34.275,34.1,34.45,34.35,11/01/19
11/01/19,17/01/20,152.29,130,371,1.016438356,0.33305,0.025795068,30.78,30.66,30.9,30.68,11/01/19
11/01/19,17/01/20,152.29,135,371,1.016438356,0.32544,0.025795068,27.39,27.24,27.54,27.42,11/01/19
11/01/19,17/01/20,152.29,140,371,1.016438356,0.31815,0.025795068,24.25,24.1,24.4,24.5,11/01/19
11/01/19,17/01/20,152.29,145,371,1.016438356,0.31207,0.025795068,21.375,21.24,21.51,21.45,11/01/19
11/01/19,17/01/20,152.29,150,371,1.016438356,0.30534,0.025795068,18.65,18.55,18.75,18.7,11/01/19
11/01/19,17/01/20,152.29,155,371,1.016438356,0.2997,0.025795068,16.175,16.1,16.25,16.13,11/01/19
11/01/19,17/01/20,152.29,160,371,1.016438356,0.29438,0.025795068,13.9,13.8,14,13.98,11/01/19
11/01/19,17/01/20,152.29,165,371,1.016438356,0.28886,0.025795068,11.88,11.75,12.01,11.9,11/01/19
11/01/19,17/01/20,152.29,170,371,1.016438356,0.28461,0.025795068,10.095,10,10.19,10.07,11/01/19
11/01/19,17/01/20,152.29,175,371,1.016438356,0.28061,0.025795068,8.525,8.45,8.6,8.65,11/01/19
11/01/19,17/01/20,152.29,180,371,1.016438356,0.27561,0.025795068,7.105,7,7.21,7.15,11/01/19
11/01/19,17/01/20,152.29,185,371,1.016438356,0.27272,0.025795068,5.945,5.84,6.05,6,11/01/19
11/01/19,17/01/20,152.29,190,371,1.016438356,0.26962,0.025795068,4.925,4.85,5,5,11/01/19
11/01/19,17/01/20,152.29,195,371,1.016438356,0.26659,0.025795068,4.075,4,4.15,4.12,11/01/19
11/01/19,17/01/20,152.29,200,371,1.016438356,0.26584,0.025795068,3.4,3.35,3.45,3.35,11/01/19
11/01/19,17/01/20,152.29,205,371,1.016438356,0.26369,0.025795068,2.795,2.75,2.84,2.87,11/01/19
11/01/19,17/01/20,152.29,210,371,1.016438356,0.26226,0.025795068,2.3,2.26,2.34,2.35,11/01/19
11/01/19,17/01/20,152.29,215,371,1.016438356,0.26243,0.025795068,1.925,1.88,1.97,1.93,11/01/19
11/01/19,17/01/20,152.29,220,371,1.016438356,0.26265,0.025795068,1.615,1.58,1.65,1.6,11/01/19
11/01/19,17/01/20,152.29,225,371,1.016438356,0.26221,0.025795068,1.33,1.3,1.36,1.38,11/01/19
11/01/19,17/01/20,152.29,230,371,1.016438356,0.26304,0.025795068,1.135,1.12,1.15,1.15,11/01/19
11/01/19,17/01/20,152.29,235,371,1.016438356,0.26368,0.025795068,0.96,0.92,1,0.99,11/01/19
11/01/19,17/01/20,152.29,240,371,1.016438356,0.26502,0.025795068,0.82,0.8,0.84,0.84,11/01/19
11/01/19,17/01/20,152.29,245,371,1.016438356,0.26719,0.025795068,0.71,0.67,0.75,0.78,11/01/19
11/01/19,17/01/20,152.29,250,371,1.016438356,0.26987,0.025795068,0.625,0.62,0.63,0.61,11/01/19
11/01/19,17/01/20,152.29,255,371,1.016438356,0.27024,0.025795068,0.525,0.49,0.56,0.52,11/01/19
11/01/19,17/01/20,152.29,260,371,1.016438356,0.27249,0.025795068,0.48,0.45,0.51,0.5,11/01/19
11/01/19,17/01/20,152.29,270,371,1.016438356,0.27837,0.025795068,0.385,0.35,0.42,0.4,11/01/19
11/01/19,17/01/20,152.29,280,371,1.016438356,0.28422,0.025795068,0.305,0.27,0.34,0.35,11/01/19
11/01/19,17/01/20,152.29,290,371,1.016438356,0.29117,0.025795068,0.27,0.24,0.3,0.3,11/01/19
11/01/19,17/01/20,152.29,300,371,1.016438356,0.29852,0.025795068,0.23,0.21,0.25,0.25,11/01/19
11/01/19,17/01/20,152.29,310,371,1.016438356,0.30738,0.025795068,0.215,0.2,0.23,0.18,11/01/19
11/01/19,17/01/20,152.29,320,371,1.016438356,0.31302,0.025795068,0.19,0.16,0.22,0.2,11/01/19
11/01/19,17/01/20,152.29,330,371,1.016438356,0.32076,0.025795068,0.18,0.15,0.21,0.19,11/01/19
11/01/19,17/01/20,152.29,340,371,1.016438356,0.32704,0.025795068,0.165,0.14,0.19,0.17,11/01/19
11/01/19,19/06/20,152.29,75,524.96,1.438246575,0.48924,0.025668526,77.68,76.45,78.91,0,11/01/19
11/01/19,19/06/20,152.29,80,524.96,1.438246575,0.45341,0.025668526,73.02,71.79,74.25,66.96,11/01/19
11/01/19,19/06/20,152.29,85,524.96,1.438246575,0.4262,0.025668526,68.47,67.94,69,59.5,11/01/19
11/01/19,19/06/20,152.29,90,524.96,1.438246575,0.40835,0.025668526,64.105,63.6,64.61,61.89,11/01/19
11/01/19,19/06/20,152.29,95,524.96,1.438246575,0.39309,0.025668526,59.765,59.24,60.29,55.59,11/01/19
11/01/19,19/06/20,152.29,100,524.96,1.438246575,0.38163,0.025668526,55.6,55.06,56.14,55.55,11/01/19
11/01/19,19/06/20,152.29,105,524.96,1.438246575,0.37178,0.025668526,51.555,51.11,52,51.3,11/01/19
11/01/19,19/06/20,152.29,110,524.96,1.438246575,0.36248,0.025668526,47.625,47.15,48.1,45.25,11/01/19
11/01/19,19/06/20,152.29,115,524.96,1.438246575,0.35507,0.025668526,43.85,43.4,44.3,38.52,11/01/19
11/01/19,19/06/20,152.29,120,524.96,1.438246575,0.3486,0.025668526,40.245,39.79,40.7,40.25,11/01/19
11/01/19,19/06/20,152.29,125,524.96,1.438246575,0.33878,0.025668526,36.645,36.3,36.99,34.77,11/01/19
11/01/19,19/06/20,152.29,130,524.96,1.438246575,0.33205,0.025668526,33.3,32.95,33.65,34.02,11/01/19
11/01/19,19/06/20,152.29,135,524.96,1.438246575,0.32828,0.025668526,30.275,29.9,30.65,31.36,11/01/19
11/01/19,19/06/20,152.29,140,524.96,1.438246575,0.3219,0.025668526,27.325,27,27.65,27.55,11/01/19
11/01/19,19/06/20,152.29,145,524.96,1.438246575,0.31842,0.025668526,24.65,24.26,25.04,24.9,11/01/19
11/01/19,19/06/20,152.29,150,524.96,1.438246575,0.31422,0.025668526,22.15,21.75,22.55,22.21,11/01/19
11/01/19,19/06/20,152.29,155,524.96,1.438246575,0.3098,0.025668526,19.805,19.41,20.2,19.85,11/01/19
11/01/19,19/06/20,152.29,160,524.96,1.438246575,0.30599,0.025668526,17.625,17.25,18,17.7,11/01/19
11/01/19,19/06/20,152.29,165,524.96,1.438246575,0.30175,0.025668526,15.625,15.25,16,16.15,11/01/19
11/01/19,19/06/20,152.29,170,524.96,1.438246575,0.29968,0.025668526,13.925,13.5,14.35,13.85,11/01/19
11/01/19,19/06/20,152.29,175,524.96,1.438246575,0.29596,0.025668526,12.225,11.85,12.6,12.18,11/01/19
11/01/19,19/06/20,152.29,180,524.96,1.438246575,0.29328,0.025668526,10.77,10.4,11.14,10.8,11/01/19
11/01/19,19/06/20,152.29,185,524.96,1.438246575,0.2914,0.025668526,9.525,9.1,9.95,9.45,11/01/19
11/01/19,19/06/20,152.29,190,524.96,1.438246575,0.28748,0.025668526,8.27,7.89,8.65,8.3,11/01/19
11/01/19,19/06/20,152.29,195,524.96,1.438246575,0.28661,0.025668526,7.3,6.9,7.7,7.32,11/01/19
11/01/19,19/06/20,152.29,200,524.96,1.438246575,0.28312,0.025668526,6.3,5.95,6.65,6.25,11/01/19
11/01/19,19/06/20,152.29,205,524.96,1.438246575,0.28238,0.025668526,5.525,5.21,5.84,6,11/01/19
11/01/19,19/06/20,152.29,210,524.96,1.438246575,0.28289,0.025668526,4.905,4.65,5.16,4.8,11/01/19
11/01/19,19/06/20,152.29,215,524.96,1.438246575,0.28108,0.025668526,4.245,3.9,4.59,4.63,11/01/19
11/01/19,19/06/20,152.29,220,524.96,1.438246575,0.27928,0.025668526,3.675,3.4,3.95,3.85,11/01/19
11/01/19,19/06/20,152.29,225,524.96,1.438246575,0.27925,0.025668526,3.23,2.96,3.5,3.4,11/01/19
11/01/19,19/06/20,152.29,230,524.96,1.438246575,0.28015,0.025668526,2.885,2.57,3.2,2.82,11/01/19
11/01/19,19/06/20,152.29,235,524.96,1.438246575,0.27904,0.025668526,2.52,2.23,2.81,2.67,11/01/19
11/01/19,19/06/20,152.29,240,524.96,1.438246575,0.27732,0.025668526,2.16,1.96,2.36,2.2,11/01/19
11/01/19,19/06/20,152.29,245,524.96,1.438246575,0.28,0.025668526,1.965,1.7,2.23,2,11/01/19
11/01/19,19/06/20,152.29,250,524.96,1.438246575,0.28077,0.025668526,1.75,1.5,2,1.73,11/01/19
11/01/19,19/06/20,152.29,260,524.96,1.438246575,0.28218,0.025668526,1.385,1.14,1.63,1.34,11/01/19
11/01/19,19/06/20,152.29,270,524.96,1.438246575,0.28395,0.025668526,1.12,0.87,1.37,1.1,11/01/19
11/01/19,19/06/20,152.29,280,524.96,1.438246575,0.2829,0.025668526,0.86,0.68,1.04,0.95,11/01/19
11/01/19,19/06/20,152.29,290,524.96,1.438246575,0.2882,0.025668526,0.745,0.52,0.97,0.78,11/01/19
11/01/19,19/06/20,152.29,300,524.96,1.438246575,0.29604,0.025668526,0.7,0.62,0.78,0.75,11/01/19
11/01/19,19/06/20,152.29,310,524.96,1.438246575,0.29424,0.025668526,0.52,0.32,0.72,0.62,11/01/19
11/01/19,19/06/20,152.29,320,524.96,1.438246575,0.30191,0.025668526,0.505,0.26,0.75,0.47,11/01/19
11/01/19,19/06/20,152.29,330,524.96,1.438246575,0.30894,0.025668526,0.475,0.41,0.54,0.5,11/01/19
11/01/19,19/06/20,152.29,340,524.96,1.438246575,0.3135,0.025668526,0.415,0.3,0.53,0.45,11/01/19
11/01/19,15/01/21,152.29,75,735,2.01369863,0.45807,0.025494521,78.61,77.01,80.21,79.25,11/01/19
11/01/19,15/01/21,152.29,80,735,2.01369863,0.40561,0.025494521,73.4,71,75.8,76,11/01/19
11/01/19,15/01/21,152.29,85,735,2.01369863,0.38499,0.025494521,68.945,66.49,71.4,72.05,11/01/19
11/01/19,15/01/21,152.29,90,735,2.01369863,0.35175,0.025494521,64.05,62.3,65.8,66.85,11/01/19
11/01/19,15/01/21,152.29,95,735,2.01369863,0.34824,0.025494521,60.095,58.29,61.9,61.7,11/01/19
11/01/19,15/01/21,152.29,100,735,2.01369863,0.35087,0.025494521,56.5,55,58,57.5,11/01/19
11/01/19,15/01/21,152.29,105,735,2.01369863,0.37612,0.025494521,54.3,53,55.6,53,11/01/19
11/01/19,15/01/21,152.29,110,735,2.01369863,0.34929,0.025494521,49.55,47.1,52,48.92,11/01/19
11/01/19,15/01/21,152.29,115,735,2.01369863,0.34484,0.025494521,46.1,43.7,48.5,47.75,11/01/19
11/01/19,15/01/21,152.29,120,735,2.01369863,0.35285,0.025494521,43.605,42,45.21,43.03,11/01/19
11/01/19,15/01/21,152.29,125,735,2.01369863,0.34093,0.025494521,39.955,37.91,42,40.45,11/01/19
11/01/19,15/01/21,152.29,130,735,2.01369863,0.3373,0.025494521,37,35,39,37.06,11/01/19
11/01/19,15/01/21,152.29,135,735,2.01369863,0.32979,0.025494521,33.84,33.29,34.39,33.6,11/01/19
11/01/19,15/01/21,152.29,140,735,2.01369863,0.32895,0.025494521,31.375,30.84,31.91,31.36,11/01/19
11/01/19,15/01/21,152.29,145,735,2.01369863,0.32216,0.025494521,28.63,28.2,29.06,28.4,11/01/19
11/01/19,15/01/21,152.29,150,735,2.01369863,0.31697,0.025494521,26.1,26,26.2,26.09,11/01/19
11/01/19,15/01/21,152.29,155,735,2.01369863,0.31289,0.025494521,23.745,23.14,24.35,24.25,11/01/19
11/01/19,15/01/21,152.29,160,735,2.01369863,0.30913,0.025494521,21.595,20.95,22.24,21.65,11/01/19
11/01/19,15/01/21,152.29,165,735,2.01369863,0.30667,0.025494521,19.7,19.3,20.1,19.6,11/01/19
11/01/19,15/01/21,152.29,170,735,2.01369863,0.30464,0.025494521,17.925,17.6,18.25,17.87,11/01/19
11/01/19,15/01/21,152.29,175,735,2.01369863,0.29847,0.025494521,15.975,15.5,16.45,16.23,11/01/19
11/01/19,15/01/21,152.29,180,735,2.01369863,0.29942,0.025494521,14.73,14.56,14.9,14.5,11/01/19
11/01/19,15/01/21,152.29,185,735,2.01369863,0.28005,0.025494521,11.925,10.06,13.79,13.3,11/01/19
11/01/19,15/01/21,152.29,190,735,2.01369863,0.29485,0.025494521,11.975,11.35,12.6,12.1,11/01/19
11/01/19,15/01/21,152.29,195,735,2.01369863,0.28903,0.025494521,10.555,9,12.11,11.23,11/01/19
11/01/19,15/01/21,152.29,200,735,2.01369863,0.29166,0.025494521,9.8,9.6,10,9.72,11/01/19
11/01/19,15/01/21,152.29,205,735,2.01369863,0.28982,0.025494521,8.775,7.95,9.6,9.21,11/01/19
11/01/19,15/01/21,152.29,210,735,2.01369863,0.29712,0.025494521,8.55,7.76,9.34,8,11/01/19
11/01/19,15/01/21,152.29,215,735,2.01369863,0.28568,0.025494521,7.08,5,9.16,7.5,11/01/19
11/01/19,15/01/21,152.29,220,735,2.01369863,0.28431,0.025494521,6.345,6,6.69,6.42,11/01/19
11/01/19,15/01/21,152.29,225,735,2.01369863,0.29282,0.025494521,6.25,4.5,8,5.83,11/01/19
11/01/19,15/01/21,152.29,230,735,2.01369863,0.29206,0.025494521,5.695,3.99,7.4,5.85,11/01/19
11/01/19,15/01/21,152.29,235,735,2.01369863,0.2909,0.025494521,5.125,4.75,5.5,5.02,11/01/19
11/01/19,15/01/21,152.29,240,735,2.01369863,0.29089,0.025494521,4.645,4.34,4.95,4.3,11/01/19
11/01/19,15/01/21,152.29,245,735,2.01369863,0.2792,0.025494521,3.65,2.5,4.8,4.1,11/01/19
11/01/19,15/01/21,152.29,250,735,2.01369863,0.28715,0.025494521,3.7,3.35,4.05,3.6,11/01/19
11/01/19,15/01/21,152.29,255,735,2.01369863,0.27741,0.025494521,2.925,1.65,4.2,3.5,11/01/19
11/01/19,15/01/21,152.29,260,735,2.01369863,0.28958,0.025494521,3.175,2.75,3.6,2.98,11/01/19
11/01/19,15/01/21,152.29,265,735,2.01369863,0.27859,0.025494521,2.465,0.53,4.4,2.75,11/01/19
11/01/19,15/01/21,152.29,270,735,2.01369863,0.29396,0.025494521,2.805,2.2,3.41,2.94,11/01/19
11/01/19,15/01/21,152.29,280,735,2.01369863,0.28999,0.025494521,2.215,1.28,3.15,2.07,11/01/19
11/01/19,15/01/21,152.29,290,735,2.01369863,0.29386,0.025494521,1.95,0.79,3.11,1.9,11/01/19
11/01/19,15/01/21,152.29,300,735,2.01369863,0.29795,0.025494521,1.765,1.45,2.08,1.5,11/01/19
11/01/19,15/01/21,152.29,310,735,2.01369863,0.29704,0.025494521,1.45,1.2,1.7,1.45,11/01/19
11/01/19,15/01/21,152.29,320,735,2.01369863,0.29133,0.025494521,1.1,1,1.2,1.2,11/01/19
11/01/19,15/01/21,152.29,330,735,2.01369863,0.31036,0.025494521,1.325,1,1.65,1.1,11/01/19
11/01/19,15/01/21,152.29,340,735,2.01369863,0.29842,0.025494521,0.89,0.58,1.2,1,11/01/19
11/01/19,15/01/21,152.29,350,735,2.01369863,0.29484,0.025494521,0.695,0,1.39,0.9,11/01/19
11/01/19,15/01/21,152.29,360,735,2.01369863,0.31213,0.025494521,0.86,0.41,1.31,0.7,11/01/19
11/01/19,15/01/21,152.29,370,735,2.01369863,0.3097,0.025494521,0.7,0.6,0.8,0.68,11/01/19
11/01/19,15/01/21,152.29,380,735,2.01369863,0.31221,0.025494521,0.625,0.55,0.7,0.52,11/01/19
14/01/19,18/01/19,150,85,4,0.010958904,3.27846,0.0242,65,64.4,65.6,69.5,14/01/19
14/01/19,18/01/19,150,134,4,0.010958904,0.551,0.0242,16.05,15.6,16.5,15.25,14/01/19
14/01/19,18/01/19,150,141,4,0.010958904,0.37321,0.0242,9.175,9.1,9.25,8.9,14/01/19
14/01/19,18/01/19,150,142,4,0.010958904,0.3475,0.0242,8.2,8.05,8.35,8.3,14/01/19
14/01/19,18/01/19,150,143,4,0.010958904,0.33706,0.0242,7.27,7.14,7.4,7.2,14/01/19
14/01/19,18/01/19,150,144,4,0.010958904,0.33463,0.0242,6.4,6.35,6.45,6.4,14/01/19
14/01/19,18/01/19,150,145,4,0.010958904,0.32265,0.0242,5.525,5.44,5.61,5.35,14/01/19
14/01/19,18/01/19,150,146,4,0.010958904,0.3146,0.0242,4.7,4.65,4.75,4.5,14/01/19
14/01/19,18/01/19,150,147,4,0.010958904,0.30308,0.0242,3.895,3.84,3.95,3.85,14/01/19
14/01/19,18/01/19,150,148,4,0.010958904,0.29538,0.0242,3.175,3.15,3.2,3.15,14/01/19
14/01/19,18/01/19,150,149,4,0.010958904,0.28685,0.0242,2.52,2.51,2.53,2.47,14/01/19
14/01/19,18/01/19,150,150,4,0.010958904,0.28055,0.0242,1.94,1.93,1.95,1.94,14/01/19
14/01/19,18/01/19,150,152.5,4,0.010958904,0.2636,0.0242,0.85,0.84,0.86,0.86,14/01/19
14/01/19,18/01/19,150,155,4,0.010958904,0.26331,0.0242,0.345,0.34,0.35,0.34,14/01/19
14/01/19,18/01/19,150,157.5,4,0.010958904,0.27482,0.0242,0.135,0.13,0.14,0.13,14/01/19
14/01/19,18/01/19,150,160,4,0.010958904,0.29701,0.0242,0.065,0.06,0.07,0.06,14/01/19
14/01/19,18/01/19,150,162.5,4,0.010958904,0.33459,0.0242,0.045,0.04,0.05,0.04,14/01/19
14/01/19,18/01/19,150,165,4,0.010958904,0.35633,0.0242,0.025,0.02,0.03,0.03,14/01/19
14/01/19,18/01/19,150,167.5,4,0.010958904,0.4058,0.0242,0.035,0.03,0.04,0.02,14/01/19
14/01/19,18/01/19,150,170,4,0.010958904,0.4516,0.0242,0.02,0.02,0.02,0.03,14/01/19
14/01/19,18/01/19,150,172.5,4,0.010958904,0.47003,0.0242,0.01,0.01,0.01,0.01,14/01/19
14/01/19,18/01/19,150,175,4,0.010958904,0.51107,0.0242,0.01,0,0.02,0.01,14/01/19
14/01/19,18/01/19,150,177.5,4,0.010958904,0.49578,0.0242,0.005,0,0.01,0.01,14/01/19
14/01/19,18/01/19,150,180,4,0.010958904,0.53291,0.0242,0.005,0,0.01,0.01,14/01/19
14/01/19,18/01/19,150,182.5,4,0.010958904,0.5695,0.0242,0.01,0,0.02,0.02,14/01/19
14/01/19,18/01/19,150,185,4,0.010958904,0.60421,0.0242,0.005,0,0.01,0.01,14/01/19
14/01/19,18/01/19,150,190,4,0.010958904,0.6733,0.0242,0,0,0,0.01,14/01/19
14/01/19,18/01/19,150,195,4,0.010958904,0.74035,0.0242,0.005,0,0.01,0.01,14/01/19
14/01/19,18/01/19,150,200,4,0.010958904,0.80364,0.0242,0.005,0,0.01,0.01,14/01/19
14/01/19,18/01/19,150,205,4,0.010958904,0.8662,0.0242,0,0,0,0.01,14/01/19
14/01/19,18/01/19,150,210,4,0.010958904,0.92677,0.0242,0.005,0,0.01,0.01,14/01/19
14/01/19,18/01/19,150,215,4,0.010958904,0.98534,0.0242,0.005,0,0.01,0.01,14/01/19
14/01/19,18/01/19,150,220,4,0.010958904,1.04134,0.0242,0.005,0,0.01,0.01,14/01/19
14/01/19,18/01/19,150,225,4,0.010958904,1.09632,0.0242,0.01,0,0.02,0.01,14/01/19
14/01/19,18/01/19,150,230,4,0.010958904,1.15072,0.0242,0.005,0,0.01,0.01,14/01/19
14/01/19,18/01/19,150,235,4,0.010958904,1.20237,0.0242,0.005,0,0.01,0.01,14/01/19
14/01/19,18/01/19,150,240,4,0.010958904,1.25331,0.0242,0.01,0,0.02,0.01,14/01/19
14/01/19,18/01/19,150,245,4,0.010958904,1.30293,0.0242,0.005,0,0.01,0.01,14/01/19
14/01/19,18/01/19,150,250,4,0.010958904,1.35143,0.0242,0,0,0,0.01,14/01/19
14/01/19,18/01/19,150,255,4,0.010958904,1.39906,0.0242,0,0,0,0.01,14/01/19
14/01/19,18/01/19,150,260,4,0.010958904,1.44516,0.0242,0.005,0,0.01,0.01,14/01/19
14/01/19,18/01/19,150,265,4,0.010958904,1.48988,0.0242,0.005,0,0.01,0.01,14/01/19
14/01/19,18/01/19,150,270,4,0.010958904,1.53406,0.0242,0,0,0,0.01,14/01/19
14/01/19,18/01/19,150,275,4,0.010958904,1.5772,0.0242,0.005,0,0.01,0.01,14/01/19
14/01/19,18/01/19,150,280,4,0.010958904,1.62028,0.0242,0.01,0,0.02,0.01,14/01/19
14/01/19,18/01/19,150,285,4,0.010958904,1.66101,0.0242,0.005,0,0.01,0.01,14/01/19
14/01/19,18/01/19,150,290,4,0.010958904,1.70142,0.0242,0.005,0,0.01,0.01,14/01/19
14/01/19,18/01/19,150,295,4,0.010958904,1.74172,0.0242,0.005,0,0.01,0.01,14/01/19
14/01/19,18/01/19,150,300,4,0.010958904,1.7813,0.0242,0.005,0,0.01,0.01,14/01/19
14/01/19,18/01/19,150,305,4,0.010958904,1.81947,0.0242,0.005,0,0.01,0.01,14/01/19
14/01/19,18/01/19,150,310,4,0.010958904,1.85648,0.0242,0.01,0,0.02,0.02,14/01/19
14/01/19,18/01/19,150,315,4,0.010958904,1.89329,0.0242,0.005,0,0.01,0.02,14/01/19
14/01/19,18/01/19,150,320,4,0.010958904,1.92982,0.0242,0.01,0,0.02,0.01,14/01/19
14/01/19,18/01/19,150,325,4,0.010958904,1.96524,0.0242,0.005,0,0.01,0.01,14/01/19
14/01/19,18/01/19,150,330,4,0.010958904,2.00006,0.0242,0.005,0,0.01,0.06,14/01/19
14/01/19,18/01/19,150,335,4,0.010958904,2.03449,0.0242,0.005,0,0.01,0.02,14/01/19
14/01/19,18/01/19,150,340,4,0.010958904,2.06864,0.0242,0.01,0,0.02,0.01,14/01/19
14/01/19,18/01/19,150,345,4,0.010958904,2.10138,0.0242,0.005,0,0.01,0.01,14/01/19
14/01/19,18/01/19,150,350,4,0.010958904,2.13409,0.0242,0.005,0,0.01,0.01,14/01/19
14/01/19,18/01/19,150,355,4,0.010958904,2.16601,0.0242,0,0,0,0.02,14/01/19
14/01/19,18/01/19,150,360,4,0.010958904,2.19777,0.0242,0,0,0,0.03,14/01/19
14/01/19,18/01/19,150,365,4,0.010958904,2.42213,0.0242,0.02,0,0.04,0.05,14/01/19
14/01/19,18/01/19,150,370,4,0.010958904,2.26035,0.0242,0,0,0,0.01,14/01/19
14/01/19,18/01/19,150,375,4,0.010958904,2.29034,0.0242,0.005,0,0.01,0.01,14/01/19
14/01/19,25/01/19,150,115,11,0.030136986,0.85669,0.0242,35.025,34.66,35.39,34.9,14/01/19
14/01/19,25/01/19,150,130,11,0.030136986,0.45116,0.0242,20.055,19.6,20.51,24,14/01/19
14/01/19,25/01/19,150,132,11,0.030136986,0.4036,0.0242,18.05,17.51,18.59,20.45,14/01/19
14/01/19,25/01/19,150,133,11,0.030136986,0.37984,0.0242,17.05,16.5,17.6,17.27,14/01/19
14/01/19,25/01/19,150,134,11,0.030136986,0.34757,0.0242,16.02,15.49,16.55,0,14/01/19
14/01/19,25/01/19,150,135,11,0.030136986,0.35233,0.0242,15.095,14.54,15.65,15.43,14/01/19
14/01/19,25/01/19,150,136,11,0.030136986,0.32983,0.0242,14.1,13.55,14.65,0,14/01/19
14/01/19,25/01/19,150,137,11,0.030136986,0.35763,0.0242,13.275,13.1,13.45,14.5,14/01/19
14/01/19,25/01/19,150,138,11,0.030136986,0.34014,0.0242,12.3,12.15,12.45,12.15,14/01/19
14/01/19,25/01/19,150,139,11,0.030136986,0.33341,0.0242,11.375,11.19,11.56,11.2,14/01/19
14/01/19,25/01/19,150,140,11,0.030136986,0.31991,0.0242,10.425,10.3,10.55,10.42,14/01/19
14/01/19,25/01/19,150,141,11,0.030136986,0.31699,0.0242,9.55,9.45,9.65,9.52,14/01/19
14/01/19,25/01/19,150,142,11,0.030136986,0.30401,0.0242,8.62,8.5,8.74,9.26,14/01/19
14/01/19,25/01/19,150,143,11,0.030136986,0.29847,0.0242,7.78,7.65,7.91,7.5,14/01/19
14/01/19,25/01/19,150,144,11,0.030136986,0.29377,0.0242,6.945,6.84,7.05,6.7,14/01/19
14/01/19,25/01/19,150,145,11,0.030136986,0.29022,0.0242,6.175,6.1,6.25,6,14/01/19
14/01/19,25/01/19,150,146,11,0.030136986,0.28333,0.0242,5.395,5.3,5.49,5.3,14/01/19
14/01/19,25/01/19,150,147,11,0.030136986,0.28487,0.0242,4.75,4.7,4.8,4.6,14/01/19
14/01/19,25/01/19,150,148,11,0.030136986,0.27861,0.0242,4.075,4.05,4.1,4.05,14/01/19
14/01/19,25/01/19,150,149,11,0.030136986,0.27353,0.0242,3.455,3.4,3.51,3.4,14/01/19
14/01/19,25/01/19,150,150,11,0.030136986,0.26977,0.0242,2.885,2.86,2.91,2.76,14/01/19
14/01/19,25/01/19,150,152.5,11,0.030136986,0.2592,0.0242,1.735,1.72,1.75,1.64,14/01/19
14/01/19,25/01/19,150,155,11,0.030136986,0.25178,0.0242,0.94,0.92,0.96,0.92,14/01/19
14/01/19,25/01/19,150,157.5,11,0.030136986,0.24764,0.0242,0.475,0.46,0.49,0.45,14/01/19
14/01/19,25/01/19,150,160,11,0.030136986,0.24757,0.0242,0.23,0.22,0.24,0.24,14/01/19
14/01/19,25/01/19,150,162.5,11,0.030136986,0.25546,0.0242,0.11,0.1,0.12,0.12,14/01/19
14/01/19,25/01/19,150,165,11,0.030136986,0.26822,0.0242,0.07,0.06,0.08,0.08,14/01/19
14/01/19,25/01/19,150,167.5,11,0.030136986,0.28762,0.0242,0.045,0.01,0.08,0.06,14/01/19
14/01/19,25/01/19,150,170,11,0.030136986,0.31547,0.0242,0.045,0.04,0.05,0.04,14/01/19
14/01/19,25/01/19,150,172.5,11,0.030136986,0.3357,0.0242,0.04,0.03,0.05,0.04,14/01/19
14/01/19,25/01/19,150,175,11,0.030136986,0.31635,0.0242,0.005,0,0.01,0.04,14/01/19
14/01/19,25/01/19,150,177.5,11,0.030136986,0.37778,0.0242,0.025,0.02,0.03,0.03,14/01/19
14/01/19,25/01/19,150,182.5,11,0.030136986,0.42236,0.0242,0.025,0,0.05,0.02,14/01/19
14/01/19,25/01/19,150,185,11,0.030136986,0.41659,0.0242,0.01,0,0.02,0.02,14/01/19
14/01/19,25/01/19,150,187.5,11,0.030136986,0.47241,0.0242,0.02,0,0.04,0.02,14/01/19
14/01/19,25/01/19,150,190,11,0.030136986,0.4961,0.0242,0.015,0,0.03,0.01,14/01/19
14/01/19,25/01/19,150,192.5,11,0.030136986,0.52113,0.0242,0.02,0,0.04,0.02,14/01/19
14/01/19,25/01/19,150,195,11,0.030136986,0.50859,0.0242,0.01,0,0.02,0.01,14/01/19
14/01/19,25/01/19,150,197.5,11,0.030136986,0.56763,0.0242,0.015,0,0.03,0.01,14/01/19
14/01/19,25/01/19,150,200,11,0.030136986,0.57345,0.0242,0.015,0,0.03,0.01,14/01/19
14/01/19,25/01/19,150,202.5,11,0.030136986,0.61362,0.0242,0.02,0,0.04,0.01,14/01/19
14/01/19,25/01/19,150,205,11,0.030136986,0.5591,0.0242,0.005,0,0.01,0.01,14/01/19
14/01/19,25/01/19,150,207.5,11,0.030136986,0.65673,0.0242,0.02,0,0.04,0.02,14/01/19
14/01/19,25/01/19,150,210,11,0.030136986,0.63453,0.0242,0.01,0,0.02,0.02,14/01/19
14/01/19,25/01/19,150,212.5,11,0.030136986,0.69862,0.0242,0.02,0,0.04,0.16,14/01/19
14/01/19,25/01/19,150,215,11,0.030136986,0.71938,0.0242,0.02,0,0.04,0.2,14/01/19
14/01/19,25/01/19,150,220,11,0.030136986,0.76017,0.0242,0.02,0,0.04,0.01,14/01/19
14/01/19,25/01/19,150,225,11,0.030136986,0.79899,0.0242,0.015,0,0.03,0.01,14/01/19
14/01/19,01/02/19,150,105,18,0.049315068,0.54596,0.0242,44.995,44.39,45.6,42.15,14/01/19
14/01/19,01/02/19,150,110,18,0.049315068,0.58606,0.0242,40.045,39.45,40.64,37.25,14/01/19
14/01/19,01/02/19,150,115,18,0.049315068,0.53604,0.0242,35.07,34.49,35.65,41.4,14/01/19
14/01/19,01/02/19,150,120,18,0.049315068,0.50706,0.0242,30.15,29.54,30.76,34.36,14/01/19
14/01/19,01/02/19,150,125,18,0.049315068,0.46754,0.0242,25.25,24.7,25.8,25.12,14/01/19
14/01/19,01/02/19,150,130,18,0.049315068,0.42841,0.0242,20.425,19.9,20.95,24.05,14/01/19
14/01/19,01/02/19,150,132,18,0.049315068,0.42724,0.0242,18.6,18.45,18.75,0,14/01/19
14/01/19,01/02/19,150,133,18,0.049315068,0.42988,0.0242,17.725,17.55,17.9,0,14/01/19
14/01/19,01/02/19,150,134,18,0.049315068,0.42164,0.0242,16.805,16.66,16.95,19.6,14/01/19
14/01/19,01/02/19,150,135,18,0.049315068,0.40885,0.0242,15.85,15.7,16,16.16,14/01/19
14/01/19,01/02/19,150,136,18,0.049315068,0.41286,0.0242,15.025,14.85,15.2,14.7,14/01/19
14/01/19,01/02/19,150,137,18,0.049315068,0.39792,0.0242,14.075,13.9,14.25,12.55,14/01/19
14/01/19,01/02/19,150,138,18,0.049315068,0.39148,0.0242,13.2,13.05,13.35,13,14/01/19
14/01/19,01/02/19,150,139,18,0.049315068,0.38888,0.0242,12.375,12.25,12.5,12.1,14/01/19
14/01/19,01/02/19,150,140,18,0.049315068,0.38125,0.0242,11.525,11.4,11.65,11.5,14/01/19
14/01/19,01/02/19,150,141,18,0.049315068,0.38471,0.0242,10.805,10.71,10.9,13.01,14/01/19
14/01/19,01/02/19,150,142,18,0.049315068,0.37864,0.0242,9.995,9.89,10.1,9.9,14/01/19
14/01/19,01/02/19,150,143,18,0.049315068,0.37319,0.0242,9.235,9.16,9.31,9.24,14/01/19
14/01/19,01/02/19,150,144,18,0.049315068,0.36919,0.0242,8.5,8.4,8.6,8.25,14/01/19
14/01/19,01/02/19,150,145,18,0.049315068,0.36605,0.0242,7.805,7.71,7.9,7.81,14/01/19
14/01/19,01/02/19,150,146,18,0.049315068,0.36169,0.0242,7.125,7.05,7.2,7.07,14/01/19
14/01/19,01/02/19,150,147,18,0.049315068,0.3599,0.0242,6.5,6.4,6.6,6.45,14/01/19
14/01/19,01/02/19,150,148,18,0.049315068,0.35523,0.0242,5.875,5.8,5.95,5.89,14/01/19
14/01/19,01/02/19,150,149,18,0.049315068,0.35376,0.0242,5.325,5.25,5.4,5.25,14/01/19
14/01/19,01/02/19,150,150,18,0.049315068,0.34886,0.0242,4.75,4.7,4.8,4.65,14/01/19
14/01/19,01/02/19,150,152.5,18,0.049315068,0.34162,0.0242,3.55,3.51,3.59,3.45,14/01/19
14/01/19,01/02/19,150,155,18,0.049315068,0.33305,0.0242,2.545,2.52,2.57,2.53,14/01/19
14/01/19,01/02/19,150,157.5,18,0.049315068,0.32542,0.0242,1.75,1.72,1.78,1.67,14/01/19
14/01/19,01/02/19,150,160,18,0.049315068,0.3199,0.0242,1.165,1.14,1.19,1.13,14/01/19
14/01/19,01/02/19,150,162.5,18,0.049315068,0.31654,0.0242,0.755,0.72,0.79,0.74,14/01/19
14/01/19,01/02/19,150,165,18,0.049315068,0.31686,0.0242,0.49,0.47,0.51,0.49,14/01/19
14/01/19,01/02/19,150,167.5,18,0.049315068,0.31954,0.0242,0.325,0.3,0.35,0.33,14/01/19
14/01/19,01/02/19,150,170,18,0.049315068,0.32585,0.0242,0.22,0.2,0.24,0.23,14/01/19
14/01/19,01/02/19,150,172.5,18,0.049315068,0.33186,0.0242,0.16,0.14,0.18,0.18,14/01/19
14/01/19,01/02/19,150,175,18,0.049315068,0.34738,0.0242,0.13,0.13,0.13,0.13,14/01/19
14/01/19,01/02/19,150,177.5,18,0.049315068,0.35773,0.0242,0.09,0.07,0.11,0.1,14/01/19
14/01/19,01/02/19,150,180,18,0.049315068,0.37006,0.0242,0.075,0.06,0.09,0.08,14/01/19
14/01/19,01/02/19,150,182.5,18,0.049315068,0.39669,0.0242,0.08,0.05,0.11,0.06,14/01/19
14/01/19,01/02/19,150,185,18,0.049315068,0.40353,0.0242,0.065,0.06,0.07,0.05,14/01/19
14/01/19,01/02/19,150,187.5,18,0.049315068,0.41612,0.0242,0.045,0.03,0.06,0.06,14/01/19
14/01/19,01/02/19,150,190,18,0.049315068,0.41958,0.0242,0.035,0.02,0.05,0.04,14/01/19
14/01/19,01/02/19,150,192.5,18,0.049315068,0.42368,0.0242,0.025,0.01,0.04,0.04,14/01/19
14/01/19,01/02/19,150,195,18,0.049315068,0.46678,0.0242,0.035,0,0.07,0.08,14/01/19
14/01/19,01/02/19,150,197.5,18,0.049315068,0.47886,0.0242,0.03,0,0.06,0.08,14/01/19
14/01/19,01/02/19,150,200,18,0.049315068,0.48028,0.0242,0.025,0,0.05,0.03,14/01/19
14/01/19,01/02/19,150,202.5,18,0.049315068,0.49775,0.0242,0.02,0,0.04,0.05,14/01/19
14/01/19,01/02/19,150,205,18,0.049315068,0.51665,0.0242,0.025,0,0.05,0.03,14/01/19
14/01/19,01/02/19,150,207.5,18,0.049315068,0.50669,0.0242,0.015,0,0.03,0.03,14/01/19
14/01/19,08/02/19,150,100,25,0.068493151,0.99247,0.0242,50.075,49.45,50.7,0,14/01/19
14/01/19,08/02/19,150,105,25,0.068493151,0.84051,0.0242,45.005,44.35,45.66,48.95,14/01/19
14/01/19,08/02/19,150,110,25,0.068493151,0.73779,0.0242,40.07,39.5,40.64,35.05,14/01/19
14/01/19,08/02/19,150,115,25,0.068493151,0.64123,0.0242,35.125,34.56,35.69,0,14/01/19
14/01/19,08/02/19,150,120,25,0.068493151,0.571,0.0242,30.25,29.65,30.85,32.67,14/01/19
14/01/19,08/02/19,150,125,25,0.068493151,0.50405,0.0242,25.37,24.8,25.94,33.14,14/01/19
14/01/19,08/02/19,150,130,25,0.068493151,0.46879,0.0242,20.725,20.5,20.95,22.9,14/01/19
14/01/19,08/02/19,150,132,25,0.068493151,0.43901,0.0242,18.77,18.54,19,18.7,14/01/19
14/01/19,08/02/19,150,133,25,0.068493151,0.44374,0.0242,17.975,17.8,18.15,17.65,14/01/19
14/01/19,08/02/19,150,134,25,0.068493151,0.43333,0.0242,17.05,16.9,17.2,0,14/01/19
14/01/19,08/02/19,150,135,25,0.068493151,0.41901,0.0242,16.1,15.9,16.3,19.15,14/01/19
14/01/19,08/02/19,150,136,25,0.068493151,0.41914,0.0242,15.305,15.16,15.45,19.3,14/01/19
14/01/19,08/02/19,150,137,25,0.068493151,0.41385,0.0242,14.45,14.3,14.6,10.65,14/01/19
14/01/19,08/02/19,150,138,25,0.068493151,0.40876,0.0242,13.625,13.45,13.8,13.95,14/01/19
14/01/19,08/02/19,150,139,25,0.068493151,0.39999,0.0242,12.77,12.64,12.9,14.43,14/01/19
14/01/19,08/02/19,150,140,25,0.068493151,0.39468,0.0242,11.975,11.86,12.09,12.35,14/01/19
14/01/19,08/02/19,150,141,25,0.068493151,0.38429,0.0242,11.13,11,11.26,11.05,14/01/19
14/01/19,08/02/19,150,142,25,0.068493151,0.38362,0.0242,10.425,10.29,10.56,12.45,14/01/19
14/01/19,08/02/19,150,143,25,0.068493151,0.37709,0.0242,9.675,9.55,9.8,10.3,14/01/19
14/01/19,08/02/19,150,144,25,0.068493151,0.37212,0.0242,8.95,8.85,9.05,9.1,14/01/19
14/01/19,08/02/19,150,145,25,0.068493151,0.36759,0.0242,8.285,8.16,8.41,8.8,14/01/19
14/01/19,08/02/19,150,146,25,0.068493151,0.36474,0.0242,7.63,7.51,7.75,7.38,14/01/19
14/01/19,08/02/19,150,147,25,0.068493151,0.35891,0.0242,6.985,6.91,7.06,6.85,14/01/19
14/01/19,08/02/19,150,148,25,0.068493151,0.35606,0.0242,6.405,6.31,6.5,6.7,14/01/19
14/01/19,08/02/19,150,149,25,0.068493151,0.35277,0.0242,5.82,5.74,5.9,6.15,14/01/19
14/01/19,08/02/19,150,150,25,0.068493151,0.3482,0.0242,5.265,5.19,5.34,5.3,14/01/19
14/01/19,08/02/19,150,152.5,25,0.068493151,0.33756,0.0242,4.03,3.96,4.1,3.9,14/01/19
14/01/19,08/02/19,150,155,25,0.068493151,0.32862,0.0242,2.995,2.94,3.05,3,14/01/19
14/01/19,08/02/19,150,157.5,25,0.068493151,0.32273,0.0242,2.195,2.17,2.22,2.1,14/01/19
14/01/19,08/02/19,150,160,25,0.068493151,0.31507,0.0242,1.53,1.51,1.55,1.49,14/01/19
14/01/19,08/02/19,150,162.5,25,0.068493151,0.31187,0.0242,1.065,1.04,1.09,1.1,14/01/19
14/01/19,08/02/19,150,165,25,0.068493151,0.30932,0.0242,0.725,0.7,0.75,0.7,14/01/19
14/01/19,08/02/19,150,167.5,25,0.068493151,0.31078,0.0242,0.505,0.48,0.53,0.53,14/01/19
14/01/19,08/02/19,150,170,25,0.068493151,0.31474,0.0242,0.36,0.34,0.38,0.37,14/01/19
14/01/19,08/02/19,150,172.5,25,0.068493151,0.32186,0.0242,0.265,0.25,0.28,0.25,14/01/19
14/01/19,08/02/19,150,175,25,0.068493151,0.32994,0.0242,0.205,0.19,0.22,0.19,14/01/19
14/01/19,08/02/19,150,177.5,25,0.068493151,0.34025,0.0242,0.165,0.14,0.19,0.18,14/01/19
14/01/19,08/02/19,150,180,25,0.068493151,0.34663,0.0242,0.13,0.12,0.14,0.14,14/01/19
14/01/19,08/02/19,150,182.5,25,0.068493151,0.36576,0.0242,0.125,0.09,0.16,0.11,14/01/19
14/01/19,08/02/19,150,185,25,0.068493151,0.37909,0.0242,0.1,0.08,0.12,0.2,14/01/19
14/01/19,08/02/19,150,187.5,25,0.068493151,0.39058,0.0242,0.09,0.06,0.12,0.16,14/01/19
14/01/19,08/02/19,150,190,25,0.068493151,0.40286,0.0242,0.08,0.05,0.11,0.08,14/01/19
14/01/19,08/02/19,150,192.5,25,0.068493151,0.40609,0.0242,0.06,0.05,0.07,0,14/01/19
14/01/19,08/02/19,150,195,25,0.068493151,0.4236,0.0242,0.065,0.05,0.08,0.09,14/01/19
14/01/19,08/02/19,150,200,25,0.068493151,0.45383,0.0242,0.055,0.03,0.08,0.05,14/01/19
14/01/19,15/02/19,150,50,32,0.087671233,3.37846,0.024205205,100.075,99.8,100.35,107.9,14/01/19
14/01/19,15/02/19,150,55,32,0.087671233,2.91849,0.024205205,95.055,94.8,95.31,101.75,14/01/19
14/01/19,15/02/19,150,70,32,0.087671233,1.9494,0.024205205,80.08,79.85,80.31,81.7,14/01/19
14/01/19,15/02/19,150,75,32,0.087671233,1.70741,0.024205205,75.05,74.8,75.3,92.6,14/01/19
14/01/19,15/02/19,150,80,32,0.087671233,1.50849,0.024205205,70.09,69.84,70.34,71.76,14/01/19
14/01/19,15/02/19,150,85,32,0.087671233,1.33042,0.024205205,65.12,64.9,65.34,68.25,14/01/19
14/01/19,15/02/19,150,90,32,0.087671233,1.16769,0.024205205,60.13,59.9,60.36,60.16,14/01/19
14/01/19,15/02/19,150,95,32,0.087671233,1.01693,0.024205205,55.1,54.85,55.35,58.66,14/01/19
14/01/19,15/02/19,150,100,32,0.087671233,0.89174,0.024205205,50.13,49.85,50.41,53.75,14/01/19
14/01/19,15/02/19,150,105,32,0.087671233,0.79376,0.024205205,45.225,44.95,45.5,41.05,14/01/19
14/01/19,15/02/19,150,110,32,0.087671233,0.69302,0.024205205,40.25,40.05,40.45,40.09,14/01/19
14/01/19,15/02/19,150,115,32,0.087671233,0.60563,0.024205205,35.3,35.1,35.5,35.07,14/01/19
14/01/19,15/02/19,150,120,32,0.087671233,0.53914,0.024205205,30.43,30.21,30.65,30.5,14/01/19
14/01/19,15/02/19,150,125,32,0.087671233,0.47545,0.024205205,25.545,25.34,25.75,25.22,14/01/19
14/01/19,15/02/19,150,130,32,0.087671233,0.42898,0.024205205,20.82,20.65,20.99,20.8,14/01/19
14/01/19,15/02/19,150,135,32,0.087671233,0.39313,0.024205205,16.33,16.21,16.45,16.4,14/01/19
14/01/19,15/02/19,150,140,32,0.087671233,0.36821,0.024205205,12.225,12.1,12.35,12.19,14/01/19
14/01/19,15/02/19,150,145,32,0.087671233,0.34896,0.024205205,8.655,8.6,8.71,8.5,14/01/19
14/01/19,15/02/19,150,150,32,0.087671233,0.33218,0.024205205,5.68,5.61,5.75,5.6,14/01/19
14/01/19,15/02/19,150,155,32,0.087671233,0.31574,0.024205205,3.395,3.34,3.45,3.3,14/01/19
14/01/19,15/02/19,150,160,32,0.087671233,0.30321,0.024205205,1.845,1.83,1.86,1.82,14/01/19
14/01/19,15/02/19,150,165,32,0.087671233,0.29644,0.024205205,0.935,0.92,0.95,0.93,14/01/19
14/01/19,15/02/19,150,170,32,0.087671233,0.29814,0.024205205,0.48,0.47,0.49,0.48,14/01/19
14/01/19,15/02/19,150,175,32,0.087671233,0.30672,0.024205205,0.27,0.26,0.28,0.27,14/01/19
14/01/19,15/02/19,150,180,32,0.087671233,0.32365,0.024205205,0.17,0.16,0.18,0.17,14/01/19
14/01/19,15/02/19,150,185,32,0.087671233,0.34153,0.024205205,0.125,0.12,0.13,0.12,14/01/19
14/01/19,15/02/19,150,190,32,0.087671233,0.36315,0.024205205,0.09,0.08,0.1,0.08,14/01/19
14/01/19,15/02/19,150,195,32,0.087671233,0.38673,0.024205205,0.075,0.06,0.09,0.07,14/01/19
14/01/19,15/02/19,150,200,32,0.087671233,0.41138,0.024205205,0.065,0.06,0.07,0.06,14/01/19
14/01/19,15/02/19,150,205,32,0.087671233,0.43183,0.024205205,0.05,0.05,0.05,0.05,14/01/19
14/01/19,15/02/19,150,210,32,0.087671233,0.44964,0.024205205,0.05,0.04,0.06,0.05,14/01/19
14/01/19,15/02/19,150,215,32,0.087671233,0.47042,0.024205205,0.035,0.02,0.05,0.03,14/01/19
14/01/19,15/02/19,150,225,32,0.087671233,0.48633,0.024205205,0.015,0.01,0.02,0.02,14/01/19
14/01/19,15/02/19,150,230,32,0.087671233,0.4794,0.024205205,0.015,0,0.03,0.01,14/01/19
14/01/19,15/02/19,150,235,32,0.087671233,0.49946,0.024205205,0.01,0,0.02,0.01,14/01/19
14/01/19,15/02/19,150,240,32,0.087671233,0.51954,0.024205205,0.005,0,0.01,0.02,14/01/19
14/01/19,15/02/19,150,245,32,0.087671233,0.54236,0.024205205,0.005,0,0.01,0.01,14/01/19
14/01/19,15/02/19,150,250,32,0.087671233,0.56052,0.024205205,0.005,0,0.01,0.01,14/01/19
14/01/19,15/02/19,150,255,32,0.087671233,0.54784,0.024205205,0.01,0,0.02,0.02,14/01/19
14/01/19,15/02/19,150,260,32,0.087671233,0.59797,0.024205205,0.01,0,0.02,0.01,14/01/19
14/01/19,15/02/19,150,265,32,0.087671233,0.65481,0.024205205,0.02,0,0.04,0.01,14/01/19
14/01/19,15/02/19,150,270,32,0.087671233,0.60123,0.024205205,0.005,0,0.01,0.03,14/01/19
14/01/19,15/02/19,150,275,32,0.087671233,0.65317,0.024205205,0.01,0,0.02,0.01,14/01/19
14/01/19,15/02/19,150,280,32,0.087671233,0.66992,0.024205205,0.015,0,0.03,0.01,14/01/19
14/01/19,15/02/19,150,285,32,0.087671233,0.72696,0.024205205,0.02,0,0.04,0.04,14/01/19
14/01/19,15/02/19,150,290,32,0.087671233,0.74415,0.024205205,0.02,0,0.04,0.01,14/01/19
14/01/19,15/02/19,150,295,32,0.087671233,0.68161,0.024205205,0,0,0,0.01,14/01/19
14/01/19,15/02/19,150,300,32,0.087671233,0.69628,0.024205205,0.005,0,0.01,0.01,14/01/19
14/01/19,15/02/19,150,310,32,0.087671233,0.8114,0.024205205,0.02,0,0.04,0.01,14/01/19
14/01/19,15/02/19,150,320,32,0.087671233,0.84105,0.024205205,0.025,0,0.05,0.02,14/01/19
14/01/19,22/02/19,150,90,39,0.106849315,1.04896,0.024228219,60.055,59.76,60.35,0,14/01/19
14/01/19,22/02/19,150,95,39,0.106849315,0.91182,0.024228219,55.025,54.75,55.3,0,14/01/19
14/01/19,22/02/19,150,100,39,0.106849315,0.81618,0.024228219,50.15,49.9,50.4,0,14/01/19
14/01/19,22/02/19,150,105,39,0.106849315,0.70004,0.024228219,45.095,44.85,45.34,0,14/01/19
14/01/19,22/02/19,150,110,39,0.106849315,0.62652,0.024228219,40.225,39.95,40.5,35.76,14/01/19
14/01/19,22/02/19,150,115,39,0.106849315,0.54344,0.024228219,35.255,35,35.51,0,14/01/19
14/01/19,22/02/19,150,120,39,0.106849315,0.49221,0.024228219,30.425,30.2,30.65,27.63,14/01/19
14/01/19,22/02/19,150,125,39,0.106849315,0.44061,0.024228219,25.595,25.34,25.85,23.8,14/01/19
14/01/19,22/02/19,150,130,39,0.106849315,0.40214,0.024228219,20.92,20.7,21.14,24.09,14/01/19
14/01/19,22/02/19,150,132,39,0.106849315,0.39186,0.024228219,19.145,18.94,19.35,0,14/01/19
14/01/19,22/02/19,150,133,39,0.106849315,0.38701,0.024228219,18.275,18.1,18.45,0,14/01/19
14/01/19,22/02/19,150,134,39,0.106849315,0.3729,0.024228219,17.295,17.14,17.45,17.05,14/01/19
14/01/19,22/02/19,150,135,39,0.106849315,0.37624,0.024228219,16.55,16.35,16.75,20.25,14/01/19
14/01/19,22/02/19,150,136,39,0.106849315,0.36663,0.024228219,15.65,15.5,15.8,17.71,14/01/19
14/01/19,22/02/19,150,137,39,0.106849315,0.36292,0.024228219,14.82,14.7,14.94,0,14/01/19
14/01/19,22/02/19,150,138,39,0.106849315,0.3577,0.024228219,14.005,13.85,14.16,0,14/01/19
14/01/19,22/02/19,150,139,39,0.106849315,0.35638,0.024228219,13.25,13.1,13.4,0,14/01/19
14/01/19,22/02/19,150,140,39,0.106849315,0.34999,0.024228219,12.455,12.35,12.56,15.09,14/01/19
14/01/19,22/02/19,150,141,39,0.106849315,0.34912,0.024228219,11.75,11.6,11.9,9.85,14/01/19
14/01/19,22/02/19,150,142,39,0.106849315,0.34149,0.024228219,10.94,10.84,11.04,11.85,14/01/19
14/01/19,22/02/19,150,143,39,0.106849315,0.33823,0.024228219,10.25,10.15,10.35,10.58,14/01/19
14/01/19,22/02/19,150,144,39,0.106849315,0.3346,0.024228219,9.55,9.45,9.65,13.15,14/01/19
14/01/19,22/02/19,150,145,39,0.106849315,0.33223,0.024228219,8.895,8.8,8.99,8.8,14/01/19
14/01/19,22/02/19,150,146,39,0.106849315,0.32835,0.024228219,8.255,8.16,8.35,8.32,14/01/19
14/01/19,22/02/19,150,147,39,0.106849315,0.32532,0.024228219,7.645,7.54,7.75,7.84,14/01/19
14/01/19,22/02/19,150,148,39,0.106849315,0.32189,0.024228219,7.05,6.95,7.15,7.05,14/01/19
14/01/19,22/02/19,150,149,39,0.106849315,0.32011,0.024228219,6.505,6.41,6.6,6.6,14/01/19
14/01/19,22/02/19,150,150,39,0.106849315,0.31742,0.024228219,5.975,5.91,6.04,5.77,14/01/19
14/01/19,22/02/19,150,152.5,39,0.106849315,0.31141,0.024228219,4.775,4.7,4.85,4.77,14/01/19
14/01/19,22/02/19,150,155,39,0.106849315,0.30344,0.024228219,3.7,3.65,3.75,3.75,14/01/19
14/01/19,22/02/19,150,157.5,39,0.106849315,0.29807,0.024228219,2.82,2.78,2.86,2.78,14/01/19
14/01/19,22/02/19,150,160,39,0.106849315,0.29202,0.024228219,2.095,2.06,2.13,2.02,14/01/19
14/01/19,22/02/19,150,162.5,39,0.106849315,0.29013,0.024228219,1.56,1.53,1.59,1.5,14/01/19
14/01/19,22/02/19,150,165,39,0.106849315,0.28688,0.024228219,1.13,1.1,1.16,1.13,14/01/19
14/01/19,22/02/19,150,167.5,39,0.106849315,0.28576,0.024228219,0.825,0.79,0.86,0.8,14/01/19
14/01/19,22/02/19,150,170,39,0.106849315,0.28566,0.024228219,0.595,0.57,0.62,0.6,14/01/19
14/01/19,22/02/19,150,172.5,39,0.106849315,0.28949,0.024228219,0.445,0.43,0.46,0.52,14/01/19
14/01/19,22/02/19,150,175,39,0.106849315,0.29219,0.024228219,0.325,0.3,0.35,0.36,14/01/19
14/01/19,22/02/19,150,177.5,39,0.106849315,0.29878,0.024228219,0.265,0.24,0.29,0.26,14/01/19
14/01/19,22/02/19,150,180,39,0.106849315,0.30699,0.024228219,0.215,0.18,0.25,0.34,14/01/19
14/01/19,22/02/19,150,182.5,39,0.106849315,0.31656,0.024228219,0.185,0.16,0.21,0.17,14/01/19
14/01/19,22/02/19,150,185,39,0.106849315,0.32282,0.024228219,0.145,0.11,0.18,0.17,14/01/19
14/01/19,22/02/19,150,187.5,39,0.106849315,0.33397,0.024228219,0.135,0.1,0.17,0.18,14/01/19
14/01/19,22/02/19,150,190,39,0.106849315,0.34025,0.024228219,0.11,0.08,0.14,0.14,14/01/19
14/01/19,22/02/19,150,192.5,39,0.106849315,0.35065,0.024228219,0.105,0.08,0.13,0.16,14/01/19
14/01/19,22/02/19,150,195,39,0.106849315,0.36025,0.024228219,0.08,0.05,0.11,0.07,14/01/19
14/01/19,22/02/19,150,200,39,0.106849315,0.38063,0.024228219,0.07,0.05,0.09,0.07,14/01/19
14/01/19,01/03/19,150,100,46,0.126027397,0.76839,0.024251233,50.195,49.84,50.55,0,14/01/19
14/01/19,01/03/19,150,105,46,0.126027397,0.67827,0.024251233,45.245,44.89,45.6,0,14/01/19
14/01/19,01/03/19,150,110,46,0.126027397,0.58487,0.024251233,40.22,39.89,40.55,40.5,14/01/19
14/01/19,01/03/19,150,115,46,0.126027397,0.53325,0.024251233,35.4,34.55,36.25,0,14/01/19
14/01/19,01/03/19,150,120,46,0.126027397,0.47263,0.024251233,30.5,30.2,30.8,0,14/01/19
14/01/19,01/03/19,150,125,46,0.126027397,0.42778,0.024251233,25.73,25.45,26.01,0,14/01/19
14/01/19,01/03/19,150,130,46,0.126027397,0.38427,0.024251233,21.005,20.81,21.2,0,14/01/19
14/01/19,01/03/19,150,135,46,0.126027397,0.36377,0.024251233,16.7,16.5,16.9,0,14/01/19
14/01/19,01/03/19,150,138,46,0.126027397,0.34977,0.024251233,14.25,14.05,14.45,0,14/01/19
14/01/19,01/03/19,150,139,46,0.126027397,0.34785,0.024251233,13.5,13.3,13.7,0,14/01/19
14/01/19,01/03/19,150,140,46,0.126027397,0.34291,0.024251233,12.72,12.55,12.89,0,14/01/19
14/01/19,01/03/19,150,141,46,0.126027397,0.34005,0.024251233,12.005,11.81,12.2,0,14/01/19
14/01/19,01/03/19,150,142,46,0.126027397,0.33713,0.024251233,11.27,11.1,11.44,0,14/01/19
14/01/19,01/03/19,150,143,46,0.126027397,0.33418,0.024251233,10.595,10.4,10.79,0,14/01/19
14/01/19,01/03/19,150,144,46,0.126027397,0.33138,0.024251233,9.925,9.75,10.1,9.8,14/01/19
14/01/19,01/03/19,150,145,46,0.126027397,0.327,0.024251233,9.255,9.11,9.4,10.82,14/01/19
14/01/19,01/03/19,150,146,46,0.126027397,0.32313,0.024251233,8.605,8.46,8.75,0,14/01/19
14/01/19,01/03/19,150,147,46,0.126027397,0.32076,0.024251233,8,7.85,8.15,0,14/01/19
14/01/19,01/03/19,150,148,46,0.126027397,0.3184,0.024251233,7.43,7.3,7.56,9.15,14/01/19
14/01/19,01/03/19,150,149,46,0.126027397,0.31467,0.024251233,6.85,6.75,6.95,6.75,14/01/19
14/01/19,01/03/19,150,150,46,0.126027397,0.31252,0.024251233,6.32,6.19,6.45,6.33,14/01/19
14/01/19,01/03/19,150,152.5,46,0.126027397,0.30748,0.024251233,5.145,5.04,5.25,5.13,14/01/19
14/01/19,01/03/19,150,155,46,0.126027397,0.3012,0.024251233,4.075,4,4.15,4,14/01/19
14/01/19,01/03/19,150,157.5,46,0.126027397,0.2968,0.024251233,3.19,3.14,3.24,3.5,14/01/19
14/01/19,01/03/19,150,160,46,0.126027397,0.2913,0.024251233,2.435,2.37,2.5,2.49,14/01/19
14/01/19,01/03/19,150,162.5,46,0.126027397,0.28686,0.024251233,1.825,1.77,1.88,1.9,14/01/19
14/01/19,01/03/19,150,165,46,0.126027397,0.28566,0.024251233,1.385,1.32,1.45,1.41,14/01/19
14/01/19,01/03/19,150,167.5,46,0.126027397,0.28237,0.024251233,1.02,0.96,1.08,1.02,14/01/19
14/01/19,01/03/19,150,170,46,0.126027397,0.28089,0.024251233,0.745,0.7,0.79,0.76,14/01/19
14/01/19,01/03/19,150,172.5,46,0.126027397,0.28246,0.024251233,0.56,0.53,0.59,0.55,14/01/19
14/01/19,01/03/19,150,175,46,0.126027397,0.28687,0.024251233,0.435,0.37,0.5,0.45,14/01/19
14/01/19,01/03/19,150,177.5,46,0.126027397,0.28951,0.024251233,0.335,0.27,0.4,0.33,14/01/19
14/01/19,01/03/19,150,180,46,0.126027397,0.29383,0.024251233,0.26,0.19,0.33,0.27,14/01/19
14/01/19,01/03/19,150,182.5,46,0.126027397,0.30119,0.024251233,0.21,0.15,0.27,0,14/01/19
14/01/19,01/03/19,150,185,46,0.126027397,0.30903,0.024251233,0.19,0.16,0.22,0.18,14/01/19
14/01/19,01/03/19,150,187.5,46,0.126027397,0.31431,0.024251233,0.15,0.08,0.22,0.25,14/01/19
14/01/19,01/03/19,150,190,46,0.126027397,0.31217,0.024251233,0.105,0.06,0.15,0,14/01/19
14/01/19,01/03/19,150,195,46,0.126027397,0.33407,0.024251233,0.095,0.04,0.15,0.14,14/01/19
14/01/19,01/03/19,150,200,46,0.126027397,0.35153,0.024251233,0.065,0.01,0.12,0.1,14/01/19
14/01/19,01/03/19,150,205,46,0.126027397,0.37083,0.024251233,0.065,0,0.13,0,14/01/19
14/01/19,01/03/19,150,210,46,0.126027397,0.39838,0.024251233,0.075,0,0.15,0,14/01/19
14/01/19,15/03/19,150,75,59.96,0.164273973,1.26833,0.024297129,75.09,74.84,75.34,75.15,14/01/19
14/01/19,15/03/19,150,80,59.96,0.164273973,1.10803,0.024297129,70.05,69.8,70.3,0,14/01/19
14/01/19,15/03/19,150,85,59.96,0.164273973,0.98414,0.024297129,65.12,64.9,65.34,0,14/01/19
14/01/19,15/03/19,150,90,59.96,0.164273973,0.86452,0.024297129,60.125,59.9,60.35,53.9,14/01/19
14/01/19,15/03/19,150,95,59.96,0.164273973,0.74582,0.024297129,55.045,54.75,55.34,0,14/01/19
14/01/19,15/03/19,150,100,59.96,0.164273973,0.67645,0.024297129,50.225,50.05,50.4,50,14/01/19
14/01/19,15/03/19,150,105,59.96,0.164273973,0.59347,0.024297129,45.25,45.05,45.45,45.57,14/01/19
14/01/19,15/03/19,150,110,59.96,0.164273973,0.5263,0.024297129,40.32,40.14,40.5,40.43,14/01/19
14/01/19,15/03/19,150,115,59.96,0.164273973,0.46545,0.024297129,35.4,35.2,35.6,31.52,14/01/19
14/01/19,15/03/19,150,120,59.96,0.164273973,0.4295,0.024297129,30.65,30.45,30.85,30.35,14/01/19
14/01/19,15/03/19,150,125,59.96,0.164273973,0.39437,0.024297129,25.95,25.75,26.15,26.9,14/01/19
14/01/19,15/03/19,150,130,59.96,0.164273973,0.36625,0.024297129,21.425,21.25,21.6,21.24,14/01/19
14/01/19,15/03/19,150,135,59.96,0.164273973,0.34697,0.024297129,17.2,17.1,17.3,17.05,14/01/19
14/01/19,15/03/19,150,140,59.96,0.164273973,0.33074,0.024297129,13.345,13.2,13.49,13.3,14/01/19
14/01/19,15/03/19,150,145,59.96,0.164273973,0.31798,0.024297129,10.01,9.91,10.11,9.8,14/01/19
14/01/19,15/03/19,150,150,59.96,0.164273973,0.30571,0.024297129,7.125,7.05,7.2,7,14/01/19
14/01/19,15/03/19,150,155,59.96,0.164273973,0.29691,0.024297129,4.85,4.8,4.9,4.77,14/01/19
14/01/19,15/03/19,150,160,59.96,0.164273973,0.2873,0.024297129,3.1,3.05,3.15,3,14/01/19
14/01/19,15/03/19,150,165,59.96,0.164273973,0.28095,0.024297129,1.91,1.89,1.93,1.86,14/01/19
14/01/19,15/03/19,150,170,59.96,0.164273973,0.27699,0.024297129,1.115,1.09,1.14,1.11,14/01/19
14/01/19,15/03/19,150,175,59.96,0.164273973,0.2774,0.024297129,0.67,0.65,0.69,0.67,14/01/19
14/01/19,15/03/19,150,180,59.96,0.164273973,0.28029,0.024297129,0.405,0.38,0.43,0.4,14/01/19
14/01/19,15/03/19,150,185,59.96,0.164273973,0.28808,0.024297129,0.265,0.25,0.28,0.26,14/01/19
14/01/19,15/03/19,150,190,59.96,0.164273973,0.30064,0.024297129,0.2,0.18,0.22,0.19,14/01/19
14/01/19,15/03/19,150,195,59.96,0.164273973,0.3041,0.024297129,0.125,0.1,0.15,0.14,14/01/19
14/01/19,15/03/19,150,200,59.96,0.164273973,0.32653,0.024297129,0.115,0.11,0.12,0.11,14/01/19
14/01/19,15/03/19,150,205,59.96,0.164273973,0.34544,0.024297129,0.105,0.08,0.13,0.1,14/01/19
14/01/19,15/03/19,150,210,59.96,0.164273973,0.35763,0.024297129,0.085,0.07,0.1,0.09,14/01/19
14/01/19,15/03/19,150,215,59.96,0.164273973,0.36948,0.024297129,0.075,0.07,0.08,0.06,14/01/19
14/01/19,15/03/19,150,220,59.96,0.164273973,0.3932,0.024297129,0.075,0.05,0.1,0.05,14/01/19
14/01/19,15/03/19,150,225,59.96,0.164273973,0.38852,0.024297129,0.05,0.03,0.07,0.05,14/01/19
14/01/19,15/03/19,150,230,59.96,0.164273973,0.41204,0.024297129,0.05,0.04,0.06,0.04,14/01/19
14/01/19,15/03/19,150,235,59.96,0.164273973,0.43865,0.024297129,0.065,0.05,0.08,0.04,14/01/19
14/01/19,15/03/19,150,240,59.96,0.164273973,0.42989,0.024297129,0.045,0.04,0.05,0.03,14/01/19
14/01/19,15/03/19,150,245,59.96,0.164273973,0.45259,0.024297129,0.045,0.03,0.06,0.04,14/01/19
14/01/19,15/03/19,150,250,59.96,0.164273973,0.4557,0.024297129,0.03,0.02,0.04,0.04,14/01/19
14/01/19,15/03/19,150,255,59.96,0.164273973,0.47014,0.024297129,0.035,0.01,0.06,0.03,14/01/19
14/01/19,15/03/19,150,260,59.96,0.164273973,0.4778,0.024297129,0.025,0.01,0.04,0.04,14/01/19
14/01/19,15/03/19,150,265,59.96,0.164273973,0.49163,0.024297129,0.025,0,0.05,0.01,14/01/19
14/01/19,15/03/19,150,270,59.96,0.164273973,0.5056,0.024297129,0.025,0,0.05,0.02,14/01/19
14/01/19,15/03/19,150,275,59.96,0.164273973,0.51996,0.024297129,0.025,0,0.05,0.03,14/01/19
14/01/19,15/03/19,150,280,59.96,0.164273973,0.54189,0.024297129,0.03,0.01,0.05,0.03,14/01/19
14/01/19,15/03/19,150,285,59.96,0.164273973,0.53564,0.024297129,0.02,0,0.04,0.05,14/01/19
14/01/19,15/03/19,150,290,59.96,0.164273973,0.5475,0.024297129,0.025,0,0.05,0.04,14/01/19
14/01/19,15/03/19,150,295,59.96,0.164273973,0.56102,0.024297129,0.02,0,0.04,0.07,14/01/19
14/01/19,15/03/19,150,300,59.96,0.164273973,0.57303,0.024297129,0.02,0,0.04,0.01,14/01/19
14/01/19,18/04/19,150,40,93.96,0.257424658,2.71666,0.024520789,109.995,109.3,110.69,104.79,14/01/19
14/01/19,18/04/19,150,45,93.96,0.257424658,2.30806,0.024520789,105,104.75,105.25,0,14/01/19
14/01/19,18/04/19,150,55,93.96,0.257424658,1.71704,0.024520789,95.025,94.75,95.3,153.48,14/01/19
14/01/19,18/04/19,150,60,93.96,0.257424658,1.49144,0.024520789,90.005,89.75,90.26,108.12,14/01/19
14/01/19,18/04/19,150,65,93.96,0.257424658,1.30589,0.024520789,85.02,84.74,85.3,144.55,14/01/19
14/01/19,18/04/19,150,70,93.96,0.257424658,1.14054,0.024520789,80,79.24,80.76,0,14/01/19
14/01/19,18/04/19,150,75,93.96,0.257424658,1.00338,0.024520789,75.02,74.75,75.29,83.1,14/01/19
14/01/19,18/04/19,150,80,93.96,0.257424658,0.88929,0.024520789,70.105,69.86,70.35,0,14/01/19
14/01/19,18/04/19,150,85,93.96,0.257424658,0.78432,0.024520789,65.13,64.91,65.35,0,14/01/19
14/01/19,18/04/19,150,90,93.96,0.257424658,0.69485,0.024520789,60.17,59.94,60.4,0,14/01/19
14/01/19,18/04/19,150,95,93.96,0.257424658,0.62297,0.024520789,55.305,55.06,55.55,124.27,14/01/19
14/01/19,18/04/19,150,100,93.96,0.257424658,0.54921,0.024520789,50.325,50.1,50.55,50.6,14/01/19
14/01/19,18/04/19,150,105,93.96,0.257424658,0.48793,0.024520789,45.395,45.15,45.64,41.75,14/01/19
14/01/19,18/04/19,150,110,93.96,0.257424658,0.44858,0.024520789,40.625,40.4,40.85,44.83,14/01/19
14/01/19,18/04/19,150,115,93.96,0.257424658,0.41322,0.024520789,35.875,35.7,36.05,36,14/01/19
14/01/19,18/04/19,150,120,93.96,0.257424658,0.38242,0.024520789,31.19,30.99,31.39,33.35,14/01/19
14/01/19,18/04/19,150,125,93.96,0.257424658,0.36053,0.024520789,26.705,26.56,26.85,26.4,14/01/19
14/01/19,18/04/19,150,130,93.96,0.257424658,0.34272,0.024520789,22.43,22.31,22.55,22.45,14/01/19
14/01/19,18/04/19,150,135,93.96,0.257424658,0.33056,0.024520789,18.48,18.35,18.61,22,14/01/19
14/01/19,18/04/19,150,140,93.96,0.257424658,0.31783,0.024520789,14.825,14.75,14.9,14.88,14/01/19
14/01/19,18/04/19,150,145,93.96,0.257424658,0.3042,0.024520789,11.505,11.4,11.61,11.5,14/01/19
14/01/19,18/04/19,150,150,93.96,0.257424658,0.29695,0.024520789,8.75,8.65,8.85,8.7,14/01/19
14/01/19,18/04/19,150,155,93.96,0.257424658,0.28737,0.024520789,6.375,6.3,6.45,6.3,14/01/19
14/01/19,18/04/19,150,160,93.96,0.257424658,0.27885,0.024520789,4.475,4.4,4.55,4.4,14/01/19
14/01/19,18/04/19,150,165,93.96,0.257424658,0.27317,0.024520789,3.05,3,3.1,3,14/01/19
14/01/19,18/04/19,150,170,93.96,0.257424658,0.2682,0.024520789,2.005,1.97,2.04,1.94,14/01/19
14/01/19,18/04/19,150,175,93.96,0.257424658,0.2653,0.024520789,1.3,1.27,1.33,1.27,14/01/19
14/01/19,18/04/19,150,180,93.96,0.257424658,0.26351,0.024520789,0.835,0.82,0.85,0.85,14/01/19
14/01/19,18/04/19,150,185,93.96,0.257424658,0.26565,0.024520789,0.55,0.52,0.58,0.52,14/01/19
14/01/19,18/04/19,150,190,93.96,0.257424658,0.2709,0.024520789,0.385,0.37,0.4,0.4,14/01/19
14/01/19,18/04/19,150,195,93.96,0.257424658,0.27967,0.024520789,0.29,0.27,0.31,0.28,14/01/19
14/01/19,18/04/19,150,200,93.96,0.257424658,0.28815,0.024520789,0.225,0.22,0.23,0.22,14/01/19
14/01/19,18/04/19,150,205,93.96,0.257424658,0.29652,0.024520789,0.17,0.15,0.19,0.16,14/01/19
14/01/19,18/04/19,150,210,93.96,0.257424658,0.30394,0.024520789,0.13,0.1,0.16,0.12,14/01/19
14/01/19,18/04/19,150,215,93.96,0.257424658,0.31794,0.024520789,0.115,0.09,0.14,0.12,14/01/19
14/01/19,18/04/19,150,220,93.96,0.257424658,0.32577,0.024520789,0.095,0.06,0.13,0.11,14/01/19
14/01/19,18/04/19,150,225,93.96,0.257424658,0.33898,0.024520789,0.09,0.08,0.1,0.09,14/01/19
14/01/19,18/04/19,150,230,93.96,0.257424658,0.34739,0.024520789,0.08,0.06,0.1,0.08,14/01/19
14/01/19,18/04/19,150,235,93.96,0.257424658,0.3596,0.024520789,0.075,0.06,0.09,0.07,14/01/19
14/01/19,18/04/19,150,240,93.96,0.257424658,0.36777,0.024520789,0.055,0.03,0.08,0.06,14/01/19
14/01/19,18/04/19,150,245,93.96,0.257424658,0.38192,0.024520789,0.07,0.04,0.1,0.06,14/01/19
14/01/19,18/04/19,150,250,93.96,0.257424658,0.39483,0.024520789,0.065,0.05,0.08,0.06,14/01/19
14/01/19,18/04/19,150,255,93.96,0.257424658,0.38236,0.024520789,0.035,0,0.07,0.06,14/01/19
14/01/19,18/04/19,150,260,93.96,0.257424658,0.40493,0.024520789,0.045,0.03,0.06,0.06,14/01/19
14/01/19,18/04/19,150,265,93.96,0.257424658,0.42179,0.024520789,0.055,0.03,0.08,0.05,14/01/19
14/01/19,18/04/19,150,270,93.96,0.257424658,0.43336,0.024520789,0.05,0.03,0.07,0.06,14/01/19
14/01/19,18/04/19,150,275,93.96,0.257424658,0.43505,0.024520789,0.035,0.02,0.05,0.06,14/01/19
14/01/19,18/04/19,150,280,93.96,0.257424658,0.44073,0.024520789,0.03,0.02,0.04,0.04,14/01/19
14/01/19,18/04/19,150,285,93.96,0.257424658,0.45722,0.024520789,0.04,0.02,0.06,0.03,14/01/19
14/01/19,18/04/19,150,290,93.96,0.257424658,0.46155,0.024520789,0.035,0.02,0.05,0.02,14/01/19
14/01/19,18/04/19,150,295,93.96,0.257424658,0.4649,0.024520789,0.03,0.01,0.05,0.03,14/01/19
14/01/19,18/04/19,150,300,93.96,0.257424658,0.47555,0.024520789,0.035,0.02,0.05,0.03,14/01/19
14/01/19,18/04/19,150,305,93.96,0.257424658,0.48568,0.024520789,0.035,0.01,0.06,0.03,14/01/19
14/01/19,18/04/19,150,310,93.96,0.257424658,0.49471,0.024520789,0.03,0.01,0.05,0.09,14/01/19
14/01/19,18/04/19,150,315,93.96,0.257424658,0.49654,0.024520789,0.025,0,0.05,0.23,14/01/19
14/01/19,18/04/19,150,320,93.96,0.257424658,0.50577,0.024520789,0.02,0,0.04,0.03,14/01/19
14/01/19,18/04/19,150,325,93.96,0.257424658,0.51416,0.024520789,0.02,0,0.04,0.04,14/01/19
14/01/19,18/04/19,150,330,93.96,0.257424658,0.52345,0.024520789,0.025,0,0.05,0.02,14/01/19
14/01/19,18/04/19,150,335,93.96,0.257424658,0.52192,0.024520789,0.02,0,0.04,0.06,14/01/19
14/01/19,18/04/19,150,340,93.96,0.257424658,0.53096,0.024520789,0.02,0,0.04,0.13,14/01/19
14/01/19,18/04/19,150,345,93.96,0.257424658,0.5384,0.024520789,0.02,0,0.04,0.03,14/01/19
14/01/19,18/04/19,150,350,93.96,0.257424658,0.54725,0.024520789,0.02,0,0.04,0.12,14/01/19
14/01/19,18/04/19,150,355,93.96,0.257424658,0.55445,0.024520789,0.02,0,0.04,0.1,14/01/19
14/01/19,18/04/19,150,360,93.96,0.257424658,0.56354,0.024520789,0.02,0,0.04,0.06,14/01/19
14/01/19,18/04/19,150,365,93.96,0.257424658,0.57081,0.024520789,0.02,0,0.04,0.1,14/01/19
14/01/19,18/04/19,150,370,93.96,0.257424658,0.57897,0.024520789,0.02,0,0.04,0.08,14/01/19
14/01/19,18/04/19,150,375,93.96,0.257424658,0.58535,0.024520789,0.02,0,0.04,0.04,14/01/19
14/01/19,18/04/19,150,380,93.96,0.257424658,0.59273,0.024520789,0.02,0,0.04,0.01,14/01/19
14/01/19,18/04/19,150,385,93.96,0.257424658,0.56866,0.024520789,0.015,0,0.03,0.05,14/01/19
14/01/19,18/04/19,150,390,93.96,0.257424658,0.60879,0.024520789,0.02,0,0.04,0.17,14/01/19
14/01/19,18/04/19,150,395,93.96,0.257424658,0.61474,0.024520789,0.025,0,0.05,0.1,14/01/19
14/01/19,18/04/19,150,400,93.96,0.257424658,0.60855,0.024520789,0.015,0,0.03,0.02,14/01/19
14/01/19,18/04/19,150,405,93.96,0.257424658,0.62949,0.024520789,0.02,0,0.04,0.02,14/01/19
14/01/19,18/04/19,150,410,93.96,0.257424658,0.60273,0.024520789,0.01,0,0.02,0.01,14/01/19
14/01/19,18/04/19,150,415,93.96,0.257424658,0.64274,0.024520789,0.025,0,0.05,0,14/01/19
14/01/19,18/04/19,150,420,93.96,0.257424658,0.64972,0.024520789,0.02,0,0.04,0.02,14/01/19
14/01/19,18/04/19,150,425,93.96,0.257424658,0.62271,0.024520789,0.005,0,0.01,0.04,14/01/19
14/01/19,21/06/19,150,80,157.96,0.432767123,0.70085,0.025011748,70.175,69.95,70.4,0,14/01/19
14/01/19,21/06/19,150,85,157.96,0.432767123,0.61782,0.025011748,65.18,64.9,65.46,85.79,14/01/19
14/01/19,21/06/19,150,90,157.96,0.432767123,0.56073,0.025011748,60.375,60.1,60.65,61.07,14/01/19
14/01/19,21/06/19,150,95,157.96,0.432767123,0.50796,0.025011748,55.53,55.3,55.76,56.23,14/01/19
14/01/19,21/06/19,150,100,157.96,0.432767123,0.47022,0.025011748,50.8,50.55,51.05,50.76,14/01/19
14/01/19,21/06/19,150,105,157.96,0.432767123,0.43182,0.025011748,46.025,45.75,46.3,45.88,14/01/19
14/01/19,21/06/19,150,110,157.96,0.432767123,0.40432,0.025011748,41.38,41.16,41.6,41,14/01/19
14/01/19,21/06/19,150,115,157.96,0.432767123,0.38204,0.025011748,36.825,36.59,37.06,37,14/01/19
14/01/19,21/06/19,150,120,157.96,0.432767123,0.36082,0.025011748,32.37,32.14,32.6,32.5,14/01/19
14/01/19,21/06/19,150,125,157.96,0.432767123,0.34401,0.025011748,28.13,27.96,28.3,28.2,14/01/19
14/01/19,21/06/19,150,130,157.96,0.432767123,0.33122,0.025011748,24.125,24,24.25,24.64,14/01/19
14/01/19,21/06/19,150,135,157.96,0.432767123,0.3199,0.025011748,20.375,20.21,20.54,22.2,14/01/19
14/01/19,21/06/19,150,140,157.96,0.432767123,0.31217,0.025011748,17.025,16.9,17.15,17.25,14/01/19
14/01/19,21/06/19,150,145,157.96,0.432767123,0.30261,0.025011748,13.92,13.79,14.05,13.71,14/01/19
14/01/19,21/06/19,150,150,157.96,0.432767123,0.29504,0.025011748,11.205,11.11,11.3,11.2,14/01/19
14/01/19,21/06/19,150,155,157.96,0.432767123,0.28672,0.025011748,8.8,8.69,8.91,8.75,14/01/19
14/01/19,21/06/19,150,160,157.96,0.432767123,0.28111,0.025011748,6.8,6.7,6.9,6.69,14/01/19
14/01/19,21/06/19,150,165,157.96,0.432767123,0.2751,0.025011748,5.145,5.09,5.2,5.05,14/01/19
14/01/19,21/06/19,150,170,157.96,0.432767123,0.2703,0.025011748,3.82,3.75,3.89,3.8,14/01/19
14/01/19,21/06/19,150,175,157.96,0.432767123,0.26688,0.025011748,2.81,2.77,2.85,2.75,14/01/19
14/01/19,21/06/19,150,180,157.96,0.432767123,0.26515,0.025011748,2.055,2.02,2.09,2,14/01/19
14/01/19,21/06/19,150,185,157.96,0.432767123,0.26342,0.025011748,1.5,1.47,1.53,1.49,14/01/19
14/01/19,21/06/19,150,190,157.96,0.432767123,0.26343,0.025011748,1.09,1.06,1.12,1.04,14/01/19
14/01/19,21/06/19,150,195,157.96,0.432767123,0.26493,0.025011748,0.805,0.79,0.82,0.79,14/01/19
14/01/19,21/06/19,150,200,157.96,0.432767123,0.26887,0.025011748,0.62,0.61,0.63,0.63,14/01/19
14/01/19,21/06/19,150,205,157.96,0.432767123,0.27104,0.025011748,0.47,0.44,0.5,0.48,14/01/19
14/01/19,21/06/19,150,210,157.96,0.432767123,0.27642,0.025011748,0.385,0.37,0.4,0.38,14/01/19
14/01/19,21/06/19,150,215,157.96,0.432767123,0.28148,0.025011748,0.305,0.27,0.34,0.3,14/01/19
14/01/19,21/06/19,150,220,157.96,0.432767123,0.28905,0.025011748,0.265,0.23,0.3,0.26,14/01/19
14/01/19,21/06/19,150,225,157.96,0.432767123,0.29614,0.025011748,0.225,0.19,0.26,0.21,14/01/19
14/01/19,21/06/19,150,230,157.96,0.432767123,0.30223,0.025011748,0.195,0.18,0.21,0.19,14/01/19
14/01/19,21/06/19,150,235,157.96,0.432767123,0.30891,0.025011748,0.17,0.15,0.19,0.18,14/01/19
14/01/19,21/06/19,150,240,157.96,0.432767123,0.31727,0.025011748,0.155,0.12,0.19,0.17,14/01/19
14/01/19,21/06/19,150,245,157.96,0.432767123,0.32542,0.025011748,0.14,0.1,0.18,0.17,14/01/19
14/01/19,21/06/19,150,250,157.96,0.432767123,0.33415,0.025011748,0.14,0.12,0.16,0.17,14/01/19
14/01/19,21/06/19,150,255,157.96,0.432767123,0.34314,0.025011748,0.12,0.09,0.15,0.15,14/01/19
14/01/19,21/06/19,150,260,157.96,0.432767123,0.34782,0.025011748,0.11,0.09,0.13,0.12,14/01/19
14/01/19,21/06/19,150,265,157.96,0.432767123,0.35613,0.025011748,0.11,0.08,0.14,0.1,14/01/19
14/01/19,21/06/19,150,270,157.96,0.432767123,0.36844,0.025011748,0.115,0.08,0.15,0.11,14/01/19
14/01/19,21/06/19,150,275,157.96,0.432767123,0.37101,0.025011748,0.1,0.07,0.13,0.08,14/01/19
14/01/19,21/06/19,150,280,157.96,0.432767123,0.3763,0.025011748,0.085,0.07,0.1,0.09,14/01/19
14/01/19,21/06/19,150,285,157.96,0.432767123,0.38776,0.025011748,0.105,0.07,0.14,0.08,14/01/19
14/01/19,21/06/19,150,290,157.96,0.432767123,0.39634,0.025011748,0.095,0.07,0.12,0.14,14/01/19
14/01/19,21/06/19,150,295,157.96,0.432767123,0.40298,0.025011748,0.09,0.07,0.11,0.06,14/01/19
14/01/19,21/06/19,150,300,157.96,0.432767123,0.39435,0.025011748,0.06,0.05,0.07,0.08,14/01/19
14/01/19,21/06/19,150,310,157.96,0.432767123,0.41909,0.025011748,0.085,0.06,0.11,0.08,14/01/19
14/01/19,21/06/19,150,320,157.96,0.432767123,0.42546,0.025011748,0.055,0.03,0.08,0.01,14/01/19
14/01/19,21/06/19,150,330,157.96,0.432767123,0.43239,0.025011748,0.05,0.03,0.07,0.07,14/01/19
14/01/19,21/06/19,150,340,157.96,0.432767123,0.43702,0.025011748,0.045,0.04,0.05,0.04,14/01/19
14/01/19,19/07/19,150,80,185.96,0.509479452,0.65959,0.025209479,70.2,69.95,70.45,73.25,14/01/19
14/01/19,19/07/19,150,85,185.96,0.509479452,0.59294,0.025209479,65.33,65.11,65.55,67.11,14/01/19
14/01/19,19/07/19,150,90,185.96,0.509479452,0.53718,0.025209479,60.475,60.25,60.7,62.8,14/01/19
14/01/19,19/07/19,150,95,185.96,0.509479452,0.49296,0.025209479,55.695,55.44,55.95,63.1,14/01/19
14/01/19,19/07/19,150,100,185.96,0.509479452,0.45055,0.025209479,50.875,50.65,51.1,51,14/01/19
14/01/19,19/07/19,150,105,185.96,0.509479452,0.41955,0.025209479,46.175,45.95,46.4,46.25,14/01/19
14/01/19,19/07/19,150,110,185.96,0.509479452,0.39611,0.025209479,41.57,41.34,41.8,37.5,14/01/19
14/01/19,19/07/19,150,115,185.96,0.509479452,0.37542,0.025209479,37.105,36.91,37.3,36.85,14/01/19
14/01/19,19/07/19,150,120,185.96,0.509479452,0.35686,0.025209479,32.725,32.55,32.9,32.75,14/01/19
14/01/19,19/07/19,150,125,185.96,0.509479452,0.34447,0.025209479,28.625,28.45,28.8,31.59,14/01/19
14/01/19,19/07/19,150,130,185.96,0.509479452,0.33378,0.025209479,24.75,24.6,24.9,24.95,14/01/19
14/01/19,19/07/19,150,135,185.96,0.509479452,0.32392,0.025209479,21.155,21.01,21.3,20.92,14/01/19
14/01/19,19/07/19,150,140,185.96,0.509479452,0.31321,0.025209479,17.77,17.7,17.84,17.83,14/01/19
14/01/19,19/07/19,150,145,185.96,0.509479452,0.30547,0.025209479,14.775,14.65,14.9,14.6,14/01/19
14/01/19,19/07/19,150,150,185.96,0.509479452,0.29724,0.025209479,12.05,11.95,12.15,11.85,14/01/19
14/01/19,19/07/19,150,155,185.96,0.509479452,0.29061,0.025209479,9.67,9.6,9.74,9.52,14/01/19
14/01/19,19/07/19,150,160,185.96,0.509479452,0.28322,0.025209479,7.625,7.55,7.7,7.5,14/01/19
14/01/19,19/07/19,150,165,185.96,0.509479452,0.27762,0.025209479,5.925,5.85,6,5.9,14/01/19
14/01/19,19/07/19,150,170,185.96,0.509479452,0.27325,0.025209479,4.525,4.45,4.6,4.45,14/01/19
14/01/19,19/07/19,150,175,185.96,0.509479452,0.26837,0.025209479,3.395,3.34,3.45,3.35,14/01/19
14/01/19,19/07/19,150,180,185.96,0.509479452,0.26563,0.025209479,2.555,2.52,2.59,2.53,14/01/19
14/01/19,19/07/19,150,185,185.96,0.509479452,0.26292,0.025209479,1.89,1.87,1.91,1.88,14/01/19
14/01/19,19/07/19,150,190,185.96,0.509479452,0.26328,0.025209479,1.42,1.39,1.45,1.41,14/01/19
14/01/19,19/07/19,150,195,185.96,0.509479452,0.2631,0.025209479,1.075,1.05,1.1,1.07,14/01/19
14/01/19,19/07/19,150,200,185.96,0.509479452,0.26448,0.025209479,0.815,0.79,0.84,0.81,14/01/19
14/01/19,19/07/19,150,205,185.96,0.509479452,0.26625,0.025209479,0.63,0.61,0.65,0.6,14/01/19
14/01/19,19/07/19,150,210,185.96,0.509479452,0.26964,0.025209479,0.495,0.48,0.51,0.52,14/01/19
14/01/19,19/07/19,150,215,185.96,0.509479452,0.27312,0.025209479,0.4,0.38,0.42,0.44,14/01/19
14/01/19,19/07/19,150,220,185.96,0.509479452,0.28045,0.025209479,0.35,0.33,0.37,0.33,14/01/19
14/01/19,19/07/19,150,225,185.96,0.509479452,0.28523,0.025209479,0.29,0.26,0.32,0.29,14/01/19
14/01/19,19/07/19,150,230,185.96,0.509479452,0.2898,0.025209479,0.24,0.21,0.27,0.28,14/01/19
14/01/19,19/07/19,150,235,185.96,0.509479452,0.2961,0.025209479,0.215,0.18,0.25,0.27,14/01/19
14/01/19,19/07/19,150,240,185.96,0.509479452,0.30334,0.025209479,0.19,0.16,0.22,0.22,14/01/19
14/01/19,19/07/19,150,245,185.96,0.509479452,0.30793,0.025209479,0.165,0.14,0.19,0.18,14/01/19
14/01/19,19/07/19,150,250,185.96,0.509479452,0.31736,0.025209479,0.165,0.13,0.2,0.17,14/01/19
14/01/19,19/07/19,150,255,185.96,0.509479452,0.32327,0.025209479,0.145,0.11,0.18,0.2,14/01/19
14/01/19,19/07/19,150,260,185.96,0.509479452,0.32946,0.025209479,0.13,0.09,0.17,0.15,14/01/19
14/01/19,19/07/19,150,265,185.96,0.509479452,0.33737,0.025209479,0.13,0.11,0.15,0.47,14/01/19
14/01/19,19/07/19,150,270,185.96,0.509479452,0.3407,0.025209479,0.115,0.09,0.14,0.11,14/01/19
14/01/19,19/07/19,150,275,185.96,0.509479452,0.34843,0.025209479,0.105,0.08,0.13,0.14,14/01/19
14/01/19,19/07/19,150,280,185.96,0.509479452,0.3584,0.025209479,0.11,0.07,0.15,0.11,14/01/19
14/01/19,19/07/19,150,285,185.96,0.509479452,0.36542,0.025209479,0.11,0.07,0.15,0.13,14/01/19
14/01/19,19/07/19,150,290,185.96,0.509479452,0.36919,0.025209479,0.095,0.07,0.12,0.1,14/01/19
14/01/19,17/01/20,150,65,368,1.008219178,0.68179,0.025696712,85.105,84.41,85.8,103.4,14/01/19
14/01/19,17/01/20,150,70,368,1.008219178,0.60562,0.025696712,80.205,79.51,80.9,80,14/01/19
14/01/19,17/01/20,150,75,368,1.008219178,0.54285,0.025696712,75.35,74.65,76.05,72.35,14/01/19
14/01/19,17/01/20,150,80,368,1.008219178,0.47911,0.025696712,70.325,69.95,70.7,74.03,14/01/19
14/01/19,17/01/20,150,85,368,1.008219178,0.46036,0.025696712,65.98,65.26,66.7,70.3,14/01/19
14/01/19,17/01/20,150,90,368,1.008219178,0.42949,0.025696712,61.35,60.65,62.05,63.55,14/01/19
14/01/19,17/01/20,150,95,368,1.008219178,0.40531,0.025696712,56.8,56.55,57.05,57.58,14/01/19
14/01/19,17/01/20,150,100,368,1.008219178,0.38694,0.025696712,52.375,52.15,52.6,52.18,14/01/19
14/01/19,17/01/20,150,105,368,1.008219178,0.37258,0.025696712,48.075,47.85,48.3,50.9,14/01/19
14/01/19,17/01/20,150,110,368,1.008219178,0.35952,0.025696712,43.9,43.7,44.1,44.11,14/01/19
14/01/19,17/01/20,150,115,368,1.008219178,0.34841,0.025696712,39.85,39.65,40.05,43.15,14/01/19
14/01/19,17/01/20,150,120,368,1.008219178,0.33919,0.025696712,36,35.8,36.2,36.35,14/01/19
14/01/19,17/01/20,150,125,368,1.008219178,0.32995,0.025696712,32.255,32.1,32.41,32.35,14/01/19
14/01/19,17/01/20,150,130,368,1.008219178,0.32232,0.025696712,28.805,28.65,28.96,28.55,14/01/19
14/01/19,17/01/20,150,135,368,1.008219178,0.3159,0.025696712,25.55,25.4,25.7,25.54,14/01/19
14/01/19,17/01/20,150,140,368,1.008219178,0.30889,0.025696712,22.48,22.36,22.6,22.3,14/01/19
14/01/19,17/01/20,150,145,368,1.008219178,0.30331,0.025696712,19.65,19.5,19.8,19.65,14/01/19
14/01/19,17/01/20,150,150,368,1.008219178,0.29841,0.025696712,17.095,17,17.19,16.9,14/01/19
14/01/19,17/01/20,150,155,368,1.008219178,0.29213,0.025696712,14.7,14.6,14.8,14.6,14/01/19
14/01/19,17/01/20,150,160,368,1.008219178,0.28773,0.025696712,12.6,12.5,12.7,12.45,14/01/19
14/01/19,17/01/20,150,165,368,1.008219178,0.28293,0.025696712,10.695,10.59,10.8,10.7,14/01/19
14/01/19,17/01/20,150,170,368,1.008219178,0.27846,0.025696712,9.025,8.95,9.1,8.9,14/01/19
14/01/19,17/01/20,150,175,368,1.008219178,0.27513,0.025696712,7.57,7.49,7.65,7.5,14/01/19
14/01/19,17/01/20,150,180,368,1.008219178,0.2713,0.025696712,6.27,6.2,6.34,6.35,14/01/19
14/01/19,17/01/20,150,185,368,1.008219178,0.26878,0.025696712,5.225,5.15,5.3,5.23,14/01/19
14/01/19,17/01/20,150,190,368,1.008219178,0.26654,0.025696712,4.325,4.25,4.4,4.35,14/01/19
14/01/19,17/01/20,150,195,368,1.008219178,0.26458,0.025696712,3.57,3.49,3.65,3.5,14/01/19
14/01/19,17/01/20,150,200,368,1.008219178,0.26121,0.025696712,2.895,2.87,2.92,2.86,14/01/19
14/01/19,17/01/20,150,205,368,1.008219178,0.26111,0.025696712,2.41,2.36,2.46,2.4,14/01/19
14/01/19,17/01/20,150,210,368,1.008219178,0.25954,0.025696712,1.97,1.94,2,1.98,14/01/19
14/01/19,17/01/20,150,215,368,1.008219178,0.26065,0.025696712,1.655,1.61,1.7,1.64,14/01/19
14/01/19,17/01/20,150,220,368,1.008219178,0.26154,0.025696712,1.39,1.35,1.43,1.38,14/01/19
14/01/19,17/01/20,150,225,368,1.008219178,0.26051,0.025696712,1.15,1.12,1.18,1.15,14/01/19
14/01/19,17/01/20,150,230,368,1.008219178,0.26279,0.025696712,0.975,0.93,1.02,0.97,14/01/19
14/01/19,17/01/20,150,235,368,1.008219178,0.2637,0.025696712,0.835,0.79,0.88,0.81,14/01/19
14/01/19,17/01/20,150,240,368,1.008219178,0.26446,0.025696712,0.69,0.67,0.71,0.7,14/01/19
14/01/19,17/01/20,150,245,368,1.008219178,0.25575,0.025696712,0.47,0.29,0.65,0.78,14/01/19
14/01/19,17/01/20,150,250,368,1.008219178,0.26952,0.025696712,0.54,0.52,0.56,0.54,14/01/19
14/01/19,17/01/20,150,255,368,1.008219178,0.27075,0.025696712,0.47,0.46,0.48,0.48,14/01/19
14/01/19,17/01/20,150,260,368,1.008219178,0.27415,0.025696712,0.425,0.41,0.44,0.42,14/01/19
14/01/19,17/01/20,150,270,368,1.008219178,0.2801,0.025696712,0.34,0.31,0.37,0.35,14/01/19
14/01/19,17/01/20,150,280,368,1.008219178,0.28782,0.025696712,0.28,0.25,0.31,0.35,14/01/19
14/01/19,17/01/20,150,290,368,1.008219178,0.29427,0.025696712,0.245,0.22,0.27,0.3,14/01/19
14/01/19,17/01/20,150,300,368,1.008219178,0.29953,0.025696712,0.21,0.2,0.22,0.22,14/01/19
14/01/19,17/01/20,150,310,368,1.008219178,0.30862,0.025696712,0.195,0.17,0.22,0.18,14/01/19
14/01/19,17/01/20,150,320,368,1.008219178,0.31545,0.025696712,0.18,0.16,0.2,0.2,14/01/19
14/01/19,17/01/20,150,330,368,1.008219178,0.32367,0.025696712,0.165,0.14,0.19,0.19,14/01/19
14/01/19,17/01/20,150,340,368,1.008219178,0.32945,0.025696712,0.145,0.12,0.17,0.14,14/01/19
14/01/19,19/06/20,150,75,521.96,1.430027397,0.47573,0.025527989,75.355,73.6,77.11,0,14/01/19
14/01/19,19/06/20,150,80,521.96,1.430027397,0.44085,0.025527989,70.7,68.95,72.45,66.96,14/01/19
14/01/19,19/06/20,150,85,521.96,1.430027397,0.41572,0.025527989,66.175,64.45,67.9,59.5,14/01/19
14/01/19,19/06/20,150,90,521.96,1.430027397,0.39936,0.025527989,61.825,61.35,62.3,61.89,14/01/19
14/01/19,19/06/20,150,95,521.96,1.430027397,0.38554,0.025527989,57.555,57.06,58.05,55.59,14/01/19
14/01/19,19/06/20,150,100,521.96,1.430027397,0.37467,0.025527989,53.4,52.9,53.9,53,14/01/19
14/01/19,19/06/20,150,105,521.96,1.430027397,0.36549,0.025527989,49.38,48.91,49.85,51.25,14/01/19
14/01/19,19/06/20,150,110,521.96,1.430027397,0.3576,0.025527989,45.5,45,46,45.25,14/01/19
14/01/19,19/06/20,150,115,521.96,1.430027397,0.34868,0.025527989,41.72,41.25,42.19,38.52,14/01/19
14/01/19,19/06/20,150,120,521.96,1.430027397,0.34153,0.025527989,38.125,37.6,38.65,40.25,14/01/19
14/01/19,19/06/20,150,125,521.96,1.430027397,0.3349,0.025527989,34.7,34.2,35.2,34.77,14/01/19
14/01/19,19/06/20,150,130,521.96,1.430027397,0.32991,0.025527989,31.53,31.06,32,31.57,14/01/19
14/01/19,19/06/20,150,135,521.96,1.430027397,0.3236,0.025527989,28.475,28,28.95,31.36,14/01/19
14/01/19,19/06/20,150,140,521.96,1.430027397,0.32081,0.025527989,25.75,25.35,26.15,25.75,14/01/19
14/01/19,19/06/20,150,145,521.96,1.430027397,0.31557,0.025527989,23.07,22.75,23.39,22.87,14/01/19
14/01/19,19/06/20,150,150,521.96,1.430027397,0.30781,0.025527989,20.42,20.05,20.79,20.5,14/01/19
14/01/19,19/06/20,150,155,521.96,1.430027397,0.30637,0.025527989,18.3,17.85,18.75,18.3,14/01/19
14/01/19,19/06/20,150,160,521.96,1.430027397,0.29775,0.025527989,15.95,15.75,16.15,16.05,14/01/19
14/01/19,19/06/20,150,165,521.96,1.430027397,0.29897,0.025527989,14.38,13.91,14.85,14.4,14/01/19
14/01/19,19/06/20,150,170,521.96,1.430027397,0.29543,0.025527989,12.67,12.19,13.15,12.7,14/01/19
14/01/19,19/06/20,150,175,521.96,1.430027397,0.29199,0.025527989,11.1,10.66,11.54,11.2,14/01/19
14/01/19,19/06/20,150,180,521.96,1.430027397,0.29039,0.025527989,9.78,9.46,10.1,9.65,14/01/19
14/01/19,19/06/20,150,185,521.96,1.430027397,0.28509,0.025527989,8.345,8.1,8.59,8.5,14/01/19
14/01/19,19/06/20,150,190,521.96,1.430027397,0.28495,0.025527989,7.435,7.01,7.86,7.44,14/01/19
14/01/19,19/06/20,150,195,521.96,1.430027397,0.28373,0.025527989,6.48,6.05,6.91,6.7,14/01/19
14/01/19,19/06/20,150,200,521.96,1.430027397,0.28286,0.025527989,5.725,5.5,5.95,5.65,14/01/19
14/01/19,19/06/20,150,205,521.96,1.430027397,0.28117,0.025527989,4.925,4.6,5.25,4.8,14/01/19
14/01/19,19/06/20,150,210,521.96,1.430027397,0.28242,0.025527989,4.395,4.09,4.7,4.3,14/01/19
14/01/19,19/06/20,150,215,521.96,1.430027397,0.27888,0.025527989,3.745,3.39,4.1,3.7,14/01/19
14/01/19,19/06/20,150,220,521.96,1.430027397,0.27958,0.025527989,3.325,3.1,3.55,3.4,14/01/19
14/01/19,19/06/20,150,225,521.96,1.430027397,0.2752,0.025527989,2.755,2.56,2.95,2.82,14/01/19
14/01/19,19/06/20,150,230,521.96,1.430027397,0.27917,0.025527989,2.54,2.23,2.85,2.53,14/01/19
14/01/19,19/06/20,150,235,521.96,1.430027397,0.27899,0.025527989,2.24,1.94,2.54,2.23,14/01/19
14/01/19,19/06/20,150,240,521.96,1.430027397,0.28147,0.025527989,2.04,1.8,2.28,1.93,14/01/19
14/01/19,19/06/20,150,245,521.96,1.430027397,0.28069,0.025527989,1.76,1.47,2.05,2,14/01/19
14/01/19,19/06/20,150,250,521.96,1.430027397,0.28034,0.025527989,1.54,1.28,1.8,1.5,14/01/19
14/01/19,19/06/20,150,260,521.96,1.430027397,0.2875,0.025527989,1.36,1.16,1.56,1.25,14/01/19
14/01/19,19/06/20,150,270,521.96,1.430027397,0.28536,0.025527989,1.015,0.75,1.28,0.96,14/01/19
14/01/19,19/06/20,150,280,521.96,1.430027397,0.27898,0.025527989,0.69,0.55,0.83,0.82,14/01/19
14/01/19,19/06/20,150,290,521.96,1.430027397,0.29984,0.025527989,0.83,0.64,1.02,0.71,14/01/19
14/01/19,19/06/20,150,300,521.96,1.430027397,0.30149,0.025527989,0.675,0.6,0.75,0.61,14/01/19
14/01/19,19/06/20,150,310,521.96,1.430027397,0.30225,0.025527989,0.54,0.39,0.69,0.55,14/01/19
14/01/19,19/06/20,150,320,521.96,1.430027397,0.29954,0.025527989,0.405,0.18,0.63,0.47,14/01/19
14/01/19,19/06/20,150,330,521.96,1.430027397,0.31578,0.025527989,0.475,0.4,0.55,0.5,14/01/19
14/01/19,19/06/20,150,340,521.96,1.430027397,0.32414,0.025527989,0.475,0.4,0.55,0.45,14/01/19
14/01/19,15/01/21,150,75,732,2.005479452,0.41849,0.025298904,75.58,73.21,77.95,76,14/01/19
14/01/19,15/01/21,150,80,732,2.005479452,0.42093,0.025298904,71.845,70.25,73.44,76,14/01/19
14/01/19,15/01/21,150,85,732,2.005479452,0.37753,0.025298904,66.75,64.5,69,72.05,14/01/19
14/01/19,15/01/21,150,90,732,2.005479452,0.34676,0.025298904,61.93,60.5,63.36,64,14/01/19
14/01/19,15/01/21,150,95,732,2.005479452,0.34153,0.025298904,57.89,56.29,59.49,61.7,14/01/19
14/01/19,15/01/21,150,100,732,2.005479452,0.35549,0.025298904,54.84,54.09,55.59,55,14/01/19
14/01/19,15/01/21,150,105,732,2.005479452,0.34465,0.025298904,50.885,48.61,53.16,51.1,14/01/19
14/01/19,15/01/21,150,110,732,2.005479452,0.33945,0.025298904,47.28,45,49.56,47.71,14/01/19
14/01/19,15/01/21,150,115,732,2.005479452,0.33953,0.025298904,44.105,42.01,46.2,43.87,14/01/19
14/01/19,15/01/21,150,120,732,2.005479452,0.33312,0.025298904,40.67,40,41.34,40.5,14/01/19
14/01/19,15/01/21,150,125,732,2.005479452,0.32783,0.025298904,37.47,36.8,38.14,37.65,14/01/19
14/01/19,15/01/21,150,130,732,2.005479452,0.32459,0.025298904,34.57,34,35.14,34.8,14/01/19
14/01/19,15/01/21,150,135,732,2.005479452,0.32084,0.025298904,31.77,31.24,32.3,31.75,14/01/19
14/01/19,15/01/21,150,140,732,2.005479452,0.31921,0.025298904,29.22,28.6,29.84,29.75,14/01/19
14/01/19,15/01/21,150,145,732,2.005479452,0.3172,0.025298904,26.88,26.25,27.51,26.55,14/01/19
14/01/19,15/01/21,150,150,732,2.005479452,0.31235,0.025298904,24.45,24.2,24.7,24.4,14/01/19
14/01/19,15/01/21,150,155,732,2.005479452,0.31884,0.025298904,23.05,22,24.1,22.18,14/01/19
14/01/19,15/01/21,150,160,732,2.005479452,0.31053,0.025298904,20.54,19.99,21.09,20.25,14/01/19
14/01/19,15/01/21,150,165,732,2.005479452,0.3038,0.025298904,18.425,17.55,19.3,18.57,14/01/19
14/01/19,15/01/21,150,170,732,2.005479452,0.30021,0.025298904,16.605,16.06,17.15,16.6,14/01/19
14/01/19,15/01/21,150,175,732,2.005479452,0.30366,0.025298904,15.455,14.7,16.21,14.67,14/01/19
14/01/19,15/01/21,150,180,732,2.005479452,0.29765,0.025298904,13.7,13.39,14.01,13.51,14/01/19
14/01/19,15/01/21,150,185,732,2.005479452,0.28834,0.025298904,11.8,11.3,12.3,12.16,14/01/19
14/01/19,15/01/21,150,190,732,2.005479452,0.29211,0.025298904,11,10.5,11.5,11.27,14/01/19
14/01/19,15/01/21,150,195,732,2.005479452,0.29586,0.025298904,10.335,9.06,11.61,10.3,14/01/19
14/01/19,15/01/21,150,200,732,2.005479452,0.29039,0.025298904,9.03,8.75,9.31,8.8,14/01/19
14/01/19,15/01/21,150,205,732,2.005479452,0.29053,0.025298904,8.225,7.9,8.55,8.29,14/01/19
14/01/19,15/01/21,150,210,732,2.005479452,0.28858,0.025298904,7.41,6.51,8.31,7.25,14/01/19
14/01/19,15/01/21,150,215,732,2.005479452,0.28609,0.025298904,6.555,5.01,8.1,6.5,14/01/19
14/01/19,15/01/21,150,220,732,2.005479452,0.28583,0.025298904,5.95,5.2,6.7,5.9,14/01/19
14/01/19,15/01/21,150,225,732,2.005479452,0.29277,0.025298904,5.8,5.05,6.55,5.6,14/01/19
14/01/19,15/01/21,150,230,732,2.005479452,0.29389,0.025298904,5.325,4,6.65,4.8,14/01/19
14/01/19,15/01/21,150,235,732,2.005479452,0.29691,0.025298904,5.03,4.01,6.05,3.95,14/01/19
14/01/19,15/01/21,150,240,732,2.005479452,0.29643,0.025298904,4.575,3.9,5.25,3.95,14/01/19
14/01/19,15/01/21,150,245,732,2.005479452,0.28976,0.025298904,3.85,2.5,5.2,4.1,14/01/19
14/01/19,15/01/21,150,250,732,2.005479452,0.29782,0.025298904,3.875,3.1,4.65,3.2,14/01/19
14/01/19,15/01/21,150,255,732,2.005479452,0.28788,0.025298904,3.085,1.98,4.19,3.5,14/01/19
14/01/19,15/01/21,150,260,732,2.005479452,0.28863,0.025298904,2.85,2,3.7,2.98,14/01/19
14/01/19,15/01/21,150,265,732,2.005479452,0.28668,0.025298904,2.52,1.24,3.8,2.75,14/01/19
14/01/19,15/01/21,150,270,732,2.005479452,0.29748,0.025298904,2.7,2.2,3.2,2.94,14/01/19
14/01/19,15/01/21,150,280,732,2.005479452,0.28139,0.025298904,1.74,0.51,2.97,2.07,14/01/19
14/01/19,15/01/21,150,290,732,2.005479452,0.29341,0.025298904,1.755,1.25,2.26,1.9,14/01/19
14/01/19,15/01/21,150,300,732,2.005479452,0.30062,0.025298904,1.66,1.41,1.91,1.45,14/01/19
14/01/19,15/01/21,150,310,732,2.005479452,0.30224,0.025298904,1.445,1.19,1.7,1.23,14/01/19
14/01/19,15/01/21,150,320,732,2.005479452,0.30165,0.025298904,1.2,1,1.4,1,14/01/19
14/01/19,15/01/21,150,330,732,2.005479452,0.288,0.025298904,0.775,0.35,1.2,1,14/01/19
14/01/19,15/01/21,150,340,732,2.005479452,0.30338,0.025298904,0.885,0.58,1.19,1,14/01/19
14/01/19,15/01/21,150,350,732,2.005479452,0.31047,0.025298904,0.88,0.76,1,0.9,14/01/19
14/01/19,15/01/21,150,360,732,2.005479452,0.30727,0.025298904,0.69,0.4,0.98,0.7,14/01/19
14/01/19,15/01/21,150,370,732,2.005479452,0.31486,0.025298904,0.695,0.56,0.83,0.68,14/01/19
14/01/19,15/01/21,150,380,732,2.005479452,0.31373,0.025298904,0.58,0.56,0.6,0.6,14/01/19
15/01/19,18/01/19,153.05,12.5,3,0.008219178,9.51764,0.0241,140.62,140.15,141.09,161.45,15/01/19
15/01/19,18/01/19,153.05,17.5,3,0.008219178,7.83933,0.0241,135.6,135.1,136.1,154.45,15/01/19
15/01/19,18/01/19,153.05,20,3,0.008219178,7.34348,0.0241,133.1,132.54,133.66,151.95,15/01/19
15/01/19,18/01/19,153.05,22.5,3,0.008219178,6.4507,0.0241,130.58,129.95,131.21,159,15/01/19
15/01/19,18/01/19,153.05,25,3,0.008219178,6.09559,0.0241,128.075,127.5,128.65,145.85,15/01/19
15/01/19,18/01/19,153.05,30,3,0.008219178,5.48429,0.0241,123.075,122.6,123.55,142,15/01/19
15/01/19,18/01/19,153.05,35,3,0.008219178,5.91867,0.0241,118.18,117.61,118.75,113.13,15/01/19
15/01/19,18/01/19,153.05,40,3,0.008219178,4.53479,0.0241,113.075,112.6,113.55,104.9,15/01/19
15/01/19,18/01/19,153.05,42.5,3,0.008219178,5.02321,0.0241,110.65,110.15,111.15,106.83,15/01/19
15/01/19,18/01/19,153.05,45,3,0.008219178,4.44548,0.0241,108.1,107.6,108.6,122.02,15/01/19
15/01/19,18/01/19,153.05,47.5,3,0.008219178,3.97232,0.0241,105.57,104.99,106.15,117.9,15/01/19
15/01/19,18/01/19,153.05,50,3,0.008219178,4.07775,0.0241,103.1,102.5,103.7,105.4,15/01/19
15/01/19,18/01/19,153.05,55,3,0.008219178,4.16724,0.0241,98.18,97.65,98.71,95.45,15/01/19
15/01/19,18/01/19,153.05,60,3,0.008219178,3.60366,0.0241,93.13,92.55,93.71,86.9,15/01/19
15/01/19,18/01/19,153.05,65,3,0.008219178,3.31214,0.0241,88.12,87.64,88.6,92.4,15/01/19
15/01/19,18/01/19,153.05,70,3,0.008219178,3.04428,0.0241,83.12,82.59,83.65,72.2,15/01/19
15/01/19,18/01/19,153.05,80,3,0.008219178,2.56032,0.0241,73.12,72.54,73.7,73.2,15/01/19
15/01/19,18/01/19,153.05,85,3,0.008219178,2.34071,0.0241,68.13,67.66,68.6,69.5,15/01/19
15/01/19,18/01/19,153.05,90,3,0.008219178,1.88455,0.0241,63.07,62.84,63.3,62.35,15/01/19
15/01/19,18/01/19,153.05,95,3,0.008219178,1.93294,0.0241,58.125,57.6,58.65,58.2,15/01/19
15/01/19,18/01/19,153.05,100,3,0.008219178,2.03698,0.0241,53.27,52.89,53.65,53.16,15/01/19
15/01/19,18/01/19,153.05,105,3,0.008219178,1.67496,0.0241,48.18,47.75,48.61,48.1,15/01/19
15/01/19,18/01/19,153.05,110,3,0.008219178,1.38979,0.0241,43.13,42.55,43.71,43.15,15/01/19
15/01/19,18/01/19,153.05,111,3,0.008219178,1.35686,0.0241,42.125,41.55,42.7,39.2,15/01/19
15/01/19,18/01/19,153.05,112,3,0.008219178,-0.00031,0.0241,41.045,40.54,41.55,0,15/01/19
15/01/19,18/01/19,153.05,113,3,0.008219178,1.12977,0.0241,40.075,39.55,40.6,0,15/01/19
15/01/19,18/01/19,153.05,114,3,0.008219178,1.25451,0.0241,39.125,38.55,39.7,38.15,15/01/19
15/01/19,18/01/19,153.05,116,3,0.008219178,1.18955,0.0241,37.125,36.55,37.7,0,15/01/19
15/01/19,18/01/19,153.05,118,3,0.008219178,1.12419,0.0241,35.13,34.55,35.71,0,15/01/19
15/01/19,18/01/19,153.05,119,3,0.008219178,1.26811,0.0241,34.245,33.8,34.69,0,15/01/19
15/01/19,18/01/19,153.05,120,3,0.008219178,0.00025,0.0241,33.055,32.95,33.16,33.05,15/01/19
15/01/19,18/01/19,153.05,121,3,0.008219178,1.17057,0.0241,32.23,31.81,32.65,0,15/01/19
15/01/19,18/01/19,153.05,122,3,0.008219178,0.94429,0.0241,31.105,30.6,31.61,30.05,15/01/19
15/01/19,18/01/19,153.05,123,3,0.008219178,0.8386,0.0241,30.08,29.66,30.5,0,15/01/19
15/01/19,18/01/19,153.05,124,3,0.008219178,0.88449,0.0241,29.095,28.55,29.64,0,15/01/19
15/01/19,18/01/19,153.05,126,3,0.008219178,0.87158,0.0241,27.12,26.65,27.59,0,15/01/19
15/01/19,18/01/19,153.05,127,3,0.008219178,0.84041,0.0241,26.125,25.65,26.6,0,15/01/19
15/01/19,18/01/19,153.05,128,3,0.008219178,0.81024,0.0241,25.12,24.69,25.55,0,15/01/19
15/01/19,18/01/19,153.05,129,3,0.008219178,0.73542,0.0241,24.1,23.55,24.65,21.4,15/01/19
15/01/19,18/01/19,153.05,131,3,0.008219178,0.61921,0.0241,22.075,21.5,22.65,18.79,15/01/19
15/01/19,18/01/19,153.05,132,3,0.008219178,0.59185,0.0241,21.075,20.5,21.65,22,15/01/19
15/01/19,18/01/19,153.05,133,3,0.008219178,0.62058,0.0241,20.105,19.6,20.61,19.75,15/01/19
15/01/19,18/01/19,153.05,134,3,0.008219178,0.62797,0.0241,19.13,18.56,19.7,15.25,15/01/19
15/01/19,18/01/19,153.05,135,3,0.008219178,-0.00026,0.0241,18.055,17.96,18.15,18,15/01/19
15/01/19,18/01/19,153.05,136,3,0.008219178,0.63942,0.0241,17.2,16.9,17.5,13.91,15/01/19
15/01/19,18/01/19,153.05,137,3,0.008219178,0.56331,0.0241,16.145,15.59,16.7,13.6,15/01/19
15/01/19,18/01/19,153.05,138,3,0.008219178,0.53172,0.0241,15.15,14.6,15.7,14.73,15/01/19
15/01/19,18/01/19,153.05,139,3,0.008219178,0.50108,0.0241,14.155,13.65,14.66,11.05,15/01/19
15/01/19,18/01/19,153.05,140,3,0.008219178,-0.00033,0.0241,13.05,12.95,13.15,13.2,15/01/19
15/01/19,18/01/19,153.05,141,3,0.008219178,0.51707,0.0241,12.275,12,12.55,11.5,15/01/19
15/01/19,18/01/19,153.05,142,3,0.008219178,0.32588,0.0241,11.075,10.95,11.2,10.96,15/01/19
15/01/19,18/01/19,153.05,143,3,0.008219178,0.50744,0.0241,10.425,10.15,10.7,10.2,15/01/19
15/01/19,18/01/19,153.05,144,3,0.008219178,0.2737,0.0241,9.08,8.95,9.21,9,15/01/19
15/01/19,18/01/19,153.05,145,3,0.008219178,0.29538,0.0241,8.13,8.01,8.25,8.14,15/01/19
15/01/19,18/01/19,153.05,146,3,0.008219178,0.29362,0.0241,7.18,7.11,7.25,7.45,15/01/19
15/01/19,18/01/19,153.05,147,3,0.008219178,0.28206,0.0241,6.22,6.14,6.3,6.2,15/01/19
15/01/19,18/01/19,153.05,148,3,0.008219178,0.27191,0.0241,5.305,5.2,5.41,5.35,15/01/19
15/01/19,18/01/19,153.05,149,3,0.008219178,0.27842,0.0241,4.475,4.4,4.55,4.5,15/01/19
15/01/19,18/01/19,153.05,150,3,0.008219178,0.25513,0.0241,3.58,3.56,3.6,3.6,15/01/19
15/01/19,18/01/19,153.05,152.5,3,0.008219178,0.25028,0.0241,1.89,1.88,1.9,1.89,15/01/19
15/01/19,18/01/19,153.05,155,3,0.008219178,0.23935,0.0241,0.755,0.75,0.76,0.75,15/01/19
15/01/19,18/01/19,153.05,157.5,3,0.008219178,0.23637,0.0241,0.235,0.23,0.24,0.23,15/01/19
15/01/19,18/01/19,153.05,160,3,0.008219178,0.25573,0.0241,0.095,0.09,0.1,0.08,15/01/19
15/01/19,18/01/19,153.05,162.5,3,0.008219178,0.28058,0.0241,0.025,0.02,0.03,0.05,15/01/19
15/01/19,18/01/19,153.05,165,3,0.008219178,0.32421,0.0241,0.02,0.02,0.02,0.03,15/01/19
15/01/19,18/01/19,153.05,167.5,3,0.008219178,0.35551,0.0241,0.01,0.01,0.01,0.02,15/01/19
15/01/19,18/01/19,153.05,170,3,0.008219178,0.4048,0.0241,0.01,0,0.02,0.01,15/01/19
15/01/19,18/01/19,153.05,172.5,3,0.008219178,0.43783,0.0241,0.005,0,0.01,0.01,15/01/19
15/01/19,18/01/19,153.05,175,3,0.008219178,0.44945,0.0241,0.005,0,0.01,0.01,15/01/19
15/01/19,18/01/19,153.05,177.5,3,0.008219178,0.49295,0.0241,0.005,0,0.01,0.01,15/01/19
15/01/19,18/01/19,153.05,180,3,0.008219178,0.53449,0.0241,0,0,0,0.01,15/01/19
15/01/19,18/01/19,153.05,182.5,3,0.008219178,0.57517,0.0241,0.005,0,0.01,0.01,15/01/19
15/01/19,18/01/19,153.05,185,3,0.008219178,0.61548,0.0241,0.005,0,0.01,0.01,15/01/19
15/01/19,18/01/19,153.05,190,3,0.008219178,0.69306,0.0241,0.01,0,0.02,0.01,15/01/19
15/01/19,18/01/19,153.05,195,3,0.008219178,0.76731,0.0241,0.01,0,0.02,0.01,15/01/19
15/01/19,18/01/19,153.05,200,3,0.008219178,0.84,0.0241,0.005,0,0.01,0.01,15/01/19
15/01/19,18/01/19,153.05,205,3,0.008219178,0.9093,0.0241,0.005,0,0.01,0.01,15/01/19
15/01/19,18/01/19,153.05,210,3,0.008219178,0.97742,0.0241,0,0,0,0.01,15/01/19
15/01/19,18/01/19,153.05,215,3,0.008219178,1.04261,0.0241,0.005,0,0.01,0.01,15/01/19
15/01/19,18/01/19,153.05,220,3,0.008219178,1.10602,0.0241,0.005,0,0.01,0.01,15/01/19
15/01/19,18/01/19,153.05,225,3,0.008219178,1.16847,0.0241,0.01,0,0.02,0.01,15/01/19
15/01/19,18/01/19,153.05,230,3,0.008219178,1.2288,0.0241,0.01,0,0.02,0.01,15/01/19
15/01/19,18/01/19,153.05,235,3,0.008219178,1.28704,0.0241,0.005,0,0.01,0.01,15/01/19
15/01/19,18/01/19,153.05,240,3,0.008219178,1.34446,0.0241,0.005,0,0.01,0.01,15/01/19
15/01/19,18/01/19,153.05,245,3,0.008219178,1.39986,0.0241,0,0,0,0.01,15/01/19
15/01/19,18/01/19,153.05,250,3,0.008219178,1.45395,0.0241,0.005,0,0.01,0.01,15/01/19
15/01/19,18/01/19,153.05,255,3,0.008219178,1.5068,0.0241,0.01,0,0.02,0.01,15/01/19
15/01/19,18/01/19,153.05,260,3,0.008219178,1.55901,0.0241,0.005,0,0.01,0.01,15/01/19
15/01/19,18/01/19,153.05,265,3,0.008219178,1.60967,0.0241,0.005,0,0.01,0.01,15/01/19
15/01/19,18/01/19,153.05,270,3,0.008219178,1.65904,0.0241,0.005,0,0.01,0.01,15/01/19
15/01/19,18/01/19,153.05,275,3,0.008219178,1.70702,0.0241,0.005,0,0.01,0.01,15/01/19
15/01/19,18/01/19,153.05,280,3,0.008219178,1.75427,0.0241,0.005,0,0.01,0.01,15/01/19
15/01/19,18/01/19,153.05,285,3,0.008219178,1.80063,0.0241,0.005,0,0.01,0.01,15/01/19
15/01/19,18/01/19,153.05,290,3,0.008219178,1.84616,0.0241,0,0,0,0.01,15/01/19
15/01/19,18/01/19,153.05,295,3,0.008219178,1.89165,0.0241,0,0,0,0.01,15/01/19
15/01/19,18/01/19,153.05,300,3,0.008219178,1.93499,0.0241,0.01,0,0.02,0.01,15/01/19
15/01/19,18/01/19,153.05,305,3,0.008219178,1.97801,0.0241,0.01,0,0.02,0.01,15/01/19
15/01/19,18/01/19,153.05,310,3,0.008219178,2.02022,0.0241,0.005,0,0.01,0.02,15/01/19
15/01/19,18/01/19,153.05,315,3,0.008219178,2.0612,0.0241,0,0,0,0.02,15/01/19
15/01/19,18/01/19,153.05,320,3,0.008219178,2.10203,0.0241,0.01,0,0.02,0.01,15/01/19
15/01/19,18/01/19,153.05,325,3,0.008219178,2.14199,0.0241,0.005,0,0.01,0.01,15/01/19
15/01/19,18/01/19,153.05,330,3,0.008219178,2.18047,0.0241,0.005,0,0.01,0.06,15/01/19
15/01/19,18/01/19,153.05,335,3,0.008219178,2.33662,0.0241,0.01,0,0.02,0.02,15/01/19
15/01/19,18/01/19,153.05,340,3,0.008219178,2.25696,0.0241,0.005,0,0.01,0.01,15/01/19
15/01/19,18/01/19,153.05,345,3,0.008219178,2.29413,0.0241,0.01,0,0.02,0.01,15/01/19
15/01/19,18/01/19,153.05,350,3,0.008219178,2.33078,0.0241,0.005,0,0.01,0.01,15/01/19
15/01/19,18/01/19,153.05,355,3,0.008219178,2.48997,0.0241,0.01,0,0.02,0.02,15/01/19
15/01/19,18/01/19,153.05,360,3,0.008219178,3.84446,0.0241,0.56,0,1.12,0.03,15/01/19
15/01/19,18/01/19,153.05,365,3,0.008219178,2.5633,0.0241,0.015,0,0.03,0.02,15/01/19
15/01/19,18/01/19,153.05,370,3,0.008219178,2.47114,0.0241,0.005,0,0.01,0.01,15/01/19
15/01/19,18/01/19,153.05,375,3,0.008219178,4.40439,0.0241,1.07,0,2.14,0.01,15/01/19
15/01/19,25/01/19,153.05,100,10,0.02739726,1.18153,0.0241,53.23,52.61,53.85,46.26,15/01/19
15/01/19,25/01/19,153.05,105,10,0.02739726,1.03694,0.0241,48.2,47.5,48.9,52.37,15/01/19
15/01/19,25/01/19,153.05,110,10,0.02739726,0.92385,0.0241,43.205,42.45,43.96,47.43,15/01/19
15/01/19,25/01/19,153.05,115,10,0.02739726,0.85319,0.0241,38.25,37.55,38.95,34.9,15/01/19
15/01/19,25/01/19,153.05,120,10,0.02739726,0.7265,0.0241,33.225,32.5,33.95,28.3,15/01/19
15/01/19,25/01/19,153.05,125,10,0.02739726,-0.00018,0.0241,28.05,27.6,28.5,25.6,15/01/19
15/01/19,25/01/19,153.05,130,10,0.02739726,0.54282,0.0241,23.275,22.51,24.04,22.1,15/01/19
15/01/19,25/01/19,153.05,132,10,0.02739726,0.50137,0.0241,21.275,20.6,21.95,19.86,15/01/19
15/01/19,25/01/19,153.05,133,10,0.02739726,0.46942,0.0241,20.245,19.7,20.79,17.27,15/01/19
15/01/19,25/01/19,153.05,134,10,0.02739726,0.45938,0.0241,19.275,18.7,19.85,17.6,15/01/19
15/01/19,25/01/19,153.05,135,10,0.02739726,0.47317,0.0241,18.37,17.95,18.79,15.43,15/01/19
15/01/19,25/01/19,153.05,136,10,0.02739726,0.42628,0.0241,17.3,16.7,17.9,0,15/01/19
15/01/19,25/01/19,153.05,137,10,0.02739726,0.40468,0.0241,16.295,15.69,16.9,14.5,15/01/19
15/01/19,25/01/19,153.05,138,10,0.02739726,0.38344,0.0241,15.3,14.6,16,12.15,15/01/19
15/01/19,25/01/19,153.05,139,10,0.02739726,0.41092,0.0241,14.475,13.8,15.15,11.2,15/01/19
15/01/19,25/01/19,153.05,140,10,0.02739726,0.32484,0.0241,13.26,13.16,13.36,13.27,15/01/19
15/01/19,25/01/19,153.05,141,10,0.02739726,0.3262,0.0241,12.32,12.14,12.5,12.25,15/01/19
15/01/19,25/01/19,153.05,142,10,0.02739726,0.30453,0.0241,11.325,11.2,11.45,11.1,15/01/19
15/01/19,25/01/19,153.05,143,10,0.02739726,0.30061,0.0241,10.4,10.3,10.5,10.35,15/01/19
15/01/19,25/01/19,153.05,144,10,0.02739726,0.29285,0.0241,9.475,9.35,9.6,8.4,15/01/19
15/01/19,25/01/19,153.05,145,10,0.02739726,0.28746,0.0241,8.58,8.51,8.65,8.65,15/01/19
15/01/19,25/01/19,153.05,146,10,0.02739726,0.28553,0.0241,7.72,7.65,7.79,7.7,15/01/19
15/01/19,25/01/19,153.05,147,10,0.02739726,0.27205,0.0241,6.825,6.75,6.9,6.85,15/01/19
15/01/19,25/01/19,153.05,148,10,0.02739726,0.2665,0.0241,6.005,5.96,6.05,5.95,15/01/19
15/01/19,25/01/19,153.05,149,10,0.02739726,0.26125,0.0241,5.23,5.15,5.31,5.45,15/01/19
15/01/19,25/01/19,153.05,150,10,0.02739726,0.25818,0.0241,4.495,4.44,4.55,4.48,15/01/19
15/01/19,25/01/19,153.05,152.5,10,0.02739726,0.24864,0.0241,2.915,2.9,2.93,2.9,15/01/19
15/01/19,25/01/19,153.05,155,10,0.02739726,0.23788,0.0241,1.67,1.66,1.68,1.66,15/01/19
15/01/19,25/01/19,153.05,157.5,10,0.02739726,0.22779,0.0241,0.845,0.84,0.85,0.85,15/01/19
15/01/19,25/01/19,153.05,160,10,0.02739726,0.22536,0.0241,0.39,0.38,0.4,0.39,15/01/19
15/01/19,25/01/19,153.05,162.5,10,0.02739726,0.23004,0.0241,0.185,0.18,0.19,0.2,15/01/19
15/01/19,25/01/19,153.05,165,10,0.02739726,0.23868,0.0241,0.09,0.07,0.11,0.09,15/01/19
15/01/19,25/01/19,153.05,167.5,10,0.02739726,0.25274,0.0241,0.05,0.04,0.06,0.06,15/01/19
15/01/19,25/01/19,153.05,170,10,0.02739726,0.27214,0.0241,0.035,0.02,0.05,0.04,15/01/19
15/01/19,25/01/19,153.05,172.5,10,0.02739726,0.29144,0.0241,0.025,0.01,0.04,0.03,15/01/19
15/01/19,25/01/19,153.05,175,10,0.02739726,0.32172,0.0241,0.03,0.02,0.04,0.02,15/01/19
15/01/19,25/01/19,153.05,177.5,10,0.02739726,0.3433,0.0241,0.025,0.01,0.04,0.01,15/01/19
15/01/19,25/01/19,153.05,180,10,0.02739726,0.38033,0.0241,0.025,0.01,0.04,0.02,15/01/19
15/01/19,25/01/19,153.05,182.5,10,0.02739726,0.38641,0.0241,0.01,0,0.02,0.02,15/01/19
15/01/19,25/01/19,153.05,185,10,0.02739726,0.39536,0.0241,0.01,0,0.02,0.02,15/01/19
15/01/19,25/01/19,153.05,187.5,10,0.02739726,0.42083,0.0241,0.01,0,0.02,0.02,15/01/19
15/01/19,25/01/19,153.05,190,10,0.02739726,0.44547,0.0241,0.015,0,0.03,0.01,15/01/19
15/01/19,25/01/19,153.05,192.5,10,0.02739726,0.47022,0.0241,0.01,0,0.02,0.02,15/01/19
15/01/19,25/01/19,153.05,195,10,0.02739726,0.46299,0.0241,0.005,0,0.01,0.01,15/01/19
15/01/19,25/01/19,153.05,197.5,10,0.02739726,0.51569,0.0241,0.01,0,0.02,0.01,15/01/19
15/01/19,25/01/19,153.05,200,10,0.02739726,0.53857,0.0241,0.01,0,0.02,0.01,15/01/19
15/01/19,25/01/19,153.05,202.5,10,0.02739726,0.5615,0.0241,0.01,0,0.02,0.01,15/01/19
15/01/19,25/01/19,153.05,205,10,0.02739726,0.54843,0.0241,0.01,0,0.02,0.01,15/01/19
15/01/19,25/01/19,153.05,207.5,10,0.02739726,0.60434,0.0241,0.01,0,0.02,0.02,15/01/19
15/01/19,25/01/19,153.05,210,10,0.02739726,0.58922,0.0241,0.005,0,0.01,0.02,15/01/19
15/01/19,25/01/19,153.05,212.5,10,0.02739726,0.67273,0.0241,0.015,0,0.03,0.16,15/01/19
15/01/19,25/01/19,153.05,215,10,0.02739726,0.69049,0.0241,0.015,0,0.03,0.2,15/01/19
15/01/19,25/01/19,153.05,220,10,0.02739726,0.73467,0.0241,0.01,0,0.02,0.01,15/01/19
15/01/19,25/01/19,153.05,225,10,0.02739726,0.77417,0.0241,0.01,0,0.02,0.03,15/01/19
15/01/19,01/02/19,153.05,100,17,0.046575342,0.90269,0.0241,53.2,52.3,54.1,57,15/01/19
15/01/19,01/02/19,153.05,105,17,0.046575342,0.86291,0.0241,48.28,47.56,49,42.15,15/01/19
15/01/19,01/02/19,153.05,110,17,0.046575342,0.79593,0.0241,43.325,42.55,44.1,37.25,15/01/19
15/01/19,01/02/19,153.05,115,17,0.046575342,0.70452,0.0241,38.325,37.5,39.15,41.4,15/01/19
15/01/19,01/02/19,153.05,120,17,0.046575342,0.63446,0.0241,33.375,32.55,34.2,34.36,15/01/19
15/01/19,01/02/19,153.05,125,17,0.046575342,0.56838,0.0241,28.44,27.64,29.24,27.12,15/01/19
15/01/19,01/02/19,153.05,130,17,0.046575342,0.50204,0.0241,23.555,22.8,24.31,22.05,15/01/19
15/01/19,01/02/19,153.05,132,17,0.046575342,0.45929,0.0241,21.52,20.9,22.14,0,15/01/19
15/01/19,01/02/19,153.05,133,17,0.046575342,0.45704,0.0241,20.595,20.35,20.84,0,15/01/19
15/01/19,01/02/19,153.05,134,17,0.046575342,0.42765,0.0241,19.55,19.35,19.75,19.59,15/01/19
15/01/19,01/02/19,153.05,135,17,0.046575342,0.44297,0.0241,18.725,18.45,19,18.63,15/01/19
15/01/19,01/02/19,153.05,136,17,0.046575342,0.40947,0.0241,17.645,17.44,17.85,14.7,15/01/19
15/01/19,01/02/19,153.05,137,17,0.046575342,0.40787,0.0241,16.755,16.56,16.95,12.55,15/01/19
15/01/19,01/02/19,153.05,138,17,0.046575342,0.40002,0.0241,15.82,15.65,15.99,13,15/01/19
15/01/19,01/02/19,153.05,139,17,0.046575342,0.394,0.0241,14.93,14.75,15.11,12.1,15/01/19
15/01/19,01/02/19,153.05,140,17,0.046575342,0.39694,0.0241,14.095,13.99,14.2,13.7,15/01/19
15/01/19,01/02/19,153.05,141,17,0.046575342,0.38102,0.0241,13.15,13,13.3,13.01,15/01/19
15/01/19,01/02/19,153.05,142,17,0.046575342,0.37978,0.0241,12.335,12.21,12.46,12.5,15/01/19
15/01/19,01/02/19,153.05,143,17,0.046575342,0.37357,0.0241,11.475,11.35,11.6,9.24,15/01/19
15/01/19,01/02/19,153.05,144,17,0.046575342,0.37089,0.0241,10.67,10.54,10.8,10.5,15/01/19
15/01/19,01/02/19,153.05,145,17,0.046575342,0.36525,0.0241,9.88,9.8,9.96,9.82,15/01/19
15/01/19,01/02/19,153.05,146,17,0.046575342,0.36028,0.0241,9.095,9,9.19,9.15,15/01/19
15/01/19,01/02/19,153.05,147,17,0.046575342,0.35786,0.0241,8.38,8.31,8.45,8.35,15/01/19
15/01/19,01/02/19,153.05,148,17,0.046575342,0.3542,0.0241,7.675,7.6,7.75,7.9,15/01/19
15/01/19,01/02/19,153.05,149,17,0.046575342,0.35184,0.0241,7,6.9,7.1,7.04,15/01/19
15/01/19,01/02/19,153.05,150,17,0.046575342,0.34789,0.0241,6.34,6.29,6.39,6.35,15/01/19
15/01/19,01/02/19,153.05,152.5,17,0.046575342,0.34001,0.0241,4.87,4.8,4.94,4.9,15/01/19
15/01/19,01/02/19,153.05,155,17,0.046575342,0.33032,0.0241,3.6,3.55,3.65,3.6,15/01/19
15/01/19,01/02/19,153.05,157.5,17,0.046575342,0.32259,0.0241,2.55,2.52,2.58,2.55,15/01/19
15/01/19,01/02/19,153.05,160,17,0.046575342,0.3184,0.0241,1.78,1.77,1.79,1.76,15/01/19
15/01/19,01/02/19,153.05,162.5,17,0.046575342,0.31087,0.0241,1.15,1.12,1.18,1.14,15/01/19
15/01/19,01/02/19,153.05,165,17,0.046575342,0.30883,0.0241,0.755,0.73,0.78,0.74,15/01/19
15/01/19,01/02/19,153.05,167.5,17,0.046575342,0.30859,0.0241,0.475,0.47,0.48,0.49,15/01/19
15/01/19,01/02/19,153.05,170,17,0.046575342,0.31163,0.0241,0.31,0.29,0.33,0.33,15/01/19
15/01/19,01/02/19,153.05,172.5,17,0.046575342,0.31605,0.0241,0.21,0.2,0.22,0.23,15/01/19
15/01/19,01/02/19,153.05,175,17,0.046575342,0.3251,0.0241,0.14,0.14,0.14,0.15,15/01/19
15/01/19,01/02/19,153.05,177.5,17,0.046575342,0.33972,0.0241,0.11,0.09,0.13,0.11,15/01/19
15/01/19,01/02/19,153.05,180,17,0.046575342,0.35262,0.0241,0.09,0.07,0.11,0.1,15/01/19
15/01/19,01/02/19,153.05,182.5,17,0.046575342,0.36701,0.0241,0.075,0.06,0.09,0.08,15/01/19
15/01/19,01/02/19,153.05,185,17,0.046575342,0.38431,0.0241,0.075,0.06,0.09,0.05,15/01/19
15/01/19,01/02/19,153.05,187.5,17,0.046575342,0.39315,0.0241,0.05,0.04,0.06,0.06,15/01/19
15/01/19,01/02/19,153.05,190,17,0.046575342,0.42029,0.0241,0.055,0.05,0.06,0.06,15/01/19
15/01/19,01/02/19,153.05,192.5,17,0.046575342,0.42515,0.0241,0.035,0.01,0.06,0.05,15/01/19
15/01/19,01/02/19,153.05,195,17,0.046575342,0.44583,0.0241,0.035,0.01,0.06,0.08,15/01/19
15/01/19,01/02/19,153.05,197.5,17,0.046575342,0.44187,0.0241,0.025,0.01,0.04,0.08,15/01/19
15/01/19,01/02/19,153.05,200,17,0.046575342,0.46148,0.0241,0.025,0,0.05,0.04,15/01/19
15/01/19,01/02/19,153.05,202.5,17,0.046575342,0.45611,0.0241,0.01,0,0.02,0.02,15/01/19
15/01/19,01/02/19,153.05,205,17,0.046575342,0.4736,0.0241,0.01,0,0.02,0.03,15/01/19
15/01/19,01/02/19,153.05,207.5,17,0.046575342,0.51625,0.0241,0.025,0,0.05,0.03,15/01/19
15/01/19,08/02/19,153.05,100,24,0.065753425,1.08031,0.0241,53.25,52.35,54.15,0,15/01/19
15/01/19,08/02/19,153.05,105,24,0.065753425,0.95903,0.0241,48.33,47.51,49.15,48.95,15/01/19
15/01/19,08/02/19,153.05,110,24,0.065753425,0.84457,0.0241,43.37,42.6,44.14,35.05,15/01/19
15/01/19,08/02/19,153.05,115,24,0.065753425,0.74064,0.0241,38.43,37.66,39.2,0,15/01/19
15/01/19,08/02/19,153.05,120,24,0.065753425,0.64637,0.0241,33.475,32.7,34.25,32.67,15/01/19
15/01/19,08/02/19,153.05,125,24,0.065753425,0.56786,0.0241,28.57,27.89,29.25,33.14,15/01/19
15/01/19,08/02/19,153.05,130,24,0.065753425,0.49559,0.0241,23.69,22.94,24.44,22.9,15/01/19
15/01/19,08/02/19,153.05,132,24,0.065753425,0.4636,0.0241,21.72,21.44,22,18.7,15/01/19
15/01/19,08/02/19,153.05,133,24,0.065753425,0.44565,0.0241,20.725,20.5,20.95,17.65,15/01/19
15/01/19,08/02/19,153.05,134,24,0.065753425,0.44472,0.0241,19.845,19.59,20.1,0,15/01/19
15/01/19,08/02/19,153.05,135,24,0.065753425,0.42268,0.0241,18.825,18.6,19.05,17.7,15/01/19
15/01/19,08/02/19,153.05,136,24,0.065753425,0.42353,0.0241,17.975,17.75,18.2,19.3,15/01/19
15/01/19,08/02/19,153.05,137,24,0.065753425,0.40796,0.0241,17,16.85,17.15,16.8,15/01/19
15/01/19,08/02/19,153.05,138,24,0.065753425,0.40237,0.0241,16.12,16,16.24,13.95,15/01/19
15/01/19,08/02/19,153.05,139,24,0.065753425,0.39154,0.0241,15.195,14.99,15.4,14.32,15/01/19
15/01/19,08/02/19,153.05,140,24,0.065753425,0.38892,0.0241,14.375,14.25,14.5,12.35,15/01/19
15/01/19,08/02/19,153.05,141,24,0.065753425,0.38362,0.0241,13.525,13.35,13.7,11.05,15/01/19
15/01/19,08/02/19,153.05,142,24,0.065753425,0.37588,0.0241,12.67,12.5,12.84,12.45,15/01/19
15/01/19,08/02/19,153.05,143,24,0.065753425,0.36973,0.0241,11.85,11.66,12.04,10.3,15/01/19
15/01/19,08/02/19,153.05,144,24,0.065753425,0.36618,0.0241,11.075,10.95,11.2,9.1,15/01/19
15/01/19,08/02/19,153.05,145,24,0.065753425,0.36497,0.0241,10.35,10.2,10.5,10.4,15/01/19
15/01/19,08/02/19,153.05,146,24,0.065753425,0.35552,0.0241,9.55,9.4,9.7,9.55,15/01/19
15/01/19,08/02/19,153.05,147,24,0.065753425,0.35331,0.0241,8.845,8.7,8.99,8.8,15/01/19
15/01/19,08/02/19,153.05,148,24,0.065753425,0.34829,0.0241,8.145,8.05,8.24,8.1,15/01/19
15/01/19,08/02/19,153.05,149,24,0.065753425,0.34418,0.0241,7.47,7.34,7.6,6.15,15/01/19
15/01/19,08/02/19,153.05,150,24,0.065753425,0.34086,0.0241,6.855,6.75,6.96,6.72,15/01/19
15/01/19,08/02/19,153.05,152.5,24,0.065753425,0.33045,0.0241,5.375,5.3,5.45,5.41,15/01/19
15/01/19,08/02/19,153.05,155,24,0.065753425,0.32036,0.0241,4.08,4,4.16,4.1,15/01/19
15/01/19,08/02/19,153.05,157.5,24,0.065753425,0.31384,0.0241,3.03,2.96,3.1,3.05,15/01/19
15/01/19,08/02/19,153.05,160,24,0.065753425,0.30717,0.0241,2.185,2.13,2.24,2.15,15/01/19
15/01/19,08/02/19,153.05,162.5,24,0.065753425,0.2996,0.0241,1.5,1.46,1.54,1.45,15/01/19
15/01/19,08/02/19,153.05,165,24,0.065753425,0.29563,0.0241,1.015,0.99,1.04,1.02,15/01/19
15/01/19,08/02/19,153.05,167.5,24,0.065753425,0.29415,0.0241,0.69,0.66,0.72,0.68,15/01/19
15/01/19,08/02/19,153.05,170,24,0.065753425,0.29491,0.0241,0.455,0.43,0.48,0.48,15/01/19
15/01/19,08/02/19,153.05,172.5,24,0.065753425,0.29885,0.0241,0.325,0.3,0.35,0.32,15/01/19
15/01/19,08/02/19,153.05,175,24,0.065753425,0.30795,0.0241,0.24,0.21,0.27,0.24,15/01/19
15/01/19,08/02/19,153.05,177.5,24,0.065753425,0.31669,0.0241,0.185,0.15,0.22,0.18,15/01/19
15/01/19,08/02/19,153.05,180,24,0.065753425,0.32249,0.0241,0.135,0.12,0.15,0.16,15/01/19
15/01/19,08/02/19,153.05,182.5,24,0.065753425,0.3404,0.0241,0.13,0.11,0.15,0.12,15/01/19
15/01/19,08/02/19,153.05,185,24,0.065753425,0.3522,0.0241,0.105,0.08,0.13,0.11,15/01/19
15/01/19,08/02/19,153.05,187.5,24,0.065753425,0.36193,0.0241,0.09,0.08,0.1,0.16,15/01/19
15/01/19,08/02/19,153.05,190,24,0.065753425,0.38116,0.0241,0.085,0.06,0.11,0.08,15/01/19
15/01/19,08/02/19,153.05,192.5,24,0.065753425,0.39002,0.0241,0.07,0.04,0.1,0.07,15/01/19
15/01/19,08/02/19,153.05,195,24,0.065753425,0.40504,0.0241,0.07,0.05,0.09,0.09,15/01/19
15/01/19,08/02/19,153.05,200,24,0.065753425,0.43217,0.0241,0.055,0.03,0.08,0.05,15/01/19
15/01/19,15/02/19,153.05,50,31,0.084931507,3.52307,0.024103836,103.095,102.84,103.35,107.9,15/01/19
15/01/19,15/02/19,153.05,55,31,0.084931507,3.06351,0.024103836,98.15,97.85,98.45,101.75,15/01/19
15/01/19,15/02/19,153.05,60,31,0.084931507,2.67106,0.024103836,93.145,92.89,93.4,0,15/01/19
15/01/19,15/02/19,153.05,65,31,0.084931507,2.339,0.024103836,88.15,87.9,88.4,86.9,15/01/19
15/01/19,15/02/19,153.05,70,31,0.084931507,2.04466,0.024103836,83.105,82.91,83.3,81.7,15/01/19
15/01/19,15/02/19,153.05,75,31,0.084931507,1.8074,0.024103836,78.155,77.96,78.35,92.6,15/01/19
15/01/19,15/02/19,153.05,80,31,0.084931507,1.58781,0.024103836,73.125,72.9,73.35,71.76,15/01/19
15/01/19,15/02/19,153.05,85,31,0.084931507,1.39697,0.024103836,68.12,67.89,68.35,68.25,15/01/19
15/01/19,15/02/19,153.05,90,31,0.084931507,1.24307,0.024103836,63.2,63,63.4,61.82,15/01/19
15/01/19,15/02/19,153.05,95,31,0.084931507,1.08774,0.024103836,58.17,57.95,58.39,58.66,15/01/19
15/01/19,15/02/19,153.05,100,31,0.084931507,0.9572,0.024103836,53.195,53,53.39,53.3,15/01/19
15/01/19,15/02/19,153.05,105,31,0.084931507,0.85446,0.024103836,48.295,48.04,48.55,41.05,15/01/19
15/01/19,15/02/19,153.05,110,31,0.084931507,0.73384,0.024103836,43.25,43.05,43.45,40.09,15/01/19
15/01/19,15/02/19,153.05,115,31,0.084931507,0.64354,0.024103836,38.3,38.11,38.49,35.07,15/01/19
15/01/19,15/02/19,153.05,120,31,0.084931507,0.58006,0.024103836,33.45,33.21,33.69,33.3,15/01/19
15/01/19,15/02/19,153.05,125,31,0.084931507,0.50295,0.024103836,28.5,28.3,28.7,28.52,15/01/19
15/01/19,15/02/19,153.05,130,31,0.084931507,0.44105,0.024103836,23.63,23.45,23.81,23.61,15/01/19
15/01/19,15/02/19,153.05,135,31,0.084931507,0.39948,0.024103836,18.955,18.8,19.11,18.6,15/01/19
15/01/19,15/02/19,153.05,140,31,0.084931507,0.36889,0.024103836,14.55,14.45,14.65,14.55,15/01/19
15/01/19,15/02/19,153.05,145,31,0.084931507,0.3418,0.024103836,10.52,10.4,10.64,10.5,15/01/19
15/01/19,15/02/19,153.05,150,31,0.084931507,0.32468,0.024103836,7.15,7.1,7.2,7.15,15/01/19
15/01/19,15/02/19,153.05,155,31,0.084931507,0.3082,0.024103836,4.455,4.41,4.5,4.4,15/01/19
15/01/19,15/02/19,153.05,160,31,0.084931507,0.29464,0.024103836,2.48,2.46,2.5,2.47,15/01/19
15/01/19,15/02/19,153.05,165,31,0.084931507,0.28365,0.024103836,1.255,1.24,1.27,1.25,15/01/19
15/01/19,15/02/19,153.05,170,31,0.084931507,0.28264,0.024103836,0.62,0.62,0.62,0.6,15/01/19
15/01/19,15/02/19,153.05,175,31,0.084931507,0.28839,0.024103836,0.32,0.31,0.33,0.33,15/01/19
15/01/19,15/02/19,153.05,180,31,0.084931507,0.30193,0.024103836,0.19,0.19,0.19,0.18,15/01/19
15/01/19,15/02/19,153.05,190,31,0.084931507,0.34923,0.024103836,0.105,0.1,0.11,0.11,15/01/19
15/01/19,15/02/19,153.05,195,31,0.084931507,0.36687,0.024103836,0.075,0.07,0.08,0.08,15/01/19
15/01/19,15/02/19,153.05,200,31,0.084931507,0.39066,0.024103836,0.065,0.06,0.07,0.07,15/01/19
15/01/19,15/02/19,153.05,205,31,0.084931507,0.41307,0.024103836,0.055,0.05,0.06,0.06,15/01/19
15/01/19,15/02/19,153.05,210,31,0.084931507,0.43134,0.024103836,0.045,0.04,0.05,0.05,15/01/19
15/01/19,15/02/19,153.05,215,31,0.084931507,0.45856,0.024103836,0.045,0.04,0.05,0.04,15/01/19
15/01/19,15/02/19,153.05,220,31,0.084931507,0.4563,0.024103836,0.03,0.02,0.04,0.03,15/01/19
15/01/19,15/02/19,153.05,225,31,0.084931507,0.48102,0.024103836,0.015,0.01,0.02,0.03,15/01/19
15/01/19,15/02/19,153.05,230,31,0.084931507,0.48089,0.024103836,0.015,0,0.03,0.01,15/01/19
15/01/19,15/02/19,153.05,235,31,0.084931507,0.48695,0.024103836,0.005,0,0.01,0.01,15/01/19
15/01/19,15/02/19,153.05,240,31,0.084931507,0.47908,0.024103836,0.005,0,0.01,0.01,15/01/19
15/01/19,15/02/19,153.05,245,31,0.084931507,0.52723,0.024103836,0.01,0,0.02,0.01,15/01/19
15/01/19,15/02/19,153.05,250,31,0.084931507,0.54893,0.024103836,0.01,0,0.02,0.02,15/01/19
15/01/19,15/02/19,153.05,255,31,0.084931507,0.56766,0.024103836,0.01,0,0.02,0.02,15/01/19
15/01/19,15/02/19,153.05,260,31,0.084931507,0.58768,0.024103836,0.005,0,0.01,0.01,15/01/19
15/01/19,15/02/19,153.05,265,31,0.084931507,0.60497,0.024103836,0.01,0,0.02,0.01,15/01/19
15/01/19,15/02/19,153.05,270,31,0.084931507,0.59044,0.024103836,0,0,0,0.03,15/01/19
15/01/19,15/02/19,153.05,275,31,0.084931507,0.64078,0.024103836,0.015,0,0.03,0.01,15/01/19
15/01/19,15/02/19,153.05,280,31,0.084931507,0.66035,0.024103836,0.005,0,0.01,0.01,15/01/19
15/01/19,15/02/19,153.05,285,31,0.084931507,0.6767,0.024103836,0.01,0,0.02,0.04,15/01/19
15/01/19,15/02/19,153.05,290,31,0.084931507,0.69277,0.024103836,0.01,0,0.02,0.01,15/01/19
15/01/19,15/02/19,153.05,295,31,0.084931507,0.6717,0.024103836,0.005,0,0.01,0.01,15/01/19
15/01/19,15/02/19,153.05,300,31,0.084931507,0.68721,0.024103836,0,0,0,0.01,15/01/19
15/01/19,15/02/19,153.05,310,31,0.084931507,0.71797,0.024103836,0.005,0,0.01,0.01,15/01/19
15/01/19,15/02/19,153.05,320,31,0.084931507,0.74686,0.024103836,0.01,0,0.02,0.02,15/01/19
15/01/19,22/02/19,153.05,90,38,0.104109589,1.12368,0.024149863,63.2,62.96,63.44,0,15/01/19
15/01/19,22/02/19,153.05,95,38,0.104109589,0.98745,0.024149863,58.2,57.95,58.45,0,15/01/19
15/01/19,22/02/19,153.05,100,38,0.104109589,0.87779,0.024149863,53.275,53,53.55,0,15/01/19
15/01/19,22/02/19,153.05,105,38,0.104109589,0.76257,0.024149863,48.255,48.01,48.5,0,15/01/19
15/01/19,22/02/19,153.05,110,38,0.104109589,0.6717,0.024149863,43.295,43.05,43.54,35.76,15/01/19
15/01/19,22/02/19,153.05,115,38,0.104109589,0.6022,0.024149863,38.425,38.15,38.7,36.25,15/01/19
15/01/19,22/02/19,153.05,120,38,0.104109589,0.51925,0.024149863,33.43,33.16,33.7,27.63,15/01/19
15/01/19,22/02/19,153.05,125,38,0.104109589,0.46043,0.024149863,28.545,28.29,28.8,23.8,15/01/19
15/01/19,22/02/19,153.05,130,38,0.104109589,0.40688,0.024149863,23.695,23.45,23.94,24.09,15/01/19
15/01/19,22/02/19,153.05,132,38,0.104109589,0.39693,0.024149863,21.87,21.65,22.09,0,15/01/19
15/01/19,22/02/19,153.05,133,38,0.104109589,0.3873,0.024149863,20.915,20.69,21.14,0,15/01/19
15/01/19,22/02/19,153.05,134,38,0.104109589,0.3771,0.024149863,19.975,19.75,20.2,17.05,15/01/19
15/01/19,22/02/19,153.05,135,38,0.104109589,0.37118,0.024149863,19.08,18.91,19.25,20.25,15/01/19
15/01/19,22/02/19,153.05,136,38,0.104109589,0.36753,0.024149863,18.2,18,18.4,17.71,15/01/19
15/01/19,22/02/19,153.05,137,38,0.104109589,0.36037,0.024149863,17.3,17.1,17.5,0,15/01/19
15/01/19,22/02/19,153.05,138,38,0.104109589,0.3551,0.024149863,16.42,16.19,16.65,0,15/01/19
15/01/19,22/02/19,153.05,139,38,0.104109589,0.34877,0.024149863,15.54,15.34,15.74,0,15/01/19
15/01/19,22/02/19,153.05,140,38,0.104109589,0.3448,0.024149863,14.72,14.54,14.9,15.09,15/01/19
15/01/19,22/02/19,153.05,141,38,0.104109589,0.33868,0.024149863,13.875,13.7,14.05,9.85,15/01/19
15/01/19,22/02/19,153.05,142,38,0.104109589,0.33486,0.024149863,13.075,12.9,13.25,11.85,15/01/19
15/01/19,22/02/19,153.05,143,38,0.104109589,0.3346,0.024149863,12.35,12.2,12.5,12.2,15/01/19
15/01/19,22/02/19,153.05,144,38,0.104109589,0.32677,0.024149863,11.525,11.35,11.7,13.15,15/01/19
15/01/19,22/02/19,153.05,145,38,0.104109589,0.32375,0.024149863,10.8,10.65,10.95,10.66,15/01/19
15/01/19,22/02/19,153.05,146,38,0.104109589,0.32036,0.024149863,10.075,9.95,10.2,8.32,15/01/19
15/01/19,22/02/19,153.05,147,38,0.104109589,0.31671,0.024149863,9.37,9.25,9.49,8.9,15/01/19
15/01/19,22/02/19,153.05,148,38,0.104109589,0.31321,0.024149863,8.7,8.6,8.8,8.6,15/01/19
15/01/19,22/02/19,153.05,149,38,0.104109589,0.31064,0.024149863,8.055,7.95,8.16,7.77,15/01/19
15/01/19,22/02/19,153.05,150,38,0.104109589,0.30926,0.024149863,7.475,7.4,7.55,7.5,15/01/19
15/01/19,22/02/19,153.05,152.5,38,0.104109589,0.30105,0.024149863,6.03,5.95,6.11,6.05,15/01/19
15/01/19,22/02/19,153.05,155,38,0.104109589,0.29385,0.024149863,4.75,4.7,4.8,4.82,15/01/19
15/01/19,22/02/19,153.05,157.5,38,0.104109589,0.28661,0.024149863,3.655,3.55,3.76,3.79,15/01/19
15/01/19,22/02/19,153.05,160,38,0.104109589,0.28052,0.024149863,2.745,2.67,2.82,2.75,15/01/19
15/01/19,22/02/19,153.05,162.5,38,0.104109589,0.27682,0.024149863,2.04,1.98,2.1,2.08,15/01/19
15/01/19,22/02/19,153.05,165,38,0.104109589,0.27307,0.024149863,1.465,1.44,1.49,1.52,15/01/19
15/01/19,22/02/19,153.05,167.5,38,0.104109589,0.27157,0.024149863,1.07,1.02,1.12,1.06,15/01/19
15/01/19,22/02/19,153.05,170,38,0.104109589,0.27203,0.024149863,0.77,0.74,0.8,0.77,15/01/19
15/01/19,22/02/19,153.05,172.5,38,0.104109589,0.27369,0.024149863,0.56,0.53,0.59,0.59,15/01/19
15/01/19,22/02/19,153.05,175,38,0.104109589,0.27435,0.024149863,0.4,0.37,0.43,0.39,15/01/19
15/01/19,22/02/19,153.05,177.5,38,0.104109589,0.28002,0.024149863,0.3,0.27,0.33,0.29,15/01/19
15/01/19,22/02/19,153.05,180,38,0.104109589,0.28597,0.024149863,0.235,0.21,0.26,0.25,15/01/19
15/01/19,22/02/19,153.05,182.5,38,0.104109589,0.29363,0.024149863,0.19,0.16,0.22,0.19,15/01/19
15/01/19,22/02/19,153.05,185,38,0.104109589,0.30115,0.024149863,0.165,0.14,0.19,0.15,15/01/19
15/01/19,22/02/19,153.05,187.5,38,0.104109589,0.3081,0.024149863,0.125,0.1,0.15,0.18,15/01/19
15/01/19,22/02/19,153.05,190,38,0.104109589,0.32038,0.024149863,0.115,0.09,0.14,0.12,15/01/19
15/01/19,22/02/19,153.05,192.5,38,0.104109589,0.32689,0.024149863,0.09,0.07,0.11,0.16,15/01/19
15/01/19,22/02/19,153.05,195,38,0.104109589,0.33946,0.024149863,0.095,0.06,0.13,0.07,15/01/19
15/01/19,22/02/19,153.05,200,38,0.104109589,0.36027,0.024149863,0.075,0.05,0.1,0.07,15/01/19
15/01/19,01/03/19,153.05,100,45,0.123287671,0.80652,0.02419589,53.25,53,53.5,0,15/01/19
15/01/19,01/03/19,153.05,105,45,0.123287671,0.70873,0.02419589,48.275,48,48.55,0,15/01/19
15/01/19,01/03/19,153.05,110,45,0.123287671,0.61588,0.02419589,43.27,43.04,43.5,41.3,15/01/19
15/01/19,01/03/19,153.05,115,45,0.123287671,0.54064,0.02419589,38.33,38.11,38.55,0,15/01/19
15/01/19,01/03/19,153.05,120,45,0.123287671,0.48396,0.02419589,33.445,33.19,33.7,0,15/01/19
15/01/19,01/03/19,153.05,125,45,0.123287671,0.42939,0.02419589,28.57,28.34,28.8,0,15/01/19
15/01/19,01/03/19,153.05,130,45,0.123287671,0.38457,0.02419589,23.775,23.55,24,0,15/01/19
15/01/19,01/03/19,153.05,135,45,0.123287671,0.35626,0.02419589,19.23,19.06,19.4,18.79,15/01/19
15/01/19,01/03/19,153.05,138,45,0.123287671,0.34316,0.02419589,16.625,16.46,16.79,0,15/01/19
15/01/19,01/03/19,153.05,139,45,0.123287671,0.33939,0.02419589,15.8,15.61,15.99,0,15/01/19
15/01/19,01/03/19,153.05,140,45,0.123287671,0.33376,0.02419589,14.95,14.75,15.15,0,15/01/19
15/01/19,01/03/19,153.05,141,45,0.123287671,0.33209,0.02419589,14.175,14,14.35,0,15/01/19
15/01/19,01/03/19,153.05,142,45,0.123287671,0.32726,0.02419589,13.37,13.24,13.5,11.57,15/01/19
15/01/19,01/03/19,153.05,143,45,0.123287671,0.32163,0.02419589,12.575,12.41,12.74,0,15/01/19
15/01/19,01/03/19,153.05,144,45,0.123287671,0.32003,0.02419589,11.85,11.7,12,11.62,15/01/19
15/01/19,01/03/19,153.05,145,45,0.123287671,0.31749,0.02419589,11.13,10.95,11.31,10.82,15/01/19
15/01/19,01/03/19,153.05,146,45,0.123287671,0.3131,0.02419589,10.4,10.3,10.5,10.21,15/01/19
15/01/19,01/03/19,153.05,147,45,0.123287671,0.31056,0.02419589,9.72,9.59,9.85,0,15/01/19
15/01/19,01/03/19,153.05,148,45,0.123287671,0.30857,0.02419589,9.075,8.95,9.2,9.15,15/01/19
15/01/19,01/03/19,153.05,149,45,0.123287671,0.30435,0.02419589,8.43,8.31,8.55,7.85,15/01/19
15/01/19,01/03/19,153.05,150,45,0.123287671,0.3017,0.02419589,7.8,7.7,7.9,7.8,15/01/19
15/01/19,01/03/19,153.05,152.5,45,0.123287671,0.29678,0.02419589,6.425,6.35,6.5,6.44,15/01/19
15/01/19,01/03/19,153.05,155,45,0.123287671,0.28921,0.02419589,5.125,5.05,5.2,5.15,15/01/19
15/01/19,01/03/19,153.05,157.5,45,0.123287671,0.28422,0.02419589,4.05,4,4.1,3.95,15/01/19
15/01/19,01/03/19,153.05,160,45,0.123287671,0.27884,0.02419589,3.12,3.04,3.2,3.15,15/01/19
15/01/19,01/03/19,153.05,162.5,45,0.123287671,0.27543,0.02419589,2.395,2.34,2.45,2.39,15/01/19
15/01/19,01/03/19,153.05,165,45,0.123287671,0.27157,0.02419589,1.775,1.73,1.82,1.81,15/01/19
15/01/19,01/03/19,153.05,167.5,45,0.123287671,0.26931,0.02419589,1.32,1.26,1.38,1.3,15/01/19
15/01/19,01/03/19,153.05,170,45,0.123287671,0.26781,0.02419589,0.96,0.91,1.01,1,15/01/19
15/01/19,01/03/19,153.05,172.5,45,0.123287671,0.26738,0.02419589,0.7,0.66,0.74,0.71,15/01/19
15/01/19,01/03/19,153.05,175,45,0.123287671,0.27054,0.02419589,0.53,0.5,0.56,0.52,15/01/19
15/01/19,01/03/19,153.05,177.5,45,0.123287671,0.27273,0.02419589,0.395,0.36,0.43,0.39,15/01/19
15/01/19,01/03/19,153.05,180,45,0.123287671,0.27636,0.02419589,0.3,0.27,0.33,0.28,15/01/19
15/01/19,01/03/19,153.05,182.5,45,0.123287671,0.28194,0.02419589,0.24,0.21,0.27,0.23,15/01/19
15/01/19,01/03/19,153.05,185,45,0.123287671,0.28772,0.02419589,0.2,0.17,0.23,0.19,15/01/19
15/01/19,01/03/19,153.05,187.5,45,0.123287671,0.29719,0.02419589,0.175,0.16,0.19,0.15,15/01/19
15/01/19,01/03/19,153.05,190,45,0.123287671,0.30387,0.02419589,0.135,0.11,0.16,0,15/01/19
15/01/19,01/03/19,153.05,195,45,0.123287671,0.32156,0.02419589,0.105,0.07,0.14,0.14,15/01/19
15/01/19,01/03/19,153.05,200,45,0.123287671,0.33771,0.02419589,0.08,0.05,0.11,0.1,15/01/19
15/01/19,01/03/19,153.05,205,45,0.123287671,0.35462,0.02419589,0.075,0.05,0.1,0.07,15/01/19
15/01/19,01/03/19,153.05,210,45,0.123287671,0.37195,0.02419589,0.06,0.03,0.09,0,15/01/19
15/01/19,15/03/19,153.05,75,58.96,0.161534247,1.32938,0.024287682,78.205,77.91,78.5,75.15,15/01/19
15/01/19,15/03/19,153.05,80,58.96,0.161534247,1.17915,0.024287682,73.25,73,73.5,0,15/01/19
15/01/19,15/03/19,153.05,85,58.96,0.161534247,1.03311,0.024287682,68.2,68,68.4,0,15/01/19
15/01/19,15/03/19,153.05,90,58.96,0.161534247,0.91074,0.024287682,63.195,62.99,63.4,53.9,15/01/19
15/01/19,15/03/19,153.05,95,58.96,0.161534247,0.80721,0.024287682,58.255,58.06,58.45,0,15/01/19
15/01/19,15/03/19,153.05,100,58.96,0.161534247,0.71616,0.024287682,53.3,53.2,53.4,52.8,15/01/19
15/01/19,15/03/19,153.05,105,58.96,0.161534247,0.62307,0.024287682,48.27,48.1,48.44,45.57,15/01/19
15/01/19,15/03/19,153.05,110,58.96,0.161534247,0.55018,0.024287682,43.325,43.1,43.55,40.43,15/01/19
15/01/19,15/03/19,153.05,115,58.96,0.161534247,0.48686,0.024287682,38.405,38.2,38.61,31.52,15/01/19
15/01/19,15/03/19,153.05,120,58.96,0.161534247,0.44251,0.024287682,33.57,33.45,33.69,32.95,15/01/19
15/01/19,15/03/19,153.05,125,58.96,0.161534247,0.39345,0.024287682,28.705,28.51,28.9,28.25,15/01/19
15/01/19,15/03/19,153.05,130,58.96,0.161534247,0.36546,0.024287682,24.07,24,24.14,23.55,15/01/19
15/01/19,15/03/19,153.05,135,58.96,0.161534247,0.3521,0.024287682,19.775,19.65,19.9,19.83,15/01/19
15/01/19,15/03/19,153.05,140,58.96,0.161534247,0.32304,0.024287682,15.475,15.41,15.54,15.6,15/01/19
15/01/19,15/03/19,153.05,145,58.96,0.161534247,0.31128,0.024287682,11.82,11.74,11.9,12.03,15/01/19
15/01/19,15/03/19,153.05,150,58.96,0.161534247,0.29881,0.024287682,8.6,8.55,8.65,8.51,15/01/19
15/01/19,15/03/19,153.05,155,58.96,0.161534247,0.28609,0.024287682,5.9,5.85,5.95,5.9,15/01/19
15/01/19,15/03/19,153.05,160,58.96,0.161534247,0.27661,0.024287682,3.85,3.8,3.9,3.83,15/01/19
15/01/19,15/03/19,153.05,165,58.96,0.161534247,0.2682,0.024287682,2.34,2.33,2.35,2.33,15/01/19
15/01/19,15/03/19,153.05,170,58.96,0.161534247,0.26283,0.024287682,1.37,1.35,1.39,1.36,15/01/19
15/01/19,15/03/19,153.05,175,58.96,0.161534247,0.26179,0.024287682,0.785,0.76,0.81,0.78,15/01/19
15/01/19,15/03/19,153.05,180,58.96,0.161534247,0.26499,0.024287682,0.47,0.45,0.49,0.47,15/01/19
15/01/19,15/03/19,153.05,185,58.96,0.161534247,0.27134,0.024287682,0.29,0.29,0.29,0.31,15/01/19
15/01/19,15/03/19,153.05,190,58.96,0.161534247,0.27881,0.024287682,0.185,0.18,0.19,0.19,15/01/19
15/01/19,15/03/19,153.05,195,58.96,0.161534247,0.29232,0.024287682,0.14,0.12,0.16,0.16,15/01/19
15/01/19,15/03/19,153.05,200,58.96,0.161534247,0.30855,0.024287682,0.115,0.11,0.12,0.12,15/01/19
15/01/19,15/03/19,153.05,205,58.96,0.161534247,0.32133,0.024287682,0.085,0.06,0.11,0.08,15/01/19
15/01/19,15/03/19,153.05,210,58.96,0.161534247,0.34108,0.024287682,0.085,0.08,0.09,0.07,15/01/19
15/01/19,15/03/19,153.05,215,58.96,0.161534247,0.34662,0.024287682,0.055,0.04,0.07,0.07,15/01/19
15/01/19,15/03/19,153.05,220,58.96,0.161534247,0.37025,0.024287682,0.06,0.05,0.07,0.05,15/01/19
15/01/19,15/03/19,153.05,225,58.96,0.161534247,0.37793,0.024287682,0.05,0.03,0.07,0.07,15/01/19
15/01/19,15/03/19,153.05,230,58.96,0.161534247,0.40118,0.024287682,0.055,0.05,0.06,0.05,15/01/19
15/01/19,15/03/19,153.05,235,58.96,0.161534247,0.41436,0.024287682,0.055,0.05,0.06,0.05,15/01/19
15/01/19,15/03/19,153.05,240,58.96,0.161534247,0.42172,0.024287682,0.045,0.04,0.05,0.04,15/01/19
15/01/19,15/03/19,153.05,245,58.96,0.161534247,0.4329,0.024287682,0.04,0.04,0.04,0.04,15/01/19
15/01/19,15/03/19,153.05,250,58.96,0.161534247,0.44897,0.024287682,0.035,0.03,0.04,0.04,15/01/19
15/01/19,15/03/19,153.05,255,58.96,0.161534247,0.4711,0.024287682,0.045,0.04,0.05,0.03,15/01/19
15/01/19,15/03/19,153.05,260,58.96,0.161534247,0.44363,0.024287682,0.02,0,0.04,0.01,15/01/19
15/01/19,15/03/19,153.05,265,58.96,0.161534247,0.47836,0.024287682,0.03,0,0.06,0.01,15/01/19
15/01/19,15/03/19,153.05,270,58.96,0.161534247,0.48376,0.024287682,0.025,0,0.05,0.02,15/01/19
15/01/19,15/03/19,153.05,275,58.96,0.161534247,0.49684,0.024287682,0.02,0,0.04,0.03,15/01/19
15/01/19,15/03/19,153.05,280,58.96,0.161534247,0.51061,0.024287682,0.025,0.01,0.04,0.03,15/01/19
15/01/19,15/03/19,153.05,285,58.96,0.161534247,0.52392,0.024287682,0.02,0,0.04,0.05,15/01/19
15/01/19,15/03/19,153.05,290,58.96,0.161534247,0.53652,0.024287682,0.015,0,0.03,0.04,15/01/19
15/01/19,15/03/19,153.05,295,58.96,0.161534247,0.5486,0.024287682,0.025,0,0.05,0.07,15/01/19
15/01/19,15/03/19,153.05,300,58.96,0.161534247,0.54788,0.024287682,0.015,0,0.03,0.01,15/01/19
15/01/19,18/04/19,153.05,7.5,92.96,0.254684932,0.00028,0.024513118,145.555,145.26,145.85,0,15/01/19
15/01/19,18/04/19,153.05,10,92.96,0.254684932,0.00039,0.024513118,143.055,142.76,143.35,132.6,15/01/19
15/01/19,18/04/19,153.05,15,92.96,0.254684932,-9.00E-05,0.024513118,138.05,137.75,138.35,0,15/01/19
15/01/19,18/04/19,153.05,17.5,92.96,0.254684932,-0.00043,0.024513118,135.55,135.25,135.85,131.19,15/01/19
15/01/19,18/04/19,153.05,22.5,92.96,0.254684932,5.74486,0.024513118,130.58,130.3,130.86,130.65,15/01/19
15/01/19,18/04/19,153.05,25,92.96,0.254684932,-0.00023,0.024513118,128.055,127.76,128.35,0,15/01/19
15/01/19,18/04/19,153.05,30,92.96,0.254684932,4.07104,0.024513118,123.1,122.8,123.4,0,15/01/19
15/01/19,18/04/19,153.05,35,92.96,0.254684932,3.35185,0.024513118,118.1,117.85,118.35,0,15/01/19
15/01/19,18/04/19,153.05,40,92.96,0.254684932,2.81119,0.024513118,113.1,112.85,113.35,104.79,15/01/19
15/01/19,18/04/19,153.05,45,92.96,0.254684932,2.39553,0.024513118,108.125,107.85,108.4,0,15/01/19
15/01/19,18/04/19,153.05,50,92.96,0.254684932,2.06252,0.024513118,103.15,102.86,103.44,0,15/01/19
15/01/19,18/04/19,153.05,55,92.96,0.254684932,1.78754,0.024513118,98.155,97.86,98.45,153.48,15/01/19
15/01/19,18/04/19,153.05,60,92.96,0.254684932,1.5526,0.024513118,93.1,92.8,93.4,108.12,15/01/19
15/01/19,18/04/19,153.05,65,92.96,0.254684932,1.36463,0.024513118,88.14,87.89,88.39,144.55,15/01/19
15/01/19,18/04/19,153.05,70,92.96,0.254684932,1.20214,0.024513118,83.18,82.9,83.46,0,15/01/19
15/01/19,18/04/19,153.05,75,92.96,0.254684932,1.0602,0.024513118,78.2,77.9,78.5,83.1,15/01/19
15/01/19,18/04/19,153.05,80,92.96,0.254684932,0.935,0.024513118,73.195,72.95,73.44,0,15/01/19
15/01/19,18/04/19,153.05,85,92.96,0.254684932,0.82656,0.024513118,68.22,67.95,68.49,0,15/01/19
15/01/19,18/04/19,153.05,90,92.96,0.254684932,0.73127,0.024513118,63.26,63.01,63.51,0,15/01/19
15/01/19,18/04/19,153.05,95,92.96,0.254684932,0.64898,0.024513118,58.3,58.05,58.55,124.27,15/01/19
15/01/19,18/04/19,153.05,100,92.96,0.254684932,0.5808,0.024513118,53.4,53.1,53.7,53.2,15/01/19
15/01/19,18/04/19,153.05,105,92.96,0.254684932,0.51833,0.024513118,48.475,48.25,48.7,41.75,15/01/19
15/01/19,18/04/19,153.05,110,92.96,0.254684932,0.46718,0.024513118,43.605,43.36,43.85,44.83,15/01/19
15/01/19,18/04/19,153.05,115,92.96,0.254684932,0.42185,0.024513118,38.755,38.5,39.01,36,15/01/19
15/01/19,18/04/19,153.05,120,92.96,0.254684932,0.38444,0.024513118,33.955,33.76,34.15,33.65,15/01/19
15/01/19,18/04/19,153.05,125,92.96,0.254684932,0.36054,0.024513118,29.35,29.15,29.55,29,15/01/19
15/01/19,18/04/19,153.05,130,92.96,0.254684932,0.34587,0.024513118,24.99,24.84,25.14,24.63,15/01/19
15/01/19,18/04/19,153.05,135,92.96,0.254684932,0.32299,0.024513118,20.67,20.49,20.85,20.48,15/01/19
15/01/19,18/04/19,153.05,140,92.96,0.254684932,0.31006,0.024513118,16.775,16.65,16.9,16.77,15/01/19
15/01/19,18/04/19,153.05,145,92.96,0.254684932,0.29819,0.024513118,13.22,13.09,13.35,13.5,15/01/19
15/01/19,18/04/19,153.05,150,92.96,0.254684932,0.28786,0.024513118,10.125,9.99,10.26,10.2,15/01/19
15/01/19,18/04/19,153.05,155,92.96,0.254684932,0.27966,0.024513118,7.505,7.45,7.56,7.48,15/01/19
15/01/19,18/04/19,153.05,160,92.96,0.254684932,0.27047,0.024513118,5.325,5.25,5.4,5.39,15/01/19
15/01/19,18/04/19,153.05,165,92.96,0.254684932,0.26345,0.024513118,3.625,3.55,3.7,3.7,15/01/19
15/01/19,18/04/19,153.05,170,92.96,0.254684932,0.2574,0.024513118,2.375,2.36,2.39,2.37,15/01/19
15/01/19,18/04/19,153.05,175,92.96,0.254684932,0.25294,0.024513118,1.505,1.47,1.54,1.53,15/01/19
15/01/19,18/04/19,153.05,180,92.96,0.254684932,0.2512,0.024513118,0.95,0.91,0.99,0.95,15/01/19
15/01/19,18/04/19,153.05,185,92.96,0.254684932,0.25101,0.024513118,0.6,0.58,0.62,0.64,15/01/19
15/01/19,18/04/19,153.05,190,92.96,0.254684932,0.2551,0.024513118,0.4,0.36,0.44,0.41,15/01/19
15/01/19,18/04/19,153.05,195,92.96,0.254684932,0.26062,0.024513118,0.28,0.25,0.31,0.25,15/01/19
15/01/19,18/04/19,153.05,200,92.96,0.254684932,0.26883,0.024513118,0.215,0.2,0.23,0.21,15/01/19
15/01/19,18/04/19,153.05,205,92.96,0.254684932,0.27918,0.024513118,0.17,0.16,0.18,0.16,15/01/19
15/01/19,18/04/19,153.05,210,92.96,0.254684932,0.28424,0.024513118,0.12,0.1,0.14,0.13,15/01/19
15/01/19,18/04/19,153.05,215,92.96,0.254684932,0.29901,0.024513118,0.115,0.11,0.12,0.1,15/01/19
15/01/19,18/04/19,153.05,220,92.96,0.254684932,0.30531,0.024513118,0.09,0.07,0.11,0.1,15/01/19
15/01/19,18/04/19,153.05,225,92.96,0.254684932,0.32076,0.024513118,0.09,0.08,0.1,0.09,15/01/19
15/01/19,18/04/19,153.05,230,92.96,0.254684932,0.3288,0.024513118,0.075,0.06,0.09,0.06,15/01/19
15/01/19,18/04/19,153.05,235,92.96,0.254684932,0.33752,0.024513118,0.06,0.05,0.07,0.07,15/01/19
15/01/19,18/04/19,153.05,240,92.96,0.254684932,0.34884,0.024513118,0.06,0.05,0.07,0.05,15/01/19
15/01/19,18/04/19,153.05,245,92.96,0.254684932,0.35826,0.024513118,0.05,0.04,0.06,0.06,15/01/19
15/01/19,18/04/19,153.05,250,92.96,0.254684932,0.37153,0.024513118,0.055,0.04,0.07,0.06,15/01/19
15/01/19,18/04/19,153.05,255,92.96,0.254684932,0.37115,0.024513118,0.04,0.03,0.05,0.05,15/01/19
15/01/19,18/04/19,153.05,260,92.96,0.254684932,0.38338,0.024513118,0.03,0,0.06,0.05,15/01/19
15/01/19,18/04/19,153.05,265,92.96,0.254684932,0.3898,0.024513118,0.035,0.02,0.05,0.02,15/01/19
15/01/19,18/04/19,153.05,270,92.96,0.254684932,0.40701,0.024513118,0.03,0,0.06,0.02,15/01/19
15/01/19,18/04/19,153.05,275,92.96,0.254684932,0.41825,0.024513118,0.035,0.01,0.06,0.06,15/01/19
15/01/19,18/04/19,153.05,280,92.96,0.254684932,0.40805,0.024513118,0.02,0,0.04,0.04,15/01/19
15/01/19,18/04/19,153.05,285,92.96,0.254684932,0.42704,0.024513118,0.02,0,0.04,0.03,15/01/19
15/01/19,18/04/19,153.05,290,92.96,0.254684932,0.44471,0.024513118,0.03,0.01,0.05,0.02,15/01/19
15/01/19,18/04/19,153.05,295,92.96,0.254684932,0.44748,0.024513118,0.025,0,0.05,0.03,15/01/19
15/01/19,18/04/19,153.05,300,92.96,0.254684932,0.45703,0.024513118,0.025,0.01,0.04,0.03,15/01/19
15/01/19,18/04/19,153.05,305,92.96,0.254684932,0.46735,0.024513118,0.025,0.01,0.04,0.02,15/01/19
15/01/19,18/04/19,153.05,310,92.96,0.254684932,0.47707,0.024513118,0.025,0,0.05,0.09,15/01/19
15/01/19,18/04/19,153.05,315,92.96,0.254684932,0.48605,0.024513118,0.02,0,0.04,0.23,15/01/19
15/01/19,18/04/19,153.05,320,92.96,0.254684932,0.49521,0.024513118,0.025,0,0.05,0.03,15/01/19
15/01/19,18/04/19,153.05,325,92.96,0.254684932,0.50402,0.024513118,0.03,0,0.06,0.04,15/01/19
15/01/19,18/04/19,153.05,330,92.96,0.254684932,0.50303,0.024513118,0.02,0,0.04,0.02,15/01/19
15/01/19,18/04/19,153.05,335,92.96,0.254684932,0.51233,0.024513118,0.015,0,0.03,0.06,15/01/19
15/01/19,18/04/19,153.05,340,92.96,0.254684932,0.5207,0.024513118,0.02,0,0.04,0.13,15/01/19
15/01/19,18/04/19,153.05,345,92.96,0.254684932,0.52902,0.024513118,0.02,0,0.04,0.03,15/01/19
15/01/19,18/04/19,153.05,350,92.96,0.254684932,0.53719,0.024513118,0.02,0,0.04,0.12,15/01/19
15/01/19,18/04/19,153.05,355,92.96,0.254684932,0.54538,0.024513118,0.025,0,0.05,0.1,15/01/19
15/01/19,18/04/19,153.05,360,92.96,0.254684932,0.55297,0.024513118,0.015,0,0.03,0.06,15/01/19
15/01/19,18/04/19,153.05,365,92.96,0.254684932,0.56117,0.024513118,0.025,0,0.05,0.1,15/01/19
15/01/19,18/04/19,153.05,370,92.96,0.254684932,0.56821,0.024513118,0.02,0,0.04,0.08,15/01/19
15/01/19,18/04/19,153.05,375,92.96,0.254684932,0.57667,0.024513118,0.02,0,0.04,0.04,15/01/19
15/01/19,18/04/19,153.05,380,92.96,0.254684932,0.58497,0.024513118,0.02,0,0.04,0.01,15/01/19
15/01/19,18/04/19,153.05,385,92.96,0.254684932,0.5918,0.024513118,0.02,0,0.04,0.05,15/01/19
15/01/19,18/04/19,153.05,390,92.96,0.254684932,0.59832,0.024513118,0.015,0,0.03,0.17,15/01/19
15/01/19,18/04/19,153.05,395,92.96,0.254684932,0.6062,0.024513118,0.02,0,0.04,0.1,15/01/19
15/01/19,18/04/19,153.05,400,92.96,0.254684932,0.58107,0.024513118,0.01,0,0.02,0.02,15/01/19
15/01/19,18/04/19,153.05,405,92.96,0.254684932,0.62008,0.024513118,0.02,0,0.04,0.02,15/01/19
15/01/19,18/04/19,153.05,410,92.96,0.254684932,0.59362,0.024513118,0.01,0,0.02,0.01,15/01/19
15/01/19,18/04/19,153.05,415,92.96,0.254684932,0.63338,0.024513118,0.015,0,0.03,0,15/01/19
15/01/19,18/04/19,153.05,420,92.96,0.254684932,0.64002,0.024513118,0.02,0,0.04,0.02,15/01/19
15/01/19,18/04/19,153.05,425,92.96,0.254684932,0.61313,0.024513118,0.005,0,0.01,0.04,15/01/19
15/01/19,21/06/19,153.05,80,156.96,0.430027397,0.73913,0.025004077,73.255,73.01,73.5,0,15/01/19
15/01/19,21/06/19,153.05,85,156.96,0.430027397,0.66225,0.025004077,68.36,68.11,68.61,85.79,15/01/19
15/01/19,21/06/19,153.05,90,156.96,0.430027397,0.58863,0.025004077,63.37,63.14,63.6,62.7,15/01/19
15/01/19,21/06/19,153.05,95,156.96,0.430027397,0.53356,0.025004077,58.53,58.3,58.76,56.23,15/01/19
15/01/19,21/06/19,153.05,100,156.96,0.430027397,0.48779,0.025004077,53.7,53.5,53.9,50.76,15/01/19
15/01/19,21/06/19,153.05,105,156.96,0.430027397,0.44635,0.025004077,48.875,48.6,49.15,45.88,15/01/19
15/01/19,21/06/19,153.05,110,156.96,0.430027397,0.41499,0.025004077,44.15,43.9,44.4,41,15/01/19
15/01/19,21/06/19,153.05,115,156.96,0.430027397,0.3872,0.025004077,39.48,39.25,39.71,37,15/01/19
15/01/19,21/06/19,153.05,120,156.96,0.430027397,0.36589,0.025004077,34.95,34.75,35.15,34.4,15/01/19
15/01/19,21/06/19,153.05,125,156.96,0.430027397,0.34809,0.025004077,30.575,30.4,30.75,30.65,15/01/19
15/01/19,21/06/19,153.05,130,156.96,0.430027397,0.33242,0.025004077,26.405,26.25,26.56,26.47,15/01/19
15/01/19,21/06/19,153.05,135,156.96,0.430027397,0.32082,0.025004077,22.5,22.35,22.65,22.5,15/01/19
15/01/19,21/06/19,153.05,140,156.96,0.430027397,0.31085,0.025004077,18.9,18.75,19.05,19,15/01/19
15/01/19,21/06/19,153.05,145,156.96,0.430027397,0.30102,0.025004077,15.58,15.45,15.71,15.7,15/01/19
15/01/19,21/06/19,153.05,150,156.96,0.430027397,0.29232,0.025004077,12.595,12.5,12.69,12.5,15/01/19
15/01/19,21/06/19,153.05,155,156.96,0.430027397,0.28395,0.025004077,10.005,9.91,10.1,10.18,15/01/19
15/01/19,21/06/19,153.05,160,156.96,0.430027397,0.27704,0.025004077,7.75,7.65,7.85,7.77,15/01/19
15/01/19,21/06/19,153.05,165,156.96,0.430027397,0.27067,0.025004077,5.9,5.8,6,5.9,15/01/19
15/01/19,21/06/19,153.05,170,156.96,0.430027397,0.26428,0.025004077,4.375,4.3,4.45,4.41,15/01/19
15/01/19,21/06/19,153.05,175,156.96,0.430027397,0.26061,0.025004077,3.22,3.14,3.3,3.2,15/01/19
15/01/19,21/06/19,153.05,180,156.96,0.430027397,0.25847,0.025004077,2.345,2.31,2.38,2.35,15/01/19
15/01/19,21/06/19,153.05,185,156.96,0.430027397,0.25622,0.025004077,1.7,1.65,1.75,1.7,15/01/19
15/01/19,21/06/19,153.05,190,156.96,0.430027397,0.2567,0.025004077,1.225,1.18,1.27,1.24,15/01/19
15/01/19,21/06/19,153.05,195,156.96,0.430027397,0.25675,0.025004077,0.895,0.86,0.93,0.85,15/01/19
15/01/19,21/06/19,153.05,200,156.96,0.430027397,0.25904,0.025004077,0.665,0.65,0.68,0.68,15/01/19
15/01/19,21/06/19,153.05,205,156.96,0.430027397,0.26215,0.025004077,0.505,0.47,0.54,0.51,15/01/19
15/01/19,21/06/19,153.05,210,156.96,0.430027397,0.26905,0.025004077,0.41,0.4,0.42,0.41,15/01/19
15/01/19,21/06/19,153.05,215,156.96,0.430027397,0.27216,0.025004077,0.33,0.3,0.36,0.32,15/01/19
15/01/19,21/06/19,153.05,220,156.96,0.430027397,0.27767,0.025004077,0.275,0.27,0.28,0.28,15/01/19
15/01/19,21/06/19,153.05,225,156.96,0.430027397,0.28105,0.025004077,0.205,0.19,0.22,0.23,15/01/19
15/01/19,21/06/19,153.05,230,156.96,0.430027397,0.29021,0.025004077,0.185,0.17,0.2,0.2,15/01/19
15/01/19,21/06/19,153.05,235,156.96,0.430027397,0.29857,0.025004077,0.165,0.15,0.18,0.18,15/01/19
15/01/19,21/06/19,153.05,240,156.96,0.430027397,0.3055,0.025004077,0.155,0.12,0.19,0.14,15/01/19
15/01/19,21/06/19,153.05,245,156.96,0.430027397,0.31224,0.025004077,0.14,0.11,0.17,0.17,15/01/19
15/01/19,21/06/19,153.05,250,156.96,0.430027397,0.31873,0.025004077,0.12,0.1,0.14,0.12,15/01/19
15/01/19,21/06/19,153.05,255,156.96,0.430027397,0.32807,0.025004077,0.11,0.08,0.14,0.12,15/01/19
15/01/19,21/06/19,153.05,260,156.96,0.430027397,0.33641,0.025004077,0.11,0.08,0.14,0.12,15/01/19
15/01/19,21/06/19,153.05,265,156.96,0.430027397,0.34316,0.025004077,0.1,0.07,0.13,0.1,15/01/19
15/01/19,21/06/19,153.05,270,156.96,0.430027397,0.34341,0.025004077,0.08,0.06,0.1,0.09,15/01/19
15/01/19,21/06/19,153.05,275,156.96,0.430027397,0.35785,0.025004077,0.08,0.05,0.11,0.08,15/01/19
15/01/19,21/06/19,153.05,280,156.96,0.430027397,0.36026,0.025004077,0.07,0.05,0.09,0.1,15/01/19
15/01/19,21/06/19,153.05,285,156.96,0.430027397,0.37132,0.025004077,0.075,0.04,0.11,0.08,15/01/19
15/01/19,21/06/19,153.05,290,156.96,0.430027397,0.37467,0.025004077,0.07,0.04,0.1,0.14,15/01/19
15/01/19,21/06/19,153.05,295,156.96,0.430027397,0.38326,0.025004077,0.07,0.04,0.1,0.06,15/01/19
15/01/19,21/06/19,153.05,300,156.96,0.430027397,0.378,0.025004077,0.055,0.04,0.07,0.05,15/01/19
15/01/19,21/06/19,153.05,310,156.96,0.430027397,0.40112,0.025004077,0.055,0.02,0.09,0.04,15/01/19
15/01/19,21/06/19,153.05,320,156.96,0.430027397,0.4095,0.025004077,0.05,0.02,0.08,0.01,15/01/19
15/01/19,21/06/19,153.05,330,156.96,0.430027397,0.42024,0.025004077,0.045,0.02,0.07,0.07,15/01/19
15/01/19,21/06/19,153.05,340,156.96,0.430027397,0.41797,0.025004077,0.04,0.03,0.05,0.04,15/01/19
15/01/19,19/07/19,153.05,80,184.96,0.506739726,0.68003,0.02520674,73.255,72.95,73.56,73.25,15/01/19
15/01/19,19/07/19,153.05,85,184.96,0.506739726,0.60812,0.02520674,68.325,68.1,68.55,67.11,15/01/19
15/01/19,19/07/19,153.05,90,184.96,0.506739726,0.54776,0.02520674,63.455,63.2,63.71,62.25,15/01/19
15/01/19,19/07/19,153.05,95,184.96,0.506739726,0.49881,0.02520674,58.63,58.41,58.85,63.1,15/01/19
15/01/19,19/07/19,153.05,100,184.96,0.506739726,0.45389,0.02520674,53.78,53.55,54.01,51,15/01/19
15/01/19,19/07/19,153.05,105,184.96,0.506739726,0.42197,0.02520674,49.045,48.8,49.29,48.9,15/01/19
15/01/19,19/07/19,153.05,110,184.96,0.506739726,0.39419,0.02520674,44.375,44.2,44.55,37.5,15/01/19
15/01/19,19/07/19,153.05,115,184.96,0.506739726,0.37182,0.02520674,39.795,39.55,40.04,36.85,15/01/19
15/01/19,19/07/19,153.05,120,184.96,0.506739726,0.35394,0.02520674,35.35,35.15,35.55,34.1,15/01/19
15/01/19,19/07/19,153.05,125,184.96,0.506739726,0.33903,0.02520674,31.07,30.89,31.25,31.59,15/01/19
15/01/19,19/07/19,153.05,130,184.96,0.506739726,0.3271,0.02520674,27.03,26.86,27.2,27.05,15/01/19
15/01/19,19/07/19,153.05,135,184.96,0.506739726,0.31504,0.02520674,23.17,22.99,23.35,23.2,15/01/19
15/01/19,19/07/19,153.05,140,184.96,0.506739726,0.30736,0.02520674,19.705,19.51,19.9,19.8,15/01/19
15/01/19,19/07/19,153.05,145,184.96,0.506739726,0.29743,0.02520674,16.405,16.26,16.55,16.4,15/01/19
15/01/19,19/07/19,153.05,150,184.96,0.506739726,0.28913,0.02520674,13.47,13.35,13.59,13.4,15/01/19
15/01/19,19/07/19,153.05,155,184.96,0.506739726,0.2817,0.02520674,10.845,10.75,10.94,11.02,15/01/19
15/01/19,19/07/19,153.05,160,184.96,0.506739726,0.27435,0.02520674,8.605,8.5,8.71,8.6,15/01/19
15/01/19,19/07/19,153.05,165,184.96,0.506739726,0.26881,0.02520674,6.69,6.59,6.79,6.75,15/01/19
15/01/19,19/07/19,153.05,170,184.96,0.506739726,0.26359,0.02520674,5.12,5.05,5.19,5.05,15/01/19
15/01/19,19/07/19,153.05,175,184.96,0.506739726,0.25798,0.02520674,3.82,3.74,3.9,3.95,15/01/19
15/01/19,19/07/19,153.05,180,184.96,0.506739726,0.25572,0.02520674,2.865,2.8,2.93,2.89,15/01/19
15/01/19,19/07/19,153.05,185,184.96,0.506739726,0.2523,0.02520674,2.095,2.05,2.14,2.15,15/01/19
15/01/19,19/07/19,153.05,190,184.96,0.506739726,0.25196,0.02520674,1.565,1.52,1.61,1.52,15/01/19
15/01/19,19/07/19,153.05,195,184.96,0.506739726,0.25145,0.02520674,1.16,1.11,1.21,1.2,15/01/19
15/01/19,19/07/19,153.05,200,184.96,0.506739726,0.25254,0.02520674,0.865,0.82,0.91,0.9,15/01/19
15/01/19,19/07/19,153.05,205,184.96,0.506739726,0.25376,0.02520674,0.64,0.61,0.67,0.67,15/01/19
15/01/19,19/07/19,153.05,210,184.96,0.506739726,0.25644,0.02520674,0.5,0.47,0.53,0.51,15/01/19
15/01/19,19/07/19,153.05,215,184.96,0.506739726,0.25976,0.02520674,0.405,0.37,0.44,0.37,15/01/19
15/01/19,19/07/19,153.05,220,184.96,0.506739726,0.2649,0.02520674,0.34,0.31,0.37,0.32,15/01/19
15/01/19,19/07/19,153.05,225,184.96,0.506739726,0.26943,0.02520674,0.28,0.27,0.29,0.29,15/01/19
15/01/19,19/07/19,153.05,230,184.96,0.506739726,0.2758,0.02520674,0.24,0.22,0.26,0.24,15/01/19
15/01/19,19/07/19,153.05,235,184.96,0.506739726,0.27995,0.02520674,0.195,0.17,0.22,0.27,15/01/19
15/01/19,19/07/19,153.05,240,184.96,0.506739726,0.28677,0.02520674,0.175,0.15,0.2,0.22,15/01/19
15/01/19,19/07/19,153.05,245,184.96,0.506739726,0.29317,0.02520674,0.155,0.13,0.18,0.13,15/01/19
15/01/19,19/07/19,153.05,250,184.96,0.506739726,0.29954,0.02520674,0.135,0.11,0.16,0.14,15/01/19
15/01/19,19/07/19,153.05,255,184.96,0.506739726,0.30636,0.02520674,0.125,0.1,0.15,0.2,15/01/19
15/01/19,19/07/19,153.05,260,184.96,0.506739726,0.31327,0.02520674,0.125,0.1,0.15,0.15,15/01/19
15/01/19,19/07/19,153.05,265,184.96,0.506739726,0.31933,0.02520674,0.11,0.08,0.14,0.47,15/01/19
15/01/19,19/07/19,153.05,270,184.96,0.506739726,0.32691,0.02520674,0.105,0.08,0.13,0.11,15/01/19
15/01/19,19/07/19,153.05,275,184.96,0.506739726,0.33384,0.02520674,0.095,0.07,0.12,0.14,15/01/19
15/01/19,19/07/19,153.05,280,184.96,0.506739726,0.34017,0.02520674,0.095,0.07,0.12,0.11,15/01/19
15/01/19,19/07/19,153.05,285,184.96,0.506739726,0.34681,0.02520674,0.095,0.07,0.12,0.13,15/01/19
15/01/19,19/07/19,153.05,290,184.96,0.506739726,0.35062,0.02520674,0.08,0.06,0.1,0.1,15/01/19
15/01/19,17/01/20,153.05,50,367,1.005479452,1.07275,0.025697808,103.25,102.4,104.1,103.2,15/01/19
15/01/19,17/01/20,153.05,55,367,1.005479452,0.93565,0.025697808,98.275,97.5,99.05,98.39,15/01/19
15/01/19,17/01/20,153.05,60,367,1.005479452,0.81125,0.025697808,93.15,92.3,94,92.5,15/01/19
15/01/19,17/01/20,153.05,65,367,1.005479452,0.71807,0.025697808,88.22,87.3,89.14,103.4,15/01/19
15/01/19,17/01/20,153.05,70,367,1.005479452,0.63814,0.025697808,83.295,82.55,84.04,80,15/01/19
15/01/19,17/01/20,153.05,75,367,1.005479452,0.57391,0.025697808,78.45,77.65,79.25,72.35,15/01/19
15/01/19,17/01/20,153.05,80,367,1.005479452,0.50474,0.025697808,73.355,72.85,73.86,74.03,15/01/19
15/01/19,17/01/20,153.05,85,367,1.005479452,0.47348,0.025697808,68.8,67.95,69.65,70.3,15/01/19
15/01/19,17/01/20,153.05,90,367,1.005479452,0.44193,0.025697808,64.15,63.9,64.4,63,15/01/19
15/01/19,17/01/20,153.05,95,367,1.005479452,0.41716,0.025697808,59.58,59.35,59.81,57.58,15/01/19
15/01/19,17/01/20,153.05,100,367,1.005479452,0.39637,0.025697808,55.07,54.85,55.29,54.88,15/01/19
15/01/19,17/01/20,153.05,105,367,1.005479452,0.37894,0.025697808,50.675,50.45,50.9,50.9,15/01/19
15/01/19,17/01/20,153.05,110,367,1.005479452,0.36657,0.025697808,46.42,46.19,46.65,46,15/01/19
15/01/19,17/01/20,153.05,115,367,1.005479452,0.35268,0.025697808,42.255,42.06,42.45,43.15,15/01/19
15/01/19,17/01/20,153.05,120,367,1.005479452,0.34127,0.025697808,38.22,38.05,38.39,38.27,15/01/19
15/01/19,17/01/20,153.05,125,367,1.005479452,0.33266,0.025697808,34.42,34.24,34.6,34.25,15/01/19
15/01/19,17/01/20,153.05,130,367,1.005479452,0.32471,0.025697808,30.825,30.65,31,30.75,15/01/19
15/01/19,17/01/20,153.05,135,367,1.005479452,0.3166,0.025697808,27.38,27.2,27.56,27.53,15/01/19
15/01/19,17/01/20,153.05,140,367,1.005479452,0.30998,0.025697808,24.175,24,24.35,24.26,15/01/19
15/01/19,17/01/20,153.05,145,367,1.005479452,0.30278,0.025697808,21.17,20.99,21.35,21.34,15/01/19
15/01/19,17/01/20,153.05,150,367,1.005479452,0.29838,0.025697808,18.525,18.45,18.6,18.53,15/01/19
15/01/19,17/01/20,153.05,155,367,1.005479452,0.29096,0.025697808,15.925,15.75,16.1,16,15/01/19
15/01/19,17/01/20,153.05,160,367,1.005479452,0.28536,0.025697808,13.645,13.5,13.79,13.75,15/01/19
15/01/19,17/01/20,153.05,165,367,1.005479452,0.28045,0.025697808,11.63,11.5,11.76,11.63,15/01/19
15/01/19,17/01/20,153.05,170,367,1.005479452,0.27579,0.025697808,9.825,9.7,9.95,9.97,15/01/19
15/01/19,17/01/20,153.05,175,367,1.005479452,0.27165,0.025697808,8.2,8.1,8.3,8.31,15/01/19
15/01/19,17/01/20,153.05,180,367,1.005479452,0.26801,0.025697808,6.88,6.75,7.01,6.87,15/01/19
15/01/19,17/01/20,153.05,185,367,1.005479452,0.26486,0.025697808,5.675,5.55,5.8,5.87,15/01/19
15/01/19,17/01/20,153.05,190,367,1.005479452,0.26211,0.025697808,4.705,4.61,4.8,4.65,15/01/19
15/01/19,17/01/20,153.05,195,367,1.005479452,0.25978,0.025697808,3.875,3.74,4.01,3.85,15/01/19
15/01/19,17/01/20,153.05,200,367,1.005479452,0.25876,0.025697808,3.2,3.09,3.31,3.2,15/01/19
15/01/19,17/01/20,153.05,205,367,1.005479452,0.25708,0.025697808,2.62,2.55,2.69,2.65,15/01/19
15/01/19,17/01/20,153.05,210,367,1.005479452,0.2559,0.025697808,2.16,2.09,2.23,2.18,15/01/19
15/01/19,17/01/20,153.05,215,367,1.005479452,0.25617,0.025697808,1.78,1.71,1.85,1.86,15/01/19
15/01/19,17/01/20,153.05,220,367,1.005479452,0.25582,0.025697808,1.48,1.43,1.53,1.49,15/01/19
15/01/19,17/01/20,153.05,225,367,1.005479452,0.25521,0.025697808,1.22,1.17,1.27,1.28,15/01/19
15/01/19,17/01/20,153.05,230,367,1.005479452,0.25711,0.025697808,1.025,1,1.05,1.03,15/01/19
15/01/19,17/01/20,153.05,235,367,1.005479452,0.25708,0.025697808,0.86,0.82,0.9,0.85,15/01/19
15/01/19,17/01/20,153.05,240,367,1.005479452,0.25916,0.025697808,0.73,0.69,0.77,0.77,15/01/19
15/01/19,17/01/20,153.05,245,367,1.005479452,0.26078,0.025697808,0.625,0.59,0.66,0.65,15/01/19
15/01/19,17/01/20,153.05,250,367,1.005479452,0.26303,0.025697808,0.55,0.51,0.59,0.55,15/01/19
15/01/19,17/01/20,153.05,255,367,1.005479452,0.26646,0.025697808,0.495,0.48,0.51,0.5,15/01/19
15/01/19,17/01/20,153.05,260,367,1.005479452,0.26697,0.025697808,0.425,0.41,0.44,0.43,15/01/19
15/01/19,17/01/20,153.05,270,367,1.005479452,0.27202,0.025697808,0.335,0.29,0.38,0.35,15/01/19
15/01/19,17/01/20,153.05,280,367,1.005479452,0.27997,0.025697808,0.285,0.26,0.31,0.29,15/01/19
15/01/19,17/01/20,153.05,290,367,1.005479452,0.28629,0.025697808,0.23,0.2,0.26,0.3,15/01/19
15/01/19,17/01/20,153.05,300,367,1.005479452,0.29553,0.025697808,0.22,0.21,0.23,0.22,15/01/19
15/01/19,17/01/20,153.05,310,367,1.005479452,0.29938,0.025697808,0.19,0.16,0.22,0.18,15/01/19
15/01/19,17/01/20,153.05,320,367,1.005479452,0.31081,0.025697808,0.17,0.16,0.18,0.2,15/01/19
15/01/19,17/01/20,153.05,330,367,1.005479452,0.31842,0.025697808,0.165,0.15,0.18,0.19,15/01/19
15/01/19,17/01/20,153.05,340,367,1.005479452,0.32237,0.025697808,0.145,0.11,0.18,0.14,15/01/19
15/01/19,19/06/20,153.05,75,520.96,1.427287671,0.49407,0.025529085,78.475,76.45,80.5,0,15/01/19
15/01/19,19/06/20,153.05,80,520.96,1.427287671,0.45279,0.025529085,73.72,71.6,75.84,66.96,15/01/19
15/01/19,19/06/20,153.05,85,520.96,1.427287671,0.42801,0.025529085,69.23,68.16,70.3,67.75,15/01/19
15/01/19,19/06/20,153.05,90,520.96,1.427287671,0.40874,0.025529085,64.825,63.9,65.75,63.65,15/01/19
15/01/19,19/06/20,153.05,95,520.96,1.427287671,0.39226,0.025529085,60.475,59.55,61.4,55.59,15/01/19
15/01/19,19/06/20,153.05,100,520.96,1.427287671,0.38022,0.025529085,56.245,55.29,57.2,56,15/01/19
15/01/19,19/06/20,153.05,105,520.96,1.427287671,0.36878,0.025529085,52.15,51.2,53.1,51.25,15/01/19
15/01/19,19/06/20,153.05,110,520.96,1.427287671,0.35787,0.025529085,48.1,47.16,49.04,45.25,15/01/19
15/01/19,19/06/20,153.05,115,520.96,1.427287671,0.35046,0.025529085,44.305,43.41,45.2,38.52,15/01/19
15/01/19,19/06/20,153.05,120,520.96,1.427287671,0.33311,0.025529085,40.115,39.59,40.64,40.25,15/01/19
15/01/19,19/06/20,153.05,125,520.96,1.427287671,0.33099,0.025529085,36.825,36.2,37.45,34.77,15/01/19
15/01/19,19/06/20,153.05,130,520.96,1.427287671,0.32344,0.025529085,33.4,32.85,33.95,31.57,15/01/19
15/01/19,19/06/20,153.05,135,520.96,1.427287671,0.32147,0.025529085,30.435,29.61,31.26,31.36,15/01/19
15/01/19,19/06/20,153.05,140,520.96,1.427287671,0.31818,0.025529085,27.575,26.64,28.51,26.45,15/01/19
15/01/19,19/06/20,153.05,145,520.96,1.427287671,0.31121,0.025529085,24.65,23.9,25.4,24.7,15/01/19
15/01/19,19/06/20,153.05,150,520.96,1.427287671,0.3053,0.025529085,21.975,21.4,22.55,21.66,15/01/19
15/01/19,19/06/20,153.05,155,520.96,1.427287671,0.30411,0.025529085,19.8,19,20.6,19.55,15/01/19
15/01/19,19/06/20,153.05,160,520.96,1.427287671,0.29948,0.025529085,17.595,16.69,18.5,17.45,15/01/19
15/01/19,19/06/20,153.05,165,520.96,1.427287671,0.29618,0.025529085,15.575,14.81,16.34,14.4,15/01/19
15/01/19,19/06/20,153.05,170,520.96,1.427287671,0.29289,0.025529085,13.785,12.91,14.66,13.7,15/01/19
15/01/19,19/06/20,153.05,175,520.96,1.427287671,0.28872,0.025529085,12.085,11.41,12.76,11.5,15/01/19
15/01/19,19/06/20,153.05,180,520.96,1.427287671,0.28653,0.025529085,10.645,10.1,11.19,10.55,15/01/19
15/01/19,19/06/20,153.05,185,520.96,1.427287671,0.28728,0.025529085,9.48,9.11,9.85,8.5,15/01/19
15/01/19,19/06/20,153.05,190,520.96,1.427287671,0.28181,0.025529085,8.125,7.54,8.71,8.05,15/01/19
15/01/19,19/06/20,153.05,195,520.96,1.427287671,0.2822,0.025529085,7.255,6.55,7.96,6.8,15/01/19
15/01/19,19/06/20,153.05,200,520.96,1.427287671,0.28048,0.025529085,6.295,5.69,6.9,5.9,15/01/19
15/01/19,19/06/20,153.05,205,520.96,1.427287671,0.27609,0.025529085,5.35,4.84,5.86,4.8,15/01/19
15/01/19,19/06/20,153.05,210,520.96,1.427287671,0.27861,0.025529085,4.85,4.55,5.15,4.38,15/01/19
15/01/19,19/06/20,153.05,215,520.96,1.427287671,0.27478,0.025529085,4.095,3.75,4.44,4.05,15/01/19
15/01/19,19/06/20,153.05,220,520.96,1.427287671,0.27286,0.025529085,3.495,3.15,3.84,3.4,15/01/19
15/01/19,19/06/20,153.05,225,520.96,1.427287671,0.27285,0.025529085,3.095,2.74,3.45,3.1,15/01/19
15/01/19,19/06/20,153.05,230,520.96,1.427287671,0.27285,0.025529085,2.68,2.36,3,2.6,15/01/19
15/01/19,19/06/20,153.05,235,520.96,1.427287671,0.27652,0.025529085,2.495,2.05,2.94,2.23,15/01/19
15/01/19,19/06/20,153.05,240,520.96,1.427287671,0.27263,0.025529085,2.055,1.8,2.31,2.04,15/01/19
15/01/19,19/06/20,153.05,245,520.96,1.427287671,0.27488,0.025529085,1.88,1.42,2.34,2,15/01/19
15/01/19,19/06/20,153.05,250,520.96,1.427287671,0.27495,0.025529085,1.645,1.51,1.78,1.65,15/01/19
15/01/19,19/06/20,153.05,260,520.96,1.427287671,0.2722,0.025529085,1.205,1.04,1.37,1.25,15/01/19
15/01/19,19/06/20,153.05,270,520.96,1.427287671,0.2748,0.025529085,0.97,0.71,1.23,0.96,15/01/19
15/01/19,19/06/20,153.05,280,520.96,1.427287671,0.28871,0.025529085,0.995,0.8,1.19,0.87,15/01/19
15/01/19,19/06/20,153.05,290,520.96,1.427287671,0.29261,0.025529085,0.84,0.66,1.02,0.71,15/01/19
15/01/19,19/06/20,153.05,300,520.96,1.427287671,0.29203,0.025529085,0.66,0.62,0.7,0.62,15/01/19
15/01/19,19/06/20,153.05,310,520.96,1.427287671,0.29684,0.025529085,0.57,0.45,0.69,0.55,15/01/19
15/01/19,19/06/20,153.05,320,520.96,1.427287671,0.294,0.025529085,0.425,0.16,0.69,0.47,15/01/19
15/01/19,19/06/20,153.05,330,520.96,1.427287671,0.30682,0.025529085,0.46,0.41,0.51,0.46,15/01/19
15/01/19,19/06/20,153.05,340,520.96,1.427287671,0.31656,0.025529085,0.455,0.3,0.61,0.45,15/01/19
15/01/19,15/01/21,153.05,75,731,2.002739726,0.00019,0.025299452,78.05,76.3,79.8,76,15/01/19
15/01/19,15/01/21,153.05,80,731,2.002739726,0.41083,0.025299452,74.2,72,76.4,76,15/01/19
15/01/19,15/01/21,153.05,85,731,2.002739726,0.38914,0.025299452,69.745,67.5,71.99,72.05,15/01/19
15/01/19,15/01/21,153.05,90,731,2.002739726,0.3486,0.025299452,64.6,63.09,66.11,64.48,15/01/19
15/01/19,15/01/21,153.05,95,731,2.002739726,0.34103,0.025299452,60.475,58.9,62.05,61.7,15/01/19
15/01/19,15/01/21,153.05,100,731,2.002739726,0.34247,0.025299452,56.78,55.51,58.05,57.08,15/01/19
15/01/19,15/01/21,153.05,105,731,2.002739726,0.3505,0.025299452,53.58,51.15,56.01,51.1,15/01/19
15/01/19,15/01/21,153.05,110,731,2.002739726,0.35661,0.025299452,50.56,48.91,52.21,49.85,15/01/19
15/01/19,15/01/21,153.05,115,731,2.002739726,0.33734,0.025299452,46.255,44,48.51,43.87,15/01/19
15/01/19,15/01/21,153.05,120,731,2.002739726,0.33754,0.025299452,43.2,42,44.4,42.89,15/01/19
15/01/19,15/01/21,153.05,125,731,2.002739726,0.31201,0.025299452,38.53,37.1,39.96,37.65,15/01/19
15/01/19,15/01/21,153.05,130,731,2.002739726,0.31544,0.025299452,35.95,35.05,36.85,36.52,15/01/19
15/01/19,15/01/21,153.05,135,731,2.002739726,0.31311,0.025299452,33.12,31.3,34.94,34.15,15/01/19
15/01/19,15/01/21,153.05,140,731,2.002739726,0.31318,0.025299452,30.625,29.65,31.6,30.5,15/01/19
15/01/19,15/01/21,153.05,145,731,2.002739726,0.3079,0.025299452,27.91,27.31,28.51,28.45,15/01/19
15/01/19,15/01/21,153.05,150,731,2.002739726,0.30765,0.025299452,25.725,25.34,26.11,25.92,15/01/19
15/01/19,15/01/21,153.05,155,731,2.002739726,0.30575,0.025299452,23.52,22.14,24.9,23.6,15/01/19
15/01/19,15/01/21,153.05,160,731,2.002739726,0.30107,0.025299452,21.27,20.54,22,21.6,15/01/19
15/01/19,15/01/21,153.05,165,731,2.002739726,0.29989,0.025299452,19.475,18.5,20.45,19.07,15/01/19
15/01/19,15/01/21,153.05,170,731,2.002739726,0.29828,0.025299452,17.705,16.91,18.5,17.6,15/01/19
15/01/19,15/01/21,153.05,175,731,2.002739726,0.29079,0.025299452,15.595,14.9,16.29,15.65,15/01/19
15/01/19,15/01/21,153.05,180,731,2.002739726,0.28684,0.025299452,13.93,13.65,14.21,14.07,15/01/19
15/01/19,15/01/21,153.05,185,731,2.002739726,0.28561,0.025299452,12.655,12.11,13.2,12.16,15/01/19
15/01/19,15/01/21,153.05,190,731,2.002739726,0.28611,0.025299452,11.55,10.9,12.2,11.82,15/01/19
15/01/19,15/01/21,153.05,195,731,2.002739726,0.28759,0.025299452,10.605,9.8,11.41,10.25,15/01/19
15/01/19,15/01/21,153.05,200,731,2.002739726,0.28241,0.025299452,9.295,9,9.59,9.46,15/01/19
15/01/19,15/01/21,153.05,205,731,2.002739726,0.28206,0.025299452,8.425,7.9,8.95,8.3,15/01/19
15/01/19,15/01/21,153.05,210,731,2.002739726,0.28275,0.025299452,7.68,7,8.36,7.5,15/01/19
15/01/19,15/01/21,153.05,215,731,2.002739726,0.28724,0.025299452,7.275,6.5,8.05,6.5,15/01/19
15/01/19,15/01/21,153.05,220,731,2.002739726,0.27695,0.025299452,5.975,5.6,6.35,6.3,15/01/19
15/01/19,15/01/21,153.05,225,731,2.002739726,0.28175,0.025299452,5.7,5.05,6.35,5.6,15/01/19
15/01/19,15/01/21,153.05,230,731,2.002739726,0.27175,0.025299452,4.63,4,5.26,4.9,15/01/19
15/01/19,15/01/21,153.05,235,731,2.002739726,0.27794,0.025299452,4.5,3.85,5.15,3.95,15/01/19
15/01/19,15/01/21,153.05,240,731,2.002739726,0.27792,0.025299452,4.075,3.45,4.7,4.1,15/01/19
15/01/19,15/01/21,153.05,245,731,2.002739726,0.27813,0.025299452,3.725,3.2,4.25,3.66,15/01/19
15/01/19,15/01/21,153.05,250,731,2.002739726,0.27993,0.025299452,3.45,3.09,3.81,3.15,15/01/19
15/01/19,15/01/21,153.05,255,731,2.002739726,0.2907,0.025299452,3.61,2.61,4.61,3.5,15/01/19
15/01/19,15/01/21,153.05,260,731,2.002739726,0.28388,0.025299452,3.005,2.3,3.71,3,15/01/19
15/01/19,15/01/21,153.05,265,731,2.002739726,0.27839,0.025299452,2.505,2.15,2.86,2.5,15/01/19
15/01/19,15/01/21,153.05,270,731,2.002739726,0.2781,0.025299452,2.27,1.9,2.64,2.32,15/01/19
15/01/19,15/01/21,153.05,280,731,2.002739726,0.28163,0.025299452,1.965,1.56,2.37,2.07,15/01/19
15/01/19,15/01/21,153.05,290,731,2.002739726,0.27805,0.025299452,1.53,1.26,1.8,1.6,15/01/19
15/01/19,15/01/21,153.05,300,731,2.002739726,0.28397,0.025299452,1.41,1.25,1.57,1.35,15/01/19
15/01/19,15/01/21,153.05,310,731,2.002739726,0.28712,0.025299452,1.23,1.04,1.42,1.2,15/01/19
15/01/19,15/01/21,153.05,320,731,2.002739726,0.2872,0.025299452,1.04,0.13,1.95,1.2,15/01/19
15/01/19,15/01/21,153.05,330,731,2.002739726,0.30451,0.025299452,1.205,0.9,1.51,1,15/01/19
15/01/19,15/01/21,153.05,340,731,2.002739726,0.29381,0.025299452,0.83,0.58,1.08,1,15/01/19
15/01/19,15/01/21,153.05,350,731,2.002739726,0.29686,0.025299452,0.74,0.48,1,0.9,15/01/19
15/01/19,15/01/21,153.05,360,731,2.002739726,0.30132,0.025299452,0.7,0.4,1,0.7,15/01/19
15/01/19,15/01/21,153.05,370,731,2.002739726,0.32067,0.025299452,0.885,0.53,1.24,0.68,15/01/19
15/01/19,15/01/21,153.05,380,731,2.002739726,0.30443,0.025299452,0.53,0.52,0.54,0.55,15/01/19
15/01/19,18/06/21,153.05,75,884.96,2.424547945,0.41752,0.02521509,79.005,76.51,81.5,0,15/01/19
15/01/19,18/06/21,153.05,80,884.96,2.424547945,0.39259,0.02521509,74.5,72,77,0,15/01/19
15/01/19,18/06/21,153.05,85,884.96,2.424547945,0.37757,0.02521509,70.25,68,72.5,0,15/01/19
15/01/19,18/06/21,153.05,90,884.96,2.424547945,0.36398,0.02521509,66,63.5,68.5,0,15/01/19
15/01/19,18/06/21,153.05,95,884.96,2.424547945,0.35471,0.02521509,62,59.49,64.51,0,15/01/19
15/01/19,18/06/21,153.05,100,884.96,2.424547945,0.35561,0.02521509,58.515,56.04,60.99,0,15/01/19
15/01/19,18/06/21,153.05,105,884.96,2.424547945,0.34372,0.02521509,54.53,52.06,57,0,15/01/19
15/01/19,18/06/21,153.05,110,884.96,2.424547945,0.33951,0.02521509,51.03,48.55,53.51,50,15/01/19
15/01/19,18/06/21,153.05,115,884.96,2.424547945,0.33637,0.02521509,47.755,45.5,50.01,0,15/01/19
15/01/19,18/06/21,153.05,120,884.96,2.424547945,0.33261,0.02521509,44.5,42.01,46.99,0,15/01/19
15/01/19,18/06/21,153.05,125,884.96,2.424547945,0.3301,0.02521509,41.495,38.99,44,0,15/01/19
15/01/19,18/06/21,153.05,130,884.96,2.424547945,0.32518,0.02521509,38.495,35.99,41,38.99,15/01/19
15/01/19,18/06/21,153.05,135,884.96,2.424547945,0.31986,0.02521509,35.505,33,38.01,0,15/01/19
15/01/19,18/06/21,153.05,140,884.96,2.424547945,0.31856,0.02521509,33.025,30.55,35.5,0,15/01/19
15/01/19,18/06/21,153.05,145,884.96,2.424547945,0.31548,0.02521509,30.525,28.05,33,0,15/01/19
15/01/19,18/06/21,153.05,150,884.96,2.424547945,0.3101,0.02521509,28.025,25.55,30.5,29.2,15/01/19
15/01/19,18/06/21,153.05,155,884.96,2.424547945,0.30994,0.02521509,26.005,23.51,28.5,25.95,15/01/19
15/01/19,18/06/21,153.05,160,884.96,2.424547945,0.3068,0.02521509,23.92,21.49,26.35,0,15/01/19
15/01/19,18/06/21,153.05,165,884.96,2.424547945,0.30491,0.02521509,21.995,19.5,24.49,0,15/01/19
15/01/19,18/06/21,153.05,170,884.96,2.424547945,0.30661,0.02521509,20.605,18.21,23,0,15/01/19
15/01/19,18/06/21,153.05,175,884.96,2.424547945,0.29442,0.02521509,18.03,17.55,18.51,18.5,15/01/19
15/01/19,18/06/21,153.05,180,884.96,2.424547945,0.29338,0.02521509,16.575,14.15,19,17.46,15/01/19
15/01/19,18/06/21,153.05,185,884.96,2.424547945,0.29577,0.02521509,15.47,12.99,17.95,0,15/01/19
15/01/19,18/06/21,153.05,190,884.96,2.424547945,0.29237,0.02521509,14.025,11.55,16.5,0,15/01/19
15/01/19,18/06/21,153.05,195,884.96,2.424547945,0.2903,0.02521509,12.755,10.5,15.01,0,15/01/19
15/01/19,18/06/21,153.05,200,884.96,2.424547945,0.28805,0.02521509,11.575,9.15,14,14,15/01/19
15/01/19,18/06/21,153.05,205,884.96,2.424547945,0.28571,0.02521509,10.525,8.05,13,0,15/01/19
15/01/19,18/06/21,153.05,210,884.96,2.424547945,0.28374,0.02521509,9.55,7.1,12,0,15/01/19
15/01/19,18/06/21,153.05,215,884.96,2.424547945,0.28696,0.02521509,9.025,6.55,11.5,0,15/01/19
15/01/19,18/06/21,153.05,220,884.96,2.424547945,0.28292,0.02521509,8.025,5.55,10.5,0,15/01/19
15/01/19,18/06/21,153.05,225,884.96,2.424547945,0.28506,0.02521509,7.525,5.05,10,7.55,15/01/19
15/01/19,18/06/21,153.05,230,884.96,2.424547945,0.28091,0.02521509,6.65,4.3,9,0,15/01/19
15/01/19,18/06/21,153.05,235,884.96,2.424547945,0.28172,0.02521509,6.155,3.8,8.51,0,15/01/19
15/01/19,18/06/21,153.05,240,884.96,2.424547945,0.28176,0.02521509,5.655,3.31,8,4.84,15/01/19
15/01/19,18/06/21,153.05,245,884.96,2.424547945,0.28151,0.02521509,5.18,2.86,7.5,0,15/01/19
15/01/19,18/06/21,153.05,250,884.96,2.424547945,0.28575,0.02521509,5.005,3.06,6.95,0,15/01/19
15/01/19,18/06/21,153.05,260,884.96,2.424547945,0.28031,0.02521509,3.99,1.93,6.05,0,15/01/19
15/01/19,18/06/21,153.05,270,884.96,2.424547945,0.28098,0.02521509,3.38,1.46,5.3,0,15/01/19
15/01/19,18/06/21,153.05,280,884.96,2.424547945,0.2811,0.02521509,2.875,1.1,4.65,0,15/01/19
15/01/19,18/06/21,153.05,290,884.96,2.424547945,0.28216,0.02521509,2.47,0.89,4.05,0,15/01/19
15/01/19,18/06/21,153.05,300,884.96,2.424547945,0.28433,0.02521509,2.205,0.81,3.6,2.02,15/01/19
16/01/19,18/01/19,154.9,2.5,2,0.005479452,19.22518,0.0241,152.475,152.3,152.65,147.73,16/01/19
16/01/19,18/01/19,154.9,5,2,0.005479452,15.48118,0.0241,149.98,149.8,150.16,149.95,16/01/19
16/01/19,18/01/19,154.9,7.5,2,0.005479452,13.93887,0.0241,147.5,147.3,147.7,147.8,16/01/19
16/01/19,18/01/19,154.9,10,2,0.005479452,12.8524,0.0241,145.025,144.8,145.25,143.05,16/01/19
16/01/19,18/01/19,154.9,12.5,2,0.005479452,11.73279,0.0241,142.52,142.3,142.74,161.45,16/01/19
16/01/19,18/01/19,154.9,15,2,0.005479452,10.83872,0.0241,140.03,139.81,140.25,135.46,16/01/19
16/01/19,18/01/19,154.9,17.5,2,0.005479452,10.09609,0.0241,137.525,137.3,137.75,154.45,16/01/19
16/01/19,18/01/19,154.9,20,2,0.005479452,9.46159,0.0241,135.02,134.8,135.24,151.95,16/01/19
16/01/19,18/01/19,154.9,22.5,2,0.005479452,8.90763,0.0241,132.53,132.31,132.75,159,16/01/19
16/01/19,18/01/19,154.9,25,2,0.005479452,8.42028,0.0241,130.03,129.81,130.25,145.85,16/01/19
16/01/19,18/01/19,154.9,30,2,0.005479452,7.5792,0.0241,125.03,124.81,125.25,142,16/01/19
16/01/19,18/01/19,154.9,35,2,0.005479452,6.87937,0.0241,120.03,119.8,120.26,113.13,16/01/19
16/01/19,18/01/19,154.9,40,2,0.005479452,6.27769,0.0241,115.025,114.8,115.25,104.9,16/01/19
16/01/19,18/01/19,154.9,42.5,2,0.005479452,6.00499,0.0241,112.53,112.3,112.76,106.83,16/01/19
16/01/19,18/01/19,154.9,45,2,0.005479452,5.75064,0.0241,110.025,109.79,110.26,122.02,16/01/19
16/01/19,18/01/19,154.9,47.5,2,0.005479452,5.50938,0.0241,107.515,107.29,107.74,117.9,16/01/19
16/01/19,18/01/19,154.9,50,2,0.005479452,5.28153,0.0241,105.03,104.8,105.26,104.86,16/01/19
16/01/19,18/01/19,154.9,55,2,0.005479452,4.8571,0.0241,100.025,99.8,100.25,95.45,16/01/19
16/01/19,18/01/19,154.9,60,2,0.005479452,4.47301,0.0241,95.03,94.81,95.25,94.77,16/01/19
16/01/19,18/01/19,154.9,65,2,0.005479452,4.11902,0.0241,90.02,89.8,90.24,92.4,16/01/19
16/01/19,18/01/19,154.9,70,2,0.005479452,3.79141,0.0241,85.02,84.79,85.25,84.75,16/01/19
16/01/19,18/01/19,154.9,75,2,0.005479452,3.48575,0.0241,80.02,79.8,80.24,76.45,16/01/19
16/01/19,18/01/19,154.9,80,2,0.005479452,3.20094,0.0241,75.03,74.81,75.25,75.35,16/01/19
16/01/19,18/01/19,154.9,85,2,0.005479452,2.93201,0.0241,70.025,69.8,70.25,69.5,16/01/19
16/01/19,18/01/19,154.9,90,2,0.005479452,2.21843,0.0241,64.93,64.65,65.21,62.35,16/01/19
16/01/19,18/01/19,154.9,95,2,0.005479452,2.43562,0.0241,60.035,59.81,60.26,59.84,16/01/19
16/01/19,18/01/19,154.9,97.5,2,0.005479452,2.31976,0.0241,57.515,57.29,57.74,56,16/01/19
16/01/19,18/01/19,154.9,100,2,0.005479452,2.20575,0.0241,55.02,54.8,55.24,54.74,16/01/19
16/01/19,18/01/19,154.9,105,2,0.005479452,1.98672,0.0241,50.02,49.79,50.25,50.28,16/01/19
16/01/19,18/01/19,154.9,110,2,0.005479452,1.71921,0.0241,45,44.8,45.2,44.93,16/01/19
16/01/19,18/01/19,154.9,111,2,0.005479452,1.6786,0.0241,44.005,43.81,44.2,39.2,16/01/19
16/01/19,18/01/19,154.9,112,2,0.005479452,1.577,0.0241,42.97,42.74,43.2,0,16/01/19
16/01/19,18/01/19,154.9,113,2,0.005479452,1.53716,0.0241,41.965,41.74,42.19,0,16/01/19
16/01/19,18/01/19,154.9,114,2,0.005479452,1.55912,0.0241,40.99,40.79,41.19,38.15,16/01/19
16/01/19,18/01/19,154.9,115,2,0.005479452,1.52012,0.0241,39.995,39.79,40.2,40,16/01/19
16/01/19,18/01/19,154.9,116,2,0.005479452,1.48095,0.0241,39.005,38.71,39.3,0,16/01/19
16/01/19,18/01/19,154.9,117,2,0.005479452,1.44221,0.0241,38.005,37.7,38.31,0,16/01/19
16/01/19,18/01/19,154.9,118,2,0.005479452,1.40507,0.0241,37,36.8,37.2,0,16/01/19
16/01/19,18/01/19,154.9,119,2,0.005479452,1.36661,0.0241,36,35.7,36.3,0,16/01/19
16/01/19,18/01/19,154.9,120,2,0.005479452,1.20909,0.0241,34.955,34.8,35.11,35.2,16/01/19
16/01/19,18/01/19,154.9,121,2,0.005479452,1.29067,0.0241,34,33.7,34.3,0,16/01/19
16/01/19,18/01/19,154.9,122,2,0.005479452,1.25267,0.0241,33.005,32.71,33.3,30.05,16/01/19
16/01/19,18/01/19,154.9,123,2,0.005479452,1.21534,0.0241,32,31.69,32.31,0,16/01/19
16/01/19,18/01/19,154.9,124,2,0.005479452,1.17882,0.0241,31,30.7,31.3,0,16/01/19
16/01/19,18/01/19,154.9,125,2,0.005479452,1.14166,0.0241,30.005,29.85,30.16,29.82,16/01/19
16/01/19,18/01/19,154.9,126,2,0.005479452,1.10515,0.0241,29,28.7,29.3,0,16/01/19
16/01/19,18/01/19,154.9,127,2,0.005479452,1.068,0.0241,28.005,27.71,28.3,0,16/01/19
16/01/19,18/01/19,154.9,128,2,0.005479452,1.03218,0.0241,26.995,26.8,27.19,0,16/01/19
16/01/19,18/01/19,154.9,129,2,0.005479452,0.99444,0.0241,26,25.7,26.3,21.4,16/01/19
16/01/19,18/01/19,154.9,130,2,0.005479452,0.95839,0.0241,25,24.81,25.19,25.2,16/01/19
16/01/19,18/01/19,154.9,131,2,0.005479452,0.92219,0.0241,24.005,23.7,24.31,18.79,16/01/19
16/01/19,18/01/19,154.9,132,2,0.005479452,0.88694,0.0241,23.005,22.71,23.3,22,16/01/19
16/01/19,18/01/19,154.9,133,2,0.005479452,0.85043,0.0241,22,21.8,22.2,22.55,16/01/19
16/01/19,18/01/19,154.9,134,2,0.005479452,0.81462,0.0241,21,20.8,21.2,15.25,16/01/19
16/01/19,18/01/19,154.9,135,2,0.005479452,0.8096,0.0241,20.025,19.85,20.2,20.18,16/01/19
16/01/19,18/01/19,154.9,136,2,0.005479452,0.77221,0.0241,19.02,18.85,19.19,19.6,16/01/19
16/01/19,18/01/19,154.9,137,2,0.005479452,0.70807,0.0241,18,17.8,18.2,18.2,16/01/19
16/01/19,18/01/19,154.9,138,2,0.005479452,0.67262,0.0241,17,16.8,17.2,14.73,16/01/19
16/01/19,18/01/19,154.9,139,2,0.005479452,0.66254,0.0241,16.02,15.85,16.19,11.05,16/01/19
16/01/19,18/01/19,154.9,140,2,0.005479452,0.60219,0.0241,15,14.9,15.1,15,16/01/19
16/01/19,18/01/19,154.9,141,2,0.005479452,0.6102,0.0241,14.05,13.86,14.24,14.85,16/01/19
16/01/19,18/01/19,154.9,142,2,0.005479452,0.57285,0.0241,13.045,12.84,13.25,13.08,16/01/19
16/01/19,18/01/19,154.9,143,2,0.005479452,0.58321,0.0241,12.125,11.99,12.26,12.35,16/01/19
16/01/19,18/01/19,154.9,144,2,0.005479452,0.47951,0.0241,11.025,10.8,11.25,11.07,16/01/19
16/01/19,18/01/19,154.9,145,2,0.005479452,0.51547,0.0241,10.15,10.05,10.25,10.05,16/01/19
16/01/19,18/01/19,154.9,146,2,0.005479452,0.44932,0.0241,9.105,9,9.21,9.35,16/01/19
16/01/19,18/01/19,154.9,147,2,0.005479452,0.40977,0.0241,8.1,7.95,8.25,8.28,16/01/19
16/01/19,18/01/19,154.9,148,2,0.005479452,0.39031,0.0241,7.15,7.05,7.25,7.29,16/01/19
16/01/19,18/01/19,154.9,149,2,0.005479452,0.35657,0.0241,6.18,6.11,6.25,6.26,16/01/19
16/01/19,18/01/19,154.9,150,2,0.005479452,0.32839,0.0241,5.22,5.15,5.29,5.4,16/01/19
16/01/19,18/01/19,154.9,152.5,2,0.005479452,0.28221,0.0241,3.05,3,3.1,3.1,16/01/19
16/01/19,18/01/19,154.9,155,2,0.005479452,0.2523,0.0241,1.37,1.36,1.38,1.36,16/01/19
16/01/19,18/01/19,154.9,157.5,2,0.005479452,0.23307,0.0241,0.405,0.38,0.43,0.44,16/01/19
16/01/19,18/01/19,154.9,160,2,0.005479452,0.2517,0.0241,0.12,0.11,0.13,0.12,16/01/19
16/01/19,18/01/19,154.9,162.5,2,0.005479452,0.27874,0.0241,0.045,0.04,0.05,0.05,16/01/19
16/01/19,18/01/19,154.9,165,2,0.005479452,0.32204,0.0241,0.025,0.02,0.03,0.03,16/01/19
16/01/19,18/01/19,154.9,167.5,2,0.005479452,0.36289,0.0241,0.02,0.01,0.03,0.02,16/01/19
16/01/19,18/01/19,154.9,170,2,0.005479452,0.42082,0.0241,0.015,0.01,0.02,0.01,16/01/19
16/01/19,18/01/19,154.9,172.5,2,0.005479452,0.47753,0.0241,0.015,0.01,0.02,0.01,16/01/19
16/01/19,18/01/19,154.9,175,2,0.005479452,0.47654,0.0241,0.005,0,0.01,0.01,16/01/19
16/01/19,18/01/19,154.9,177.5,2,0.005479452,0.52607,0.0241,0,0,0,0.01,16/01/19
16/01/19,18/01/19,154.9,180,2,0.005479452,0.57491,0.0241,0.005,0,0.01,0.01,16/01/19
16/01/19,18/01/19,154.9,182.5,2,0.005479452,0.62267,0.0241,0.005,0,0.01,0.01,16/01/19
16/01/19,18/01/19,154.9,185,2,0.005479452,0.66815,0.0241,0,0,0,0.01,16/01/19
16/01/19,18/01/19,154.9,190,2,0.005479452,0.75918,0.0241,0.005,0,0.01,0.01,16/01/19
16/01/19,18/01/19,154.9,195,2,0.005479452,0.84561,0.0241,0,0,0,0.01,16/01/19
16/01/19,18/01/19,154.9,200,2,0.005479452,0.92884,0.0241,0.005,0,0.01,0.01,16/01/19
16/01/19,18/01/19,154.9,205,2,0.005479452,1.01048,0.0241,0,0,0,0.01,16/01/19
16/01/19,18/01/19,154.9,210,2,0.005479452,1.08793,0.0241,0.01,0,0.02,0.01,16/01/19
16/01/19,18/01/19,154.9,215,2,0.005479452,1.16463,0.0241,0.005,0,0.01,0.01,16/01/19
16/01/19,18/01/19,154.9,220,2,0.005479452,1.23832,0.0241,0.005,0,0.01,0.01,16/01/19
16/01/19,18/01/19,154.9,225,2,0.005479452,1.30985,0.0241,0.01,0,0.02,0.01,16/01/19
16/01/19,18/01/19,154.9,230,2,0.005479452,1.3787,0.0241,0,0,0,0.01,16/01/19
16/01/19,18/01/19,154.9,235,2,0.005479452,1.44684,0.0241,0.005,0,0.01,0.01,16/01/19
16/01/19,18/01/19,154.9,240,2,0.005479452,1.51261,0.0241,0.005,0,0.01,0.01,16/01/19
16/01/19,18/01/19,154.9,245,2,0.005479452,1.57698,0.0241,0.005,0,0.01,0.01,16/01/19
16/01/19,18/01/19,154.9,250,2,0.005479452,1.64026,0.0241,0.005,0,0.01,0.01,16/01/19
16/01/19,18/01/19,154.9,255,2,0.005479452,1.70138,0.0241,0.01,0,0.02,0.01,16/01/19
16/01/19,18/01/19,154.9,260,2,0.005479452,1.76103,0.0241,0,0,0,0.01,16/01/19
16/01/19,18/01/19,154.9,265,2,0.005479452,1.82016,0.0241,0,0,0,0.01,16/01/19
16/01/19,18/01/19,154.9,270,2,0.005479452,1.87666,0.0241,0.005,0,0.01,0.01,16/01/19
16/01/19,18/01/19,154.9,275,2,0.005479452,1.93351,0.0241,0.005,0,0.01,0.01,16/01/19
16/01/19,18/01/19,154.9,280,2,0.005479452,1.98766,0.0241,0.005,0,0.01,0.01,16/01/19
16/01/19,18/01/19,154.9,285,2,0.005479452,2.04147,0.0241,0.005,0,0.01,0.01,16/01/19
16/01/19,18/01/19,154.9,290,2,0.005479452,2.09396,0.0241,0.005,0,0.01,0.01,16/01/19
16/01/19,18/01/19,154.9,295,2,0.005479452,2.14592,0.0241,0.01,0,0.02,0.01,16/01/19
16/01/19,18/01/19,154.9,300,2,0.005479452,2.19676,0.0241,0.005,0,0.01,0.01,16/01/19
16/01/19,18/01/19,154.9,305,2,0.005479452,2.24538,0.0241,0.005,0,0.01,0.01,16/01/19
16/01/19,18/01/19,154.9,310,2,0.005479452,2.29428,0.0241,0.005,0,0.01,0.02,16/01/19
16/01/19,18/01/19,154.9,315,2,0.005479452,2.34186,0.0241,0.005,0,0.01,0.02,16/01/19
16/01/19,18/01/19,154.9,320,2,0.005479452,2.38928,0.0241,0.005,0,0.01,0.01,16/01/19
16/01/19,18/01/19,154.9,325,2,0.005479452,2.43495,0.0241,0.005,0,0.01,0.01,16/01/19
16/01/19,18/01/19,154.9,330,2,0.005479452,2.48056,0.0241,0.005,0,0.01,0.06,16/01/19
16/01/19,18/01/19,154.9,335,2,0.005479452,2.66196,0.0241,0.005,0,0.01,0.02,16/01/19
16/01/19,18/01/19,154.9,340,2,0.005479452,2.56881,0.0241,0.005,0,0.01,0.01,16/01/19
16/01/19,18/01/19,154.9,345,2,0.005479452,2.61112,0.0241,0.005,0,0.01,0.01,16/01/19
16/01/19,18/01/19,154.9,350,2,0.005479452,2.65435,0.0241,0,0,0,0.01,16/01/19
16/01/19,18/01/19,154.9,355,2,0.005479452,2.83654,0.0241,0.01,0,0.02,0.02,16/01/19
16/01/19,18/01/19,154.9,360,2,0.005479452,3.72889,0.0241,0.16,0,0.32,0.03,16/01/19
16/01/19,18/01/19,154.9,365,2,0.005479452,2.92417,0.0241,0.01,0,0.02,0.02,16/01/19
16/01/19,18/01/19,154.9,370,2,0.005479452,3.8827,0.0241,0.18,0,0.36,0.01,16/01/19
16/01/19,18/01/19,154.9,375,2,0.005479452,3.93122,0.0241,0.18,0,0.36,0.01,16/01/19
16/01/19,25/01/19,154.9,100,9,0.024657534,1.23996,0.0241,55.05,54.8,55.3,54.59,16/01/19
16/01/19,25/01/19,154.9,105,9,0.024657534,1.11637,0.0241,50.05,49.8,50.3,52.37,16/01/19
16/01/19,25/01/19,154.9,110,9,0.024657534,0.90582,0.0241,44.975,44.65,45.3,47.43,16/01/19
16/01/19,25/01/19,154.9,115,9,0.024657534,0.88372,0.0241,40.055,39.8,40.31,34.9,16/01/19
16/01/19,25/01/19,154.9,120,9,0.024657534,0.77306,0.0241,35.045,34.69,35.4,28.3,16/01/19
16/01/19,25/01/19,154.9,125,9,0.024657534,0.69929,0.0241,30.1,29.85,30.35,25.6,16/01/19
16/01/19,25/01/19,154.9,130,9,0.024657534,0.59004,0.0241,25.105,24.85,25.36,25.2,16/01/19
16/01/19,25/01/19,154.9,132,9,0.024657534,0.51878,0.0241,23.055,22.75,23.36,23.05,16/01/19
16/01/19,25/01/19,154.9,133,9,0.024657534,0.49907,0.0241,22.05,21.75,22.35,17.27,16/01/19
16/01/19,25/01/19,154.9,134,9,0.024657534,0.50349,0.0241,21.105,20.85,21.36,17.6,16/01/19
16/01/19,25/01/19,154.9,135,9,0.024657534,0.47036,0.0241,20.07,19.94,20.2,20.18,16/01/19
16/01/19,25/01/19,154.9,136,9,0.024657534,0.43669,0.0241,19.05,18.76,19.34,0,16/01/19
16/01/19,25/01/19,154.9,137,9,0.024657534,0.46971,0.0241,18.17,17.94,18.4,14.5,16/01/19
16/01/19,25/01/19,154.9,138,9,0.024657534,0.41817,0.0241,17.1,16.8,17.4,12.15,16/01/19
16/01/19,25/01/19,154.9,139,9,0.024657534,0.41582,0.0241,16.15,15.89,16.41,11.2,16/01/19
16/01/19,25/01/19,154.9,140,9,0.024657534,0.39396,0.0241,15.155,15.01,15.3,15.24,16/01/19
16/01/19,25/01/19,154.9,141,9,0.024657534,0.39498,0.0241,14.22,13.99,14.45,13.8,16/01/19
16/01/19,25/01/19,154.9,142,9,0.024657534,0.37174,0.0241,13.225,13.1,13.35,13.19,16/01/19
16/01/19,25/01/19,154.9,143,9,0.024657534,0.34813,0.0241,12.225,12.15,12.3,12.4,16/01/19
16/01/19,25/01/19,154.9,144,9,0.024657534,0.34361,0.0241,11.3,11.2,11.4,11.4,16/01/19
16/01/19,25/01/19,154.9,145,9,0.024657534,0.32503,0.0241,10.32,10.25,10.39,10.4,16/01/19
16/01/19,25/01/19,154.9,146,9,0.024657534,0.31439,0.0241,9.4,9.3,9.5,9.15,16/01/19
16/01/19,25/01/19,154.9,147,9,0.024657534,0.28478,0.0241,8.375,8.3,8.45,8.42,16/01/19
16/01/19,25/01/19,154.9,148,9,0.024657534,0.29117,0.0241,7.575,7.5,7.65,7.35,16/01/19
16/01/19,25/01/19,154.9,149,9,0.024657534,0.26646,0.0241,6.6,6.55,6.65,6.68,16/01/19
16/01/19,25/01/19,154.9,150,9,0.024657534,0.27437,0.0241,5.87,5.8,5.94,6,16/01/19
16/01/19,25/01/19,154.9,152.5,9,0.024657534,0.2461,0.0241,3.875,3.8,3.95,4,16/01/19
16/01/19,25/01/19,154.9,155,9,0.024657534,0.24208,0.0241,2.42,2.4,2.44,2.45,16/01/19
16/01/19,25/01/19,154.9,157.5,9,0.024657534,0.2334,0.0241,1.335,1.33,1.34,1.32,16/01/19
16/01/19,25/01/19,154.9,160,9,0.024657534,0.22796,0.0241,0.645,0.63,0.66,0.66,16/01/19
16/01/19,25/01/19,154.9,162.5,9,0.024657534,0.23062,0.0241,0.305,0.29,0.32,0.3,16/01/19
16/01/19,25/01/19,154.9,165,9,0.024657534,0.23791,0.0241,0.15,0.15,0.15,0.14,16/01/19
16/01/19,25/01/19,154.9,167.5,9,0.024657534,0.25251,0.0241,0.085,0.07,0.1,0.07,16/01/19
16/01/19,25/01/19,154.9,170,9,0.024657534,0.26691,0.0241,0.045,0.04,0.05,0.05,16/01/19
16/01/19,25/01/19,154.9,172.5,9,0.024657534,0.27956,0.0241,0.025,0.02,0.03,0.04,16/01/19
16/01/19,25/01/19,154.9,175,9,0.024657534,0.31117,0.0241,0.03,0.02,0.04,0.01,16/01/19
16/01/19,25/01/19,154.9,177.5,9,0.024657534,0.3222,0.0241,0.015,0.01,0.02,0.02,16/01/19
16/01/19,25/01/19,154.9,180,9,0.024657534,0.35092,0.0241,0.01,0.01,0.01,0.01,16/01/19
16/01/19,25/01/19,154.9,182.5,9,0.024657534,0.36487,0.0241,0.01,0,0.02,0.02,16/01/19
16/01/19,25/01/19,154.9,185,9,0.024657534,0.39088,0.0241,0.015,0,0.03,0.02,16/01/19
16/01/19,25/01/19,154.9,187.5,9,0.024657534,0.39139,0.0241,0.005,0,0.01,0.02,16/01/19
16/01/19,25/01/19,154.9,190,9,0.024657534,0.41508,0.0241,0.005,0,0.01,0.01,16/01/19
16/01/19,25/01/19,154.9,192.5,9,0.024657534,0.43963,0.0241,0.01,0,0.02,0.01,16/01/19
16/01/19,25/01/19,154.9,195,9,0.024657534,0.46294,0.0241,0.005,0,0.01,0.01,16/01/19
16/01/19,25/01/19,154.9,197.5,9,0.024657534,0.48663,0.0241,0,0,0,0.01,16/01/19
16/01/19,25/01/19,154.9,200,9,0.024657534,0.50912,0.0241,0.005,0,0.01,0.01,16/01/19
16/01/19,25/01/19,154.9,202.5,9,0.024657534,0.56596,0.0241,0.01,0,0.02,0.01,16/01/19
16/01/19,25/01/19,154.9,205,9,0.024657534,0.58871,0.0241,0.01,0,0.02,0.01,16/01/19
16/01/19,25/01/19,154.9,207.5,9,0.024657534,0.61052,0.0241,0.005,0,0.01,0.02,16/01/19
16/01/19,25/01/19,154.9,210,9,0.024657534,0.59624,0.0241,0.005,0,0.01,0.02,16/01/19
16/01/19,25/01/19,154.9,212.5,9,0.024657534,0.65662,0.0241,0.01,0,0.02,0.16,16/01/19
16/01/19,25/01/19,154.9,215,9,0.024657534,0.67659,0.0241,0.01,0,0.02,0.2,16/01/19
16/01/19,25/01/19,154.9,220,9,0.024657534,0.72211,0.0241,0.015,0,0.03,0.01,16/01/19
16/01/19,25/01/19,154.9,225,9,0.024657534,0.76132,0.0241,0.015,0,0.03,0.03,16/01/19
16/01/19,01/02/19,154.9,100,16,0.043835616,0.9724,0.0241,55.075,54.75,55.4,57,16/01/19
16/01/19,01/02/19,154.9,105,16,0.043835616,1.16119,0.0241,50.725,49.64,51.81,42.15,16/01/19
16/01/19,01/02/19,154.9,110,16,0.043835616,0.81556,0.0241,45.125,44.75,45.5,37.25,16/01/19
16/01/19,01/02/19,154.9,115,16,0.043835616,0.72358,0.0241,40.12,39.79,40.45,41.4,16/01/19
16/01/19,01/02/19,154.9,120,16,0.043835616,0.73779,0.0241,35.395,34.75,36.04,34.36,16/01/19
16/01/19,01/02/19,154.9,125,16,0.043835616,0.58594,0.0241,30.225,29.9,30.55,29.55,16/01/19
16/01/19,01/02/19,154.9,130,16,0.043835616,0.52521,0.0241,25.32,25,25.64,25.56,16/01/19
16/01/19,01/02/19,154.9,132,16,0.043835616,0.47513,0.0241,23.275,22.9,23.65,0,16/01/19
16/01/19,01/02/19,154.9,133,16,0.043835616,0.48881,0.0241,22.405,22.05,22.76,0,16/01/19
16/01/19,01/02/19,154.9,134,16,0.043835616,0.47507,0.0241,21.425,21.1,21.75,19.59,16/01/19
16/01/19,01/02/19,154.9,135,16,0.043835616,0.46634,0.0241,20.475,20.16,20.79,20.7,16/01/19
16/01/19,01/02/19,154.9,136,16,0.043835616,0.4567,0.0241,19.52,19.34,19.7,14.7,16/01/19
16/01/19,01/02/19,154.9,137,16,0.043835616,0.45169,0.0241,18.605,18.45,18.76,12.55,16/01/19
16/01/19,01/02/19,154.9,138,16,0.043835616,0.44004,0.0241,17.655,17.51,17.8,13,16/01/19
16/01/19,01/02/19,154.9,139,16,0.043835616,0.43189,0.0241,16.735,16.56,16.91,16.5,16/01/19
16/01/19,01/02/19,154.9,140,16,0.043835616,0.42217,0.0241,15.8,15.65,15.95,15.64,16/01/19
16/01/19,01/02/19,154.9,141,16,0.043835616,0.41465,0.0241,14.905,14.76,15.05,13.01,16/01/19
16/01/19,01/02/19,154.9,142,16,0.043835616,0.4004,0.0241,13.945,13.8,14.09,13.86,16/01/19
16/01/19,01/02/19,154.9,143,16,0.043835616,0.39621,0.0241,13.105,12.95,13.26,12.85,16/01/19
16/01/19,01/02/19,154.9,144,16,0.043835616,0.39371,0.0241,12.275,12.15,12.4,11.95,16/01/19
16/01/19,01/02/19,154.9,145,16,0.043835616,0.38714,0.0241,11.43,11.31,11.55,11.71,16/01/19
16/01/19,01/02/19,154.9,146,16,0.043835616,0.38242,0.0241,10.625,10.55,10.7,10.58,16/01/19
16/01/19,01/02/19,154.9,147,16,0.043835616,0.37886,0.0241,9.86,9.76,9.96,9.55,16/01/19
16/01/19,01/02/19,154.9,148,16,0.043835616,0.37158,0.0241,9.045,8.94,9.15,9.06,16/01/19
16/01/19,01/02/19,154.9,149,16,0.043835616,0.37013,0.0241,8.35,8.25,8.45,8.4,16/01/19
16/01/19,01/02/19,154.9,150,16,0.043835616,0.36624,0.0241,7.645,7.55,7.74,7.77,16/01/19
16/01/19,01/02/19,154.9,152.5,16,0.043835616,0.35532,0.0241,6,5.9,6.1,6.05,16/01/19
16/01/19,01/02/19,154.9,155,16,0.043835616,0.34499,0.0241,4.55,4.5,4.6,4.62,16/01/19
16/01/19,01/02/19,154.9,157.5,16,0.043835616,0.33479,0.0241,3.33,3.26,3.4,3.35,16/01/19
16/01/19,01/02/19,154.9,160,16,0.043835616,0.32934,0.0241,2.36,2.33,2.39,2.36,16/01/19
16/01/19,01/02/19,154.9,162.5,16,0.043835616,0.32091,0.0241,1.6,1.58,1.62,1.61,16/01/19
16/01/19,01/02/19,154.9,165,16,0.043835616,0.31563,0.0241,1.04,1.02,1.06,1.09,16/01/19
16/01/19,01/02/19,154.9,167.5,16,0.043835616,0.31366,0.0241,0.67,0.66,0.68,0.7,16/01/19
16/01/19,01/02/19,154.9,170,16,0.043835616,0.31511,0.0241,0.435,0.42,0.45,0.45,16/01/19
16/01/19,01/02/19,154.9,172.5,16,0.043835616,0.31988,0.0241,0.29,0.28,0.3,0.29,16/01/19
16/01/19,01/02/19,154.9,175,16,0.043835616,0.32971,0.0241,0.21,0.2,0.22,0.21,16/01/19
16/01/19,01/02/19,154.9,177.5,16,0.043835616,0.33773,0.0241,0.145,0.13,0.16,0.15,16/01/19
16/01/19,01/02/19,154.9,180,16,0.043835616,0.35015,0.0241,0.11,0.1,0.12,0.1,16/01/19
16/01/19,01/02/19,154.9,182.5,16,0.043835616,0.35908,0.0241,0.08,0.07,0.09,0.1,16/01/19
16/01/19,01/02/19,154.9,185,16,0.043835616,0.37662,0.0241,0.07,0.06,0.08,0.06,16/01/19
16/01/19,01/02/19,154.9,187.5,16,0.043835616,0.38796,0.0241,0.06,0.06,0.06,0.06,16/01/19
16/01/19,01/02/19,154.9,190,16,0.043835616,0.39486,0.0241,0.04,0.03,0.05,0.05,16/01/19
16/01/19,01/02/19,154.9,192.5,16,0.043835616,0.41008,0.0241,0.04,0.02,0.06,0.05,16/01/19
16/01/19,01/02/19,154.9,195,16,0.043835616,0.43112,0.0241,0.035,0.02,0.05,0.08,16/01/19
16/01/19,01/02/19,154.9,197.5,16,0.043835616,0.43589,0.0241,0.025,0.01,0.04,0.08,16/01/19
16/01/19,01/02/19,154.9,200,16,0.043835616,0.43146,0.0241,0.015,0,0.03,0.04,16/01/19
16/01/19,01/02/19,154.9,202.5,16,0.043835616,0.46361,0.0241,0.025,0,0.05,0.02,16/01/19
16/01/19,01/02/19,154.9,205,16,0.043835616,0.46891,0.0241,0.015,0,0.03,0.02,16/01/19
16/01/19,01/02/19,154.9,207.5,16,0.043835616,0.48606,0.0241,0.015,0,0.03,0.03,16/01/19
16/01/19,08/02/19,154.9,100,23,0.063013699,1.16235,0.0241,55.2,54.85,55.55,0,16/01/19
16/01/19,08/02/19,154.9,105,23,0.063013699,1.01948,0.0241,50.2,49.85,50.55,48.95,16/01/19
16/01/19,08/02/19,154.9,110,23,0.063013699,0.90165,0.0241,45.255,44.91,45.6,45.4,16/01/19
16/01/19,08/02/19,154.9,115,23,0.063013699,0.78341,0.0241,40.25,39.85,40.65,0,16/01/19
16/01/19,08/02/19,154.9,120,23,0.063013699,0.68053,0.0241,35.275,34.9,35.65,32.67,16/01/19
16/01/19,08/02/19,154.9,125,23,0.063013699,0.59654,0.0241,30.36,30.01,30.71,33.14,16/01/19
16/01/19,08/02/19,154.9,130,23,0.063013699,0.52474,0.0241,25.475,25.1,25.85,26.05,16/01/19
16/01/19,08/02/19,154.9,132,23,0.063013699,0.49223,0.0241,23.495,23.09,23.9,18.7,16/01/19
16/01/19,08/02/19,154.9,133,23,0.063013699,0.48524,0.0241,22.575,22.3,22.85,17.65,16/01/19
16/01/19,08/02/19,154.9,134,23,0.063013699,0.47751,0.0241,21.645,21.49,21.8,0,16/01/19
16/01/19,08/02/19,154.9,135,23,0.063013699,0.46991,0.0241,20.725,20.55,20.9,17.7,16/01/19
16/01/19,08/02/19,154.9,136,23,0.063013699,0.45465,0.0241,19.75,19.6,19.9,19.3,16/01/19
16/01/19,08/02/19,154.9,137,23,0.063013699,0.44504,0.0241,18.82,18.65,18.99,16.8,16/01/19
16/01/19,08/02/19,154.9,138,23,0.063013699,0.43492,0.0241,17.9,17.75,18.05,13.95,16/01/19
16/01/19,08/02/19,154.9,139,23,0.063013699,0.42463,0.0241,16.975,16.85,17.1,14.32,16/01/19
16/01/19,08/02/19,154.9,140,23,0.063013699,0.41592,0.0241,16.08,15.95,16.21,15.85,16/01/19
16/01/19,08/02/19,154.9,141,23,0.063013699,0.40899,0.0241,15.195,15.1,15.29,11.05,16/01/19
16/01/19,08/02/19,154.9,142,23,0.063013699,0.40081,0.0241,14.325,14.2,14.45,14.24,16/01/19
16/01/19,08/02/19,154.9,143,23,0.063013699,0.39495,0.0241,13.48,13.35,13.61,10.3,16/01/19
16/01/19,08/02/19,154.9,144,23,0.063013699,0.38472,0.0241,12.605,12.45,12.76,12.86,16/01/19
16/01/19,08/02/19,154.9,145,23,0.063013699,0.38355,0.0241,11.85,11.7,12,11.83,16/01/19
16/01/19,08/02/19,154.9,146,23,0.063013699,0.37596,0.0241,11.03,10.9,11.16,10.73,16/01/19
16/01/19,08/02/19,154.9,147,23,0.063013699,0.37,0.0241,10.25,10.15,10.35,10.05,16/01/19
16/01/19,08/02/19,154.9,148,23,0.063013699,0.36445,0.0241,9.495,9.4,9.59,9.32,16/01/19
16/01/19,08/02/19,154.9,149,23,0.063013699,0.35933,0.0241,8.77,8.65,8.89,9,16/01/19
16/01/19,08/02/19,154.9,150,23,0.063013699,0.35614,0.0241,8.095,8,8.19,8.1,16/01/19
16/01/19,08/02/19,154.9,152.5,23,0.063013699,0.34225,0.0241,6.46,6.36,6.56,6.6,16/01/19
16/01/19,08/02/19,154.9,155,23,0.063013699,0.33224,0.0241,5.03,4.96,5.1,5,16/01/19
16/01/19,08/02/19,154.9,157.5,23,0.063013699,0.32346,0.0241,3.8,3.75,3.85,3.75,16/01/19
16/01/19,08/02/19,154.9,160,23,0.063013699,0.31414,0.0241,2.765,2.73,2.8,2.82,16/01/19
16/01/19,08/02/19,154.9,162.5,23,0.063013699,0.30682,0.0241,1.965,1.93,2,1.98,16/01/19
16/01/19,08/02/19,154.9,165,23,0.063013699,0.30157,0.0241,1.35,1.33,1.37,1.39,16/01/19
16/01/19,08/02/19,154.9,167.5,23,0.063013699,0.29739,0.0241,0.92,0.89,0.95,0.95,16/01/19
16/01/19,08/02/19,154.9,170,23,0.063013699,0.29677,0.0241,0.61,0.6,0.62,0.6,16/01/19
16/01/19,08/02/19,154.9,172.5,23,0.063013699,0.30067,0.0241,0.425,0.41,0.44,0.42,16/01/19
16/01/19,08/02/19,154.9,175,23,0.063013699,0.3045,0.0241,0.305,0.28,0.33,0.3,16/01/19
16/01/19,08/02/19,154.9,177.5,23,0.063013699,0.31524,0.0241,0.235,0.22,0.25,0.24,16/01/19
16/01/19,08/02/19,154.9,180,23,0.063013699,0.32286,0.0241,0.18,0.17,0.19,0.17,16/01/19
16/01/19,08/02/19,154.9,182.5,23,0.063013699,0.33382,0.0241,0.145,0.13,0.16,0.12,16/01/19
16/01/19,08/02/19,154.9,185,23,0.063013699,0.34491,0.0241,0.115,0.1,0.13,0.11,16/01/19
16/01/19,08/02/19,154.9,187.5,23,0.063013699,0.35852,0.0241,0.105,0.08,0.13,0.1,16/01/19
16/01/19,08/02/19,154.9,190,23,0.063013699,0.37363,0.0241,0.085,0.07,0.1,0.08,16/01/19
16/01/19,08/02/19,154.9,192.5,23,0.063013699,0.38772,0.0241,0.085,0.07,0.1,0.07,16/01/19
16/01/19,08/02/19,154.9,195,23,0.063013699,0.40335,0.0241,0.085,0.06,0.11,0.09,16/01/19
16/01/19,08/02/19,154.9,200,23,0.063013699,0.42746,0.0241,0.065,0.05,0.08,0.05,16/01/19
16/01/19,15/02/19,154.9,50,30,0.082191781,3.67519,0.0241,105.105,104.96,105.25,107.9,16/01/19
16/01/19,15/02/19,154.9,55,30,0.082191781,3.18908,0.0241,100.1,99.95,100.25,101.75,16/01/19
16/01/19,15/02/19,154.9,60,30,0.082191781,2.7741,0.0241,95.05,94.9,95.2,0,16/01/19
16/01/19,15/02/19,154.9,65,30,0.082191781,2.43727,0.0241,90.085,89.96,90.21,86.9,16/01/19
16/01/19,15/02/19,154.9,70,30,0.082191781,2.15957,0.0241,85.145,85,85.29,81.7,16/01/19
16/01/19,15/02/19,154.9,75,30,0.082191781,1.90045,0.0241,80.125,80,80.25,92.6,16/01/19
16/01/19,15/02/19,154.9,80,30,0.082191781,1.67871,0.0241,75.125,75,75.25,71.76,16/01/19
16/01/19,15/02/19,154.9,85,30,0.082191781,1.49315,0.0241,70.175,70.05,70.3,68.25,16/01/19
16/01/19,15/02/19,154.9,90,30,0.082191781,1.30983,0.0241,65.13,65.01,65.25,61.82,16/01/19
16/01/19,15/02/19,154.9,95,30,0.082191781,1.16442,0.0241,60.18,60.06,60.3,58.66,16/01/19
16/01/19,15/02/19,154.9,100,30,0.082191781,1.0106,0.0241,55.1,54.94,55.26,55.1,16/01/19
16/01/19,15/02/19,154.9,105,30,0.082191781,0.90905,0.0241,50.22,50.09,50.35,41.05,16/01/19
16/01/19,15/02/19,154.9,110,30,0.082191781,0.79525,0.0241,45.22,45.09,45.35,40.09,16/01/19
16/01/19,15/02/19,154.9,115,30,0.082191781,0.70124,0.0241,40.27,40.15,40.39,40.75,16/01/19
16/01/19,15/02/19,154.9,120,30,0.082191781,0.62467,0.0241,35.375,35.25,35.5,35.3,16/01/19
16/01/19,15/02/19,154.9,125,30,0.082191781,0.54453,0.0241,30.425,30.3,30.55,30.66,16/01/19
16/01/19,15/02/19,154.9,130,30,0.082191781,0.46594,0.0241,25.445,25.35,25.54,25.55,16/01/19
16/01/19,15/02/19,154.9,135,30,0.082191781,0.42369,0.0241,20.745,20.64,20.85,20.75,16/01/19
16/01/19,15/02/19,154.9,140,30,0.082191781,0.38837,0.0241,16.25,16.15,16.35,16.4,16/01/19
16/01/19,15/02/19,154.9,145,30,0.082191781,0.35737,0.0241,12.05,11.95,12.15,11.99,16/01/19
16/01/19,15/02/19,154.9,150,30,0.082191781,0.33498,0.0241,8.395,8.34,8.45,8.5,16/01/19
16/01/19,15/02/19,154.9,155,30,0.082191781,0.31125,0.0241,5.295,5.25,5.34,5.35,16/01/19
16/01/19,15/02/19,154.9,160,30,0.082191781,0.298,0.0241,3.095,3.04,3.15,3.1,16/01/19
16/01/19,15/02/19,154.9,165,30,0.082191781,0.28673,0.0241,1.62,1.61,1.63,1.6,16/01/19
16/01/19,15/02/19,154.9,170,30,0.082191781,0.27985,0.0241,0.77,0.75,0.79,0.78,16/01/19
16/01/19,15/02/19,154.9,175,30,0.082191781,0.28349,0.0241,0.375,0.36,0.39,0.38,16/01/19
16/01/19,15/02/19,154.9,180,30,0.082191781,0.29376,0.0241,0.2,0.19,0.21,0.2,16/01/19
16/01/19,15/02/19,154.9,185,30,0.082191781,0.31247,0.0241,0.135,0.13,0.14,0.13,16/01/19
16/01/19,15/02/19,154.9,190,30,0.082191781,0.33705,0.0241,0.105,0.1,0.11,0.11,16/01/19
16/01/19,15/02/19,154.9,195,30,0.082191781,0.35537,0.0241,0.075,0.07,0.08,0.08,16/01/19
16/01/19,15/02/19,154.9,200,30,0.082191781,0.38093,0.0241,0.065,0.05,0.08,0.06,16/01/19
16/01/19,15/02/19,154.9,205,30,0.082191781,0.40403,0.0241,0.06,0.06,0.06,0.06,16/01/19
16/01/19,15/02/19,154.9,210,30,0.082191781,0.42316,0.0241,0.05,0.05,0.05,0.05,16/01/19
16/01/19,15/02/19,154.9,215,30,0.082191781,0.43902,0.0241,0.035,0.03,0.04,0.04,16/01/19
16/01/19,15/02/19,154.9,220,30,0.082191781,0.44954,0.0241,0.03,0.02,0.04,0.03,16/01/19
16/01/19,15/02/19,154.9,225,30,0.082191781,0.45146,0.0241,0.015,0.01,0.02,0.02,16/01/19
16/01/19,15/02/19,154.9,230,30,0.082191781,0.4745,0.0241,0.015,0.01,0.02,0.02,16/01/19
16/01/19,15/02/19,154.9,235,30,0.082191781,0.49816,0.0241,0.005,0,0.01,0.01,16/01/19
16/01/19,15/02/19,154.9,240,30,0.082191781,0.50196,0.0241,0.01,0,0.02,0.02,16/01/19
16/01/19,15/02/19,154.9,245,30,0.082191781,0.52394,0.0241,0.01,0,0.02,0.01,16/01/19
16/01/19,15/02/19,154.9,250,30,0.082191781,0.51328,0.0241,0.005,0,0.01,0.01,16/01/19
16/01/19,15/02/19,154.9,255,30,0.082191781,0.53252,0.0241,0.005,0,0.01,0.02,16/01/19
16/01/19,15/02/19,154.9,260,30,0.082191781,0.55155,0.0241,0.005,0,0.01,0.01,16/01/19
16/01/19,15/02/19,154.9,265,30,0.082191781,0.60204,0.0241,0.015,0,0.03,0.01,16/01/19
16/01/19,15/02/19,154.9,270,30,0.082191781,0.58746,0.0241,0.01,0,0.02,0.03,16/01/19
16/01/19,15/02/19,154.9,275,30,0.082191781,0.6047,0.0241,0.005,0,0.01,0.01,16/01/19
16/01/19,15/02/19,154.9,280,30,0.082191781,0.62123,0.0241,0.005,0,0.01,0.01,16/01/19
16/01/19,15/02/19,154.9,285,30,0.082191781,0.63863,0.0241,0,0,0,0.04,16/01/19
16/01/19,15/02/19,154.9,290,30,0.082191781,0.65451,0.0241,0,0,0,0.01,16/01/19
16/01/19,15/02/19,154.9,295,30,0.082191781,0.67128,0.0241,0.005,0,0.01,0.01,16/01/19
16/01/19,15/02/19,154.9,300,30,0.082191781,0.6865,0.0241,0.01,0,0.02,0.01,16/01/19
16/01/19,15/02/19,154.9,310,30,0.082191781,0.71709,0.0241,0.005,0,0.01,0.01,16/01/19
16/01/19,15/02/19,154.9,320,30,0.082191781,0.74663,0.0241,0.005,0,0.01,0.02,16/01/19
16/01/19,22/02/19,154.9,90,37,0.101369863,1.18929,0.024078356,65.155,64.8,65.51,0,16/01/19
16/01/19,22/02/19,154.9,95,37,0.101369863,1.05772,0.024078356,60.2,59.8,60.6,0,16/01/19
16/01/19,22/02/19,154.9,100,37,0.101369863,0.93262,0.024078356,55.2,54.85,55.55,0,16/01/19
16/01/19,22/02/19,154.9,105,37,0.101369863,0.81926,0.024078356,50.195,49.84,50.55,0,16/01/19
16/01/19,22/02/19,154.9,110,37,0.101369863,0.7248,0.024078356,45.24,44.89,45.59,35.76,16/01/19
16/01/19,22/02/19,154.9,115,37,0.101369863,0.64001,0.024078356,40.305,39.95,40.66,41,16/01/19
16/01/19,22/02/19,154.9,120,37,0.101369863,0.55048,0.024078356,35.27,34.89,35.65,27.63,16/01/19
16/01/19,22/02/19,154.9,125,37,0.101369863,0.48731,0.024078356,30.375,30,30.75,23.8,16/01/19
16/01/19,22/02/19,154.9,130,37,0.101369863,0.44506,0.024078356,25.62,25.4,25.84,24.09,16/01/19
16/01/19,22/02/19,154.9,132,37,0.101369863,0.4244,0.024078356,23.705,23.55,23.86,0,16/01/19
16/01/19,22/02/19,154.9,133,37,0.101369863,0.41142,0.024078356,22.725,22.55,22.9,0,16/01/19
16/01/19,22/02/19,154.9,134,37,0.101369863,0.40685,0.024078356,21.825,21.65,22,17.05,16/01/19
16/01/19,22/02/19,154.9,135,37,0.101369863,0.38709,0.024078356,20.775,20.6,20.95,20.25,16/01/19
16/01/19,22/02/19,154.9,136,37,0.101369863,0.39157,0.024078356,19.975,19.8,20.15,17.71,16/01/19
16/01/19,22/02/19,154.9,137,37,0.101369863,0.38097,0.024078356,19.025,18.9,19.15,0,16/01/19
16/01/19,22/02/19,154.9,138,37,0.101369863,0.37428,0.024078356,18.125,18,18.25,0,16/01/19
16/01/19,22/02/19,154.9,139,37,0.101369863,0.36623,0.024078356,17.225,17.09,17.36,0,16/01/19
16/01/19,22/02/19,154.9,140,37,0.101369863,0.36239,0.024078356,16.365,16.24,16.49,15.09,16/01/19
16/01/19,22/02/19,154.9,141,37,0.101369863,0.3571,0.024078356,15.52,15.4,15.64,9.85,16/01/19
16/01/19,22/02/19,154.9,142,37,0.101369863,0.3528,0.024078356,14.7,14.6,14.8,11.85,16/01/19
16/01/19,22/02/19,154.9,143,37,0.101369863,0.34602,0.024078356,13.85,13.75,13.95,12.2,16/01/19
16/01/19,22/02/19,154.9,144,37,0.101369863,0.33971,0.024078356,13.025,12.9,13.15,13.15,16/01/19
16/01/19,22/02/19,154.9,145,37,0.101369863,0.33667,0.024078356,12.25,12.15,12.35,12.57,16/01/19
16/01/19,22/02/19,154.9,146,37,0.101369863,0.33299,0.024078356,11.505,11.41,11.6,8.32,16/01/19
16/01/19,22/02/19,154.9,147,37,0.101369863,0.32915,0.024078356,10.75,10.65,10.85,10.35,16/01/19
16/01/19,22/02/19,154.9,148,37,0.101369863,0.32337,0.024078356,10,9.9,10.1,8.6,16/01/19
16/01/19,22/02/19,154.9,149,37,0.101369863,0.31895,0.024078356,9.3,9.2,9.4,9.3,16/01/19
16/01/19,22/02/19,154.9,150,37,0.101369863,0.31809,0.024078356,8.675,8.6,8.75,8.48,16/01/19
16/01/19,22/02/19,154.9,152.5,37,0.101369863,0.31086,0.024078356,7.125,7.05,7.2,7.25,16/01/19
16/01/19,22/02/19,154.9,155,37,0.101369863,0.30094,0.024078356,5.67,5.59,5.75,5.8,16/01/19
16/01/19,22/02/19,154.9,157.5,37,0.101369863,0.29426,0.024078356,4.475,4.4,4.55,4.4,16/01/19
16/01/19,22/02/19,154.9,160,37,0.101369863,0.28595,0.024078356,3.405,3.35,3.46,3.5,16/01/19
16/01/19,22/02/19,154.9,162.5,37,0.101369863,0.28246,0.024078356,2.57,2.52,2.62,2.6,16/01/19
16/01/19,22/02/19,154.9,165,37,0.101369863,0.27696,0.024078356,1.875,1.84,1.91,1.88,16/01/19
16/01/19,22/02/19,154.9,167.5,37,0.101369863,0.27375,0.024078356,1.355,1.33,1.38,1.31,16/01/19
16/01/19,22/02/19,154.9,170,37,0.101369863,0.27268,0.024078356,0.975,0.95,1,0.99,16/01/19
16/01/19,22/02/19,154.9,172.5,37,0.101369863,0.27194,0.024078356,0.7,0.68,0.72,0.71,16/01/19
16/01/19,22/02/19,154.9,175,37,0.101369863,0.27216,0.024078356,0.49,0.47,0.51,0.54,16/01/19
16/01/19,22/02/19,154.9,177.5,37,0.101369863,0.27562,0.024078356,0.36,0.33,0.39,0.4,16/01/19
16/01/19,22/02/19,154.9,180,37,0.101369863,0.27963,0.024078356,0.26,0.24,0.28,0.25,16/01/19
16/01/19,22/02/19,154.9,182.5,37,0.101369863,0.28699,0.024078356,0.205,0.19,0.22,0.19,16/01/19
16/01/19,22/02/19,154.9,185,37,0.101369863,0.29386,0.024078356,0.175,0.15,0.2,0.18,16/01/19
16/01/19,22/02/19,154.9,187.5,37,0.101369863,0.30477,0.024078356,0.155,0.12,0.19,0.15,16/01/19
16/01/19,22/02/19,154.9,190,37,0.101369863,0.31295,0.024078356,0.125,0.1,0.15,0.12,16/01/19
16/01/19,22/02/19,154.9,192.5,37,0.101369863,0.32541,0.024078356,0.115,0.08,0.15,0.16,16/01/19
16/01/19,22/02/19,154.9,195,37,0.101369863,0.33395,0.024078356,0.095,0.07,0.12,0.07,16/01/19
16/01/19,22/02/19,154.9,200,37,0.101369863,0.35641,0.024078356,0.085,0.05,0.12,0.07,16/01/19
16/01/19,01/03/19,154.9,100,44,0.120547945,0.85869,0.024055342,55.205,54.85,55.56,55.4,16/01/19
16/01/19,01/03/19,154.9,105,44,0.120547945,0.75861,0.024055342,50.23,49.91,50.55,0,16/01/19
16/01/19,01/03/19,154.9,110,44,0.120547945,0.66832,0.024055342,45.255,44.91,45.6,41.3,16/01/19
16/01/19,01/03/19,154.9,115,44,0.120547945,0.59015,0.024055342,40.295,39.95,40.64,0,16/01/19
16/01/19,01/03/19,154.9,120,44,0.120547945,0.5197,0.024055342,35.35,35,35.7,0,16/01/19
16/01/19,01/03/19,154.9,125,44,0.120547945,0.46031,0.024055342,30.45,30.1,30.8,0,16/01/19
16/01/19,01/03/19,154.9,130,44,0.120547945,0.41934,0.024055342,25.695,25.49,25.9,0,16/01/19
16/01/19,01/03/19,154.9,135,44,0.120547945,0.37612,0.024055342,20.97,20.8,21.14,18.79,16/01/19
16/01/19,01/03/19,154.9,138,44,0.120547945,0.35858,0.024055342,18.295,18.14,18.45,0,16/01/19
16/01/19,01/03/19,154.9,139,44,0.120547945,0.35331,0.024055342,17.42,17.3,17.54,0,16/01/19
16/01/19,01/03/19,154.9,140,44,0.120547945,0.34502,0.024055342,16.53,16.35,16.71,0,16/01/19
16/01/19,01/03/19,154.9,141,44,0.120547945,0.34334,0.024055342,15.72,15.59,15.85,0,16/01/19
16/01/19,01/03/19,154.9,142,44,0.120547945,0.33991,0.024055342,14.925,14.8,15.05,11.57,16/01/19
16/01/19,01/03/19,154.9,143,44,0.120547945,0.3336,0.024055342,14.08,13.95,14.21,0,16/01/19
16/01/19,01/03/19,154.9,144,44,0.120547945,0.33062,0.024055342,13.3,13.2,13.4,11.62,16/01/19
16/01/19,01/03/19,154.9,145,44,0.120547945,0.32602,0.024055342,12.53,12.4,12.66,12.65,16/01/19
16/01/19,01/03/19,154.9,146,44,0.120547945,0.32285,0.024055342,11.775,11.65,11.9,10.21,16/01/19
16/01/19,01/03/19,154.9,147,44,0.120547945,0.31902,0.024055342,11.045,10.95,11.14,11.05,16/01/19
16/01/19,01/03/19,154.9,148,44,0.120547945,0.31578,0.024055342,10.35,10.25,10.45,9.15,16/01/19
16/01/19,01/03/19,154.9,149,44,0.120547945,0.31332,0.024055342,9.675,9.6,9.75,9.7,16/01/19
16/01/19,01/03/19,154.9,150,44,0.120547945,0.30597,0.024055342,8.92,8.84,9,9.19,16/01/19
16/01/19,01/03/19,154.9,152.5,44,0.120547945,0.30197,0.024055342,7.45,7.35,7.55,7.55,16/01/19
16/01/19,01/03/19,154.9,155,44,0.120547945,0.29712,0.024055342,6.095,6.04,6.15,6.12,16/01/19
16/01/19,01/03/19,154.9,157.5,44,0.120547945,0.29043,0.024055342,4.875,4.8,4.95,4.85,16/01/19
16/01/19,01/03/19,154.9,160,44,0.120547945,0.28293,0.024055342,3.795,3.75,3.84,3.8,16/01/19
16/01/19,01/03/19,154.9,162.5,44,0.120547945,0.27823,0.024055342,2.92,2.89,2.95,2.98,16/01/19
16/01/19,01/03/19,154.9,165,44,0.120547945,0.2738,0.024055342,2.21,2.17,2.25,2.21,16/01/19
16/01/19,01/03/19,154.9,167.5,44,0.120547945,0.27126,0.024055342,1.64,1.61,1.67,1.64,16/01/19
16/01/19,01/03/19,154.9,170,44,0.120547945,0.26877,0.024055342,1.205,1.18,1.23,1.22,16/01/19
16/01/19,01/03/19,154.9,172.5,44,0.120547945,0.26695,0.024055342,0.875,0.85,0.9,0.89,16/01/19
16/01/19,01/03/19,154.9,175,44,0.120547945,0.26604,0.024055342,0.63,0.61,0.65,0.65,16/01/19
16/01/19,01/03/19,154.9,177.5,44,0.120547945,0.26928,0.024055342,0.475,0.45,0.5,0.51,16/01/19
16/01/19,01/03/19,154.9,180,44,0.120547945,0.27327,0.024055342,0.365,0.34,0.39,0.36,16/01/19
16/01/19,01/03/19,154.9,182.5,44,0.120547945,0.27618,0.024055342,0.27,0.25,0.29,0.33,16/01/19
16/01/19,01/03/19,154.9,185,44,0.120547945,0.28225,0.024055342,0.22,0.2,0.24,0.2,16/01/19
16/01/19,01/03/19,154.9,187.5,44,0.120547945,0.28949,0.024055342,0.18,0.15,0.21,0.16,16/01/19
16/01/19,01/03/19,154.9,190,44,0.120547945,0.29633,0.024055342,0.14,0.11,0.17,0.15,16/01/19
16/01/19,01/03/19,154.9,195,44,0.120547945,0.3144,0.024055342,0.115,0.09,0.14,0.12,16/01/19
16/01/19,01/03/19,154.9,200,44,0.120547945,0.33548,0.024055342,0.095,0.07,0.12,0.09,16/01/19
16/01/19,01/03/19,154.9,205,44,0.120547945,0.34879,0.024055342,0.08,0.06,0.1,0.07,16/01/19
16/01/19,01/03/19,154.9,210,44,0.120547945,0.36737,0.024055342,0.065,0.04,0.09,0.08,16/01/19
16/01/19,15/03/19,154.9,75,57.96,0.158794521,1.3835,0.024009447,80.125,79.8,80.45,75.15,16/01/19
16/01/19,15/03/19,154.9,80,57.96,0.158794521,1.22269,0.024009447,75.115,74.84,75.39,0,16/01/19
16/01/19,15/03/19,154.9,85,57.96,0.158794521,1.07716,0.024009447,70.09,69.79,70.39,0,16/01/19
16/01/19,15/03/19,154.9,90,57.96,0.158794521,0.95159,0.024009447,65.1,64.7,65.5,53.9,16/01/19
16/01/19,15/03/19,154.9,95,57.96,0.158794521,0.84993,0.024009447,60.175,59.9,60.45,0,16/01/19
16/01/19,15/03/19,154.9,100,57.96,0.158794521,0.76633,0.024009447,55.3,55.09,55.51,52.8,16/01/19
16/01/19,15/03/19,154.9,105,57.96,0.158794521,0.66538,0.024009447,50.23,49.85,50.61,45.57,16/01/19
16/01/19,15/03/19,154.9,110,57.96,0.158794521,0.58598,0.024009447,45.25,44.95,45.55,40.43,16/01/19
16/01/19,15/03/19,154.9,115,57.96,0.158794521,0.51515,0.024009447,40.275,39.9,40.65,39.75,16/01/19
16/01/19,15/03/19,154.9,120,57.96,0.158794521,0.47485,0.024009447,35.495,35.25,35.74,35.95,16/01/19
16/01/19,15/03/19,154.9,125,57.96,0.158794521,0.4213,0.024009447,30.605,30.46,30.75,30.86,16/01/19
16/01/19,15/03/19,154.9,130,57.96,0.158794521,0.38452,0.024009447,25.875,25.7,26.05,26,16/01/19
16/01/19,15/03/19,154.9,135,57.96,0.158794521,0.35203,0.024009447,21.27,21.14,21.4,21.6,16/01/19
16/01/19,15/03/19,154.9,140,57.96,0.158794521,0.33292,0.024009447,17.03,16.91,17.15,17,16/01/19
16/01/19,15/03/19,154.9,145,57.96,0.158794521,0.31564,0.024009447,13.125,13.05,13.2,13.11,16/01/19
16/01/19,15/03/19,154.9,150,57.96,0.158794521,0.30046,0.024009447,9.675,9.6,9.75,9.7,16/01/19
16/01/19,15/03/19,154.9,155,57.96,0.158794521,0.29161,0.024009447,6.875,6.8,6.95,6.9,16/01/19
16/01/19,15/03/19,154.9,160,57.96,0.158794521,0.28016,0.024009447,4.545,4.5,4.59,4.5,16/01/19
16/01/19,15/03/19,154.9,165,57.96,0.158794521,0.2701,0.024009447,2.84,2.82,2.86,2.89,16/01/19
16/01/19,15/03/19,154.9,170,57.96,0.158794521,0.26444,0.024009447,1.68,1.66,1.7,1.67,16/01/19
16/01/19,15/03/19,154.9,175,57.96,0.158794521,0.2611,0.024009447,0.965,0.95,0.98,0.93,16/01/19
16/01/19,15/03/19,154.9,180,57.96,0.158794521,0.26215,0.024009447,0.565,0.56,0.57,0.54,16/01/19
16/01/19,15/03/19,154.9,185,57.96,0.158794521,0.26719,0.024009447,0.335,0.33,0.34,0.33,16/01/19
16/01/19,15/03/19,154.9,190,57.96,0.158794521,0.27668,0.024009447,0.225,0.21,0.24,0.22,16/01/19
16/01/19,15/03/19,154.9,195,57.96,0.158794521,0.28793,0.024009447,0.16,0.15,0.17,0.15,16/01/19
16/01/19,15/03/19,154.9,200,57.96,0.158794521,0.29743,0.024009447,0.105,0.08,0.13,0.12,16/01/19
16/01/19,15/03/19,154.9,205,57.96,0.158794521,0.31027,0.024009447,0.085,0.07,0.1,0.11,16/01/19
16/01/19,15/03/19,154.9,210,57.96,0.158794521,0.32928,0.024009447,0.075,0.07,0.08,0.07,16/01/19
16/01/19,15/03/19,154.9,215,57.96,0.158794521,0.3351,0.024009447,0.06,0.04,0.08,0.05,16/01/19
16/01/19,15/03/19,154.9,220,57.96,0.158794521,0.36257,0.024009447,0.07,0.06,0.08,0.07,16/01/19
16/01/19,15/03/19,154.9,225,57.96,0.158794521,0.38256,0.024009447,0.065,0.06,0.07,0.06,16/01/19
16/01/19,15/03/19,154.9,230,57.96,0.158794521,0.39406,0.024009447,0.055,0.05,0.06,0.06,16/01/19
16/01/19,15/03/19,154.9,235,57.96,0.158794521,0.3925,0.024009447,0.035,0.02,0.05,0.05,16/01/19
16/01/19,15/03/19,154.9,240,57.96,0.158794521,0.3876,0.024009447,0.015,0,0.03,0.04,16/01/19
16/01/19,15/03/19,154.9,245,57.96,0.158794521,0.40331,0.024009447,0.02,0,0.04,0.03,16/01/19
16/01/19,15/03/19,154.9,250,57.96,0.158794521,0.43599,0.024009447,0.025,0.01,0.04,0.03,16/01/19
16/01/19,15/03/19,154.9,255,57.96,0.158794521,0.42272,0.024009447,0.01,0,0.02,0.02,16/01/19
16/01/19,15/03/19,154.9,260,57.96,0.158794521,0.4487,0.024009447,0.025,0.02,0.03,0.03,16/01/19
16/01/19,15/03/19,154.9,265,57.96,0.158794521,0.45231,0.024009447,0.02,0,0.04,0.03,16/01/19
16/01/19,15/03/19,154.9,270,57.96,0.158794521,0.4774,0.024009447,0.025,0,0.05,0.02,16/01/19
16/01/19,15/03/19,154.9,275,57.96,0.158794521,0.47905,0.024009447,0.015,0,0.03,0.03,16/01/19
16/01/19,15/03/19,154.9,280,57.96,0.158794521,0.5052,0.024009447,0.02,0.01,0.03,0.03,16/01/19
16/01/19,15/03/19,154.9,285,57.96,0.158794521,0.51796,0.024009447,0.02,0,0.04,0.05,16/01/19
16/01/19,15/03/19,154.9,290,57.96,0.158794521,0.53227,0.024009447,0.02,0,0.04,0.04,16/01/19
16/01/19,15/03/19,154.9,295,57.96,0.158794521,0.54435,0.024009447,0.015,0,0.03,0.07,16/01/19
16/01/19,15/03/19,154.9,300,57.96,0.158794521,0.52486,0.024009447,0.01,0,0.02,0.01,16/01/19
16/01/19,18/04/19,154.9,22.5,91.96,0.251945206,5.90733,0.024304668,132.575,132.2,132.95,130.65,16/01/19
16/01/19,18/04/19,154.9,25,91.96,0.251945206,5.21606,0.024304668,130.075,129.7,130.45,0,16/01/19
16/01/19,18/04/19,154.9,30,91.96,0.251945206,4.18116,0.024304668,125.07,124.69,125.45,0,16/01/19
16/01/19,18/04/19,154.9,35,91.96,0.251945206,3.44415,0.024304668,120.08,119.71,120.45,0,16/01/19
16/01/19,18/04/19,154.9,40,91.96,0.251945206,2.88833,0.024304668,115.045,114.69,115.4,104.79,16/01/19
16/01/19,18/04/19,154.9,45,91.96,0.251945206,2.46669,0.024304668,110.095,109.7,110.49,0,16/01/19
16/01/19,18/04/19,154.9,50,91.96,0.251945206,2.12262,0.024304668,105.1,104.7,105.5,0,16/01/19
16/01/19,18/04/19,154.9,55,91.96,0.251945206,1.84523,0.024304668,100.12,99.74,100.5,153.48,16/01/19
16/01/19,18/04/19,154.9,60,91.96,0.251945206,1.60889,0.024304668,95.105,94.76,95.45,95.21,16/01/19
16/01/19,18/04/19,154.9,65,91.96,0.251945206,1.41392,0.024304668,90.125,89.75,90.5,144.55,16/01/19
16/01/19,18/04/19,154.9,70,91.96,0.251945206,1.24533,0.024304668,85.12,84.75,85.49,0,16/01/19
16/01/19,18/04/19,154.9,75,91.96,0.251945206,1.1035,0.024304668,80.175,79.8,80.55,83.1,16/01/19
16/01/19,18/04/19,154.9,80,91.96,0.251945206,0.97587,0.024304668,75.175,74.8,75.55,0,16/01/19
16/01/19,18/04/19,154.9,85,91.96,0.251945206,0.86582,0.024304668,70.195,69.85,70.54,0,16/01/19
16/01/19,18/04/19,154.9,90,91.96,0.251945206,0.76582,0.024304668,65.195,64.85,65.54,0,16/01/19
16/01/19,18/04/19,154.9,95,91.96,0.251945206,0.68103,0.024304668,60.255,59.91,60.6,124.27,16/01/19
16/01/19,18/04/19,154.9,100,91.96,0.251945206,0.60626,0.024304668,55.305,54.96,55.65,55.15,16/01/19
16/01/19,18/04/19,154.9,105,91.96,0.251945206,0.53994,0.024304668,50.35,50,50.7,41.75,16/01/19
16/01/19,18/04/19,154.9,110,91.96,0.251945206,0.48412,0.024304668,45.46,45.11,45.81,44.83,16/01/19
16/01/19,18/04/19,154.9,115,91.96,0.251945206,0.43901,0.024304668,40.6,40.25,40.95,36,16/01/19
16/01/19,18/04/19,154.9,120,91.96,0.251945206,0.40204,0.024304668,35.825,35.65,36,35.65,16/01/19
16/01/19,18/04/19,154.9,125,91.96,0.251945206,0.37346,0.024304668,31.155,31,31.31,31.1,16/01/19
16/01/19,18/04/19,154.9,130,91.96,0.251945206,0.34956,0.024304668,26.625,26.5,26.75,26.8,16/01/19
16/01/19,18/04/19,154.9,135,91.96,0.251945206,0.33146,0.024304668,22.325,22.2,22.45,20.48,16/01/19
16/01/19,18/04/19,154.9,140,91.96,0.251945206,0.31484,0.024304668,18.25,18.15,18.35,18.2,16/01/19
16/01/19,18/04/19,154.9,145,91.96,0.251945206,0.30154,0.024304668,14.545,14.44,14.65,14.37,16/01/19
16/01/19,18/04/19,154.9,150,91.96,0.251945206,0.29216,0.024304668,11.305,11.2,11.41,11.4,16/01/19
16/01/19,18/04/19,154.9,155,91.96,0.251945206,0.28133,0.024304668,8.45,8.35,8.55,8.49,16/01/19
16/01/19,18/04/19,154.9,160,91.96,0.251945206,0.27194,0.024304668,6.08,6.01,6.15,6.15,16/01/19
16/01/19,18/04/19,154.9,165,91.96,0.251945206,0.2638,0.024304668,4.2,4.15,4.25,4.25,16/01/19
16/01/19,18/04/19,154.9,170,91.96,0.251945206,0.25779,0.024304668,2.79,2.75,2.83,2.77,16/01/19
16/01/19,18/04/19,154.9,175,91.96,0.251945206,0.25285,0.024304668,1.79,1.76,1.82,1.81,16/01/19
16/01/19,18/04/19,154.9,180,91.96,0.251945206,0.24974,0.024304668,1.135,1.11,1.16,1.13,16/01/19
16/01/19,18/04/19,154.9,185,91.96,0.251945206,0.24952,0.024304668,0.72,0.69,0.75,0.73,16/01/19
16/01/19,18/04/19,154.9,190,91.96,0.251945206,0.25235,0.024304668,0.465,0.44,0.49,0.47,16/01/19
16/01/19,18/04/19,154.9,195,91.96,0.251945206,0.25819,0.024304668,0.32,0.29,0.35,0.32,16/01/19
16/01/19,18/04/19,154.9,200,91.96,0.251945206,0.26441,0.024304668,0.23,0.22,0.24,0.23,16/01/19
16/01/19,18/04/19,154.9,205,91.96,0.251945206,0.2722,0.024304668,0.18,0.16,0.2,0.18,16/01/19
16/01/19,18/04/19,154.9,210,91.96,0.251945206,0.28095,0.024304668,0.135,0.13,0.14,0.14,16/01/19
16/01/19,18/04/19,154.9,215,91.96,0.251945206,0.28472,0.024304668,0.095,0.08,0.11,0.11,16/01/19
16/01/19,18/04/19,154.9,220,91.96,0.251945206,0.29517,0.024304668,0.08,0.06,0.1,0.1,16/01/19
16/01/19,18/04/19,154.9,225,91.96,0.251945206,0.30861,0.024304668,0.08,0.05,0.11,0.08,16/01/19
16/01/19,18/04/19,154.9,230,91.96,0.251945206,0.31914,0.024304668,0.055,0.04,0.07,0.08,16/01/19
16/01/19,18/04/19,154.9,235,91.96,0.251945206,0.33429,0.024304668,0.065,0.04,0.09,0.07,16/01/19
16/01/19,18/04/19,154.9,240,91.96,0.251945206,0.33067,0.024304668,0.04,0.02,0.06,0.05,16/01/19
16/01/19,18/04/19,154.9,245,91.96,0.251945206,0.33922,0.024304668,0.035,0.02,0.05,0.05,16/01/19
16/01/19,18/04/19,154.9,250,91.96,0.251945206,0.36146,0.024304668,0.045,0.02,0.07,0.06,16/01/19
16/01/19,18/04/19,154.9,255,91.96,0.251945206,0.36994,0.024304668,0.04,0.01,0.07,0.05,16/01/19
16/01/19,18/04/19,154.9,260,91.96,0.251945206,0.37674,0.024304668,0.035,0.01,0.06,0.05,16/01/19
16/01/19,18/04/19,154.9,265,91.96,0.251945206,0.37626,0.024304668,0.025,0.01,0.04,0.04,16/01/19
16/01/19,18/04/19,154.9,270,91.96,0.251945206,0.38833,0.024304668,0.025,0.01,0.04,0.04,16/01/19
16/01/19,18/04/19,154.9,275,91.96,0.251945206,0.39915,0.024304668,0.03,0.02,0.04,0.06,16/01/19
16/01/19,18/04/19,154.9,280,91.96,0.251945206,0.37853,0.024304668,0.015,0,0.03,0.04,16/01/19
16/01/19,18/04/19,154.9,285,91.96,0.251945206,0.42104,0.024304668,0.025,0,0.05,0.03,16/01/19
16/01/19,18/04/19,154.9,290,91.96,0.251945206,0.43866,0.024304668,0.03,0.02,0.04,0.02,16/01/19
16/01/19,18/04/19,154.9,295,91.96,0.251945206,0.44178,0.024304668,0.025,0,0.05,0.03,16/01/19
16/01/19,18/04/19,154.9,300,91.96,0.251945206,0.45206,0.024304668,0.03,0.01,0.05,0.03,16/01/19
16/01/19,18/04/19,154.9,305,91.96,0.251945206,0.46133,0.024304668,0.03,0.01,0.05,0.02,16/01/19
16/01/19,18/04/19,154.9,310,91.96,0.251945206,0.47104,0.024304668,0.025,0,0.05,0.09,16/01/19
16/01/19,18/04/19,154.9,315,91.96,0.251945206,0.48103,0.024304668,0.025,0,0.05,0.23,16/01/19
16/01/19,18/04/19,154.9,320,91.96,0.251945206,0.49042,0.024304668,0.025,0,0.05,0.03,16/01/19
16/01/19,18/04/19,154.9,325,91.96,0.251945206,0.49917,0.024304668,0.025,0,0.05,0.04,16/01/19
16/01/19,18/04/19,154.9,330,91.96,0.251945206,0.49946,0.024304668,0.02,0,0.04,0.02,16/01/19
16/01/19,18/04/19,154.9,335,91.96,0.251945206,0.5069,0.024304668,0.02,0,0.04,0.06,16/01/19
16/01/19,18/04/19,154.9,340,91.96,0.251945206,0.51623,0.024304668,0.015,0,0.03,0.13,16/01/19
16/01/19,18/04/19,154.9,345,91.96,0.251945206,0.52388,0.024304668,0.02,0,0.04,0.03,16/01/19
16/01/19,18/04/19,154.9,350,91.96,0.251945206,0.53338,0.024304668,0.015,0,0.03,0.12,16/01/19
16/01/19,18/04/19,154.9,355,91.96,0.251945206,0.54013,0.024304668,0.02,0,0.04,0.1,16/01/19
16/01/19,18/04/19,154.9,360,91.96,0.251945206,0.54938,0.024304668,0.02,0,0.04,0.06,16/01/19
16/01/19,18/04/19,154.9,365,91.96,0.251945206,0.55676,0.024304668,0.02,0,0.04,0.1,16/01/19
16/01/19,18/04/19,154.9,370,91.96,0.251945206,0.56475,0.024304668,0.02,0,0.04,0.08,16/01/19
16/01/19,18/04/19,154.9,375,91.96,0.251945206,0.57228,0.024304668,0.015,0,0.03,0.04,16/01/19
16/01/19,18/04/19,154.9,380,91.96,0.251945206,0.57954,0.024304668,0.02,0,0.04,0.01,16/01/19
16/01/19,18/04/19,154.9,385,91.96,0.251945206,0.58791,0.024304668,0.02,0,0.04,0.05,16/01/19
16/01/19,18/04/19,154.9,390,91.96,0.251945206,0.5941,0.024304668,0.015,0,0.03,0.17,16/01/19
16/01/19,18/04/19,154.9,395,91.96,0.251945206,0.60102,0.024304668,0.025,0,0.05,0.1,16/01/19
16/01/19,18/04/19,154.9,400,91.96,0.251945206,0.57619,0.024304668,0.015,0,0.03,0.02,16/01/19
16/01/19,18/04/19,154.9,405,91.96,0.251945206,0.61512,0.024304668,0.02,0,0.04,0.02,16/01/19
16/01/19,18/04/19,154.9,410,91.96,0.251945206,0.79799,0.024304668,0.25,0,0.5,0.01,16/01/19
16/01/19,18/04/19,154.9,415,91.96,0.251945206,0.62983,0.024304668,0.02,0,0.04,0,16/01/19
16/01/19,18/04/19,154.9,420,91.96,0.251945206,0.63626,0.024304668,0.02,0,0.04,0.02,16/01/19
16/01/19,18/04/19,154.9,425,91.96,0.251945206,0.60951,0.024304668,0.01,0,0.02,0.04,16/01/19
16/01/19,21/06/19,154.9,80,155.96,0.427287671,0.76581,0.02472549,75.2,74.85,75.55,0,16/01/19
16/01/19,21/06/19,154.9,85,155.96,0.427287671,0.67926,0.02472549,70.205,69.81,70.6,85.79,16/01/19
16/01/19,21/06/19,154.9,90,155.96,0.427287671,0.61101,0.02472549,65.3,64.94,65.66,62.7,16/01/19
16/01/19,21/06/19,154.9,95,155.96,0.427287671,0.55668,0.02472549,60.48,60.1,60.86,56.23,16/01/19
16/01/19,21/06/19,154.9,100,155.96,0.427287671,0.50111,0.02472549,55.55,55.15,55.95,56,16/01/19
16/01/19,21/06/19,154.9,105,155.96,0.427287671,0.46404,0.02472549,50.8,50.4,51.2,48.73,16/01/19
16/01/19,21/06/19,154.9,110,155.96,0.427287671,0.42619,0.02472549,46.005,45.85,46.16,43.98,16/01/19
16/01/19,21/06/19,154.9,115,155.96,0.427287671,0.39846,0.02472549,41.325,41.15,41.5,39.38,16/01/19
16/01/19,21/06/19,154.9,120,155.96,0.427287671,0.37384,0.02472549,36.735,36.56,36.91,36.4,16/01/19
16/01/19,21/06/19,154.9,125,155.96,0.427287671,0.35618,0.02472549,32.325,32.15,32.5,32.45,16/01/19
16/01/19,21/06/19,154.9,130,155.96,0.427287671,0.33691,0.02472549,28,27.86,28.14,28.23,16/01/19
16/01/19,21/06/19,154.9,135,155.96,0.427287671,0.32348,0.02472549,23.98,23.86,24.1,24.1,16/01/19
16/01/19,21/06/19,154.9,140,155.96,0.427287671,0.31444,0.02472549,20.3,20.2,20.4,20.47,16/01/19
16/01/19,21/06/19,154.9,145,155.96,0.427287671,0.30465,0.02472549,16.87,16.75,16.99,17.08,16/01/19
16/01/19,21/06/19,154.9,150,155.96,0.427287671,0.29443,0.02472549,13.75,13.65,13.85,13.65,16/01/19
16/01/19,21/06/19,154.9,155,155.96,0.427287671,0.28655,0.02472549,10.995,10.89,11.1,10.9,16/01/19
16/01/19,21/06/19,154.9,160,155.96,0.427287671,0.2785,0.02472549,8.6,8.5,8.7,8.6,16/01/19
16/01/19,21/06/19,154.9,165,155.96,0.427287671,0.27077,0.02472549,6.58,6.51,6.65,6.45,16/01/19
16/01/19,21/06/19,154.9,170,155.96,0.427287671,0.26463,0.02472549,4.925,4.86,4.99,4.95,16/01/19
16/01/19,21/06/19,154.9,175,155.96,0.427287671,0.26002,0.02472549,3.62,3.54,3.7,3.7,16/01/19
16/01/19,21/06/19,154.9,180,155.96,0.427287671,0.25775,0.02472549,2.67,2.64,2.7,2.62,16/01/19
16/01/19,21/06/19,154.9,185,155.96,0.427287671,0.25534,0.02472549,1.935,1.89,1.98,1.92,16/01/19
16/01/19,21/06/19,154.9,190,155.96,0.427287671,0.25539,0.02472549,1.405,1.37,1.44,1.42,16/01/19
16/01/19,21/06/19,154.9,195,155.96,0.427287671,0.25562,0.02472549,1.02,0.99,1.05,1.04,16/01/19
16/01/19,21/06/19,154.9,200,155.96,0.427287671,0.25639,0.02472549,0.74,0.71,0.77,0.74,16/01/19
16/01/19,21/06/19,154.9,205,155.96,0.427287671,0.26007,0.02472549,0.565,0.55,0.58,0.59,16/01/19
16/01/19,21/06/19,154.9,210,155.96,0.427287671,0.2633,0.02472549,0.44,0.42,0.46,0.44,16/01/19
16/01/19,21/06/19,154.9,215,155.96,0.427287671,0.26744,0.02472549,0.345,0.32,0.37,0.36,16/01/19
16/01/19,21/06/19,154.9,220,155.96,0.427287671,0.27345,0.02472549,0.28,0.25,0.31,0.28,16/01/19
16/01/19,21/06/19,154.9,225,155.96,0.427287671,0.27983,0.02472549,0.235,0.21,0.26,0.22,16/01/19
16/01/19,21/06/19,154.9,230,155.96,0.427287671,0.28682,0.02472549,0.2,0.19,0.21,0.2,16/01/19
16/01/19,21/06/19,154.9,235,155.96,0.427287671,0.29525,0.02472549,0.18,0.16,0.2,0.18,16/01/19
16/01/19,21/06/19,154.9,240,155.96,0.427287671,0.30393,0.02472549,0.17,0.15,0.19,0.16,16/01/19
16/01/19,21/06/19,154.9,245,155.96,0.427287671,0.30945,0.02472549,0.14,0.12,0.16,0.17,16/01/19
16/01/19,21/06/19,154.9,250,155.96,0.427287671,0.3149,0.02472549,0.125,0.12,0.13,0.13,16/01/19
16/01/19,21/06/19,154.9,255,155.96,0.427287671,0.32406,0.02472549,0.12,0.11,0.13,0.12,16/01/19
16/01/19,21/06/19,154.9,260,155.96,0.427287671,0.33044,0.02472549,0.11,0.08,0.14,0.12,16/01/19
16/01/19,21/06/19,154.9,265,155.96,0.427287671,0.33726,0.02472549,0.1,0.07,0.13,0.1,16/01/19
16/01/19,21/06/19,154.9,270,155.96,0.427287671,0.34723,0.02472549,0.1,0.09,0.11,0.09,16/01/19
16/01/19,21/06/19,154.9,275,155.96,0.427287671,0.35269,0.02472549,0.09,0.06,0.12,0.08,16/01/19
16/01/19,21/06/19,154.9,280,155.96,0.427287671,0.35639,0.02472549,0.085,0.06,0.11,0.1,16/01/19
16/01/19,21/06/19,154.9,285,155.96,0.427287671,0.36538,0.02472549,0.075,0.04,0.11,0.08,16/01/19
16/01/19,21/06/19,154.9,290,155.96,0.427287671,0.37156,0.02472549,0.075,0.03,0.12,0.14,16/01/19
16/01/19,21/06/19,154.9,295,155.96,0.427287671,0.37836,0.02472549,0.07,0.04,0.1,0.06,16/01/19
16/01/19,21/06/19,154.9,300,155.96,0.427287671,0.37713,0.02472549,0.06,0.04,0.08,0.06,16/01/19
16/01/19,21/06/19,154.9,310,155.96,0.427287671,0.38467,0.02472549,0.035,0.02,0.05,0.04,16/01/19
16/01/19,21/06/19,154.9,320,155.96,0.427287671,0.39089,0.02472549,0.035,0.02,0.05,0.03,16/01/19
16/01/19,21/06/19,154.9,330,155.96,0.427287671,0.40511,0.02472549,0.035,0.02,0.05,0.03,16/01/19
16/01/19,21/06/19,154.9,340,155.96,0.427287671,0.41326,0.02472549,0.03,0.02,0.04,0.02,16/01/19
16/01/19,19/07/19,154.9,80,183.96,0.504,0.71045,0.0249064,75.25,74.89,75.61,73.25,16/01/19
16/01/19,19/07/19,154.9,85,183.96,0.504,0.6358,0.0249064,70.33,69.96,70.7,67.11,16/01/19
16/01/19,19/07/19,154.9,90,183.96,0.504,0.57086,0.0249064,65.4,65.05,65.75,62.25,16/01/19
16/01/19,19/07/19,154.9,95,183.96,0.504,0.52036,0.0249064,60.575,60.2,60.95,63.1,16/01/19
16/01/19,19/07/19,154.9,100,183.96,0.504,0.4742,0.0249064,55.725,55.36,56.09,56,16/01/19
16/01/19,19/07/19,154.9,105,183.96,0.504,0.43635,0.0249064,50.925,50.75,51.1,48.9,16/01/19
16/01/19,19/07/19,154.9,110,183.96,0.504,0.4051,0.0249064,46.2,46.05,46.35,37.5,16/01/19
16/01/19,19/07/19,154.9,115,183.96,0.504,0.38071,0.0249064,41.575,41.41,41.74,41.7,16/01/19
16/01/19,19/07/19,154.9,120,183.96,0.504,0.36197,0.0249064,37.1,36.96,37.24,34.1,16/01/19
16/01/19,19/07/19,154.9,125,183.96,0.504,0.3446,0.0249064,32.755,32.61,32.9,32.43,16/01/19
16/01/19,19/07/19,154.9,130,183.96,0.504,0.33226,0.0249064,28.655,28.5,28.81,28.56,16/01/19
16/01/19,19/07/19,154.9,135,183.96,0.504,0.31919,0.0249064,24.67,24.54,24.8,24.85,16/01/19
16/01/19,19/07/19,154.9,140,183.96,0.504,0.30891,0.0249064,21.02,20.89,21.15,21.05,16/01/19
16/01/19,19/07/19,154.9,145,183.96,0.504,0.29994,0.0249064,17.655,17.55,17.76,17.65,16/01/19
16/01/19,19/07/19,154.9,150,183.96,0.504,0.29031,0.0249064,14.555,14.46,14.65,14.57,16/01/19
16/01/19,19/07/19,154.9,155,183.96,0.504,0.28287,0.0249064,11.825,11.7,11.95,11.84,16/01/19
16/01/19,19/07/19,154.9,160,183.96,0.504,0.27584,0.0249064,9.445,9.34,9.55,9.43,16/01/19
16/01/19,19/07/19,154.9,165,183.96,0.504,0.2697,0.0249064,7.42,7.35,7.49,7.32,16/01/19
16/01/19,19/07/19,154.9,170,183.96,0.504,0.26441,0.0249064,5.725,5.65,5.8,5.7,16/01/19
16/01/19,19/07/19,154.9,175,183.96,0.504,0.25948,0.0249064,4.325,4.26,4.39,4.3,16/01/19
16/01/19,19/07/19,154.9,180,183.96,0.504,0.25533,0.0249064,3.22,3.15,3.29,3.25,16/01/19
16/01/19,19/07/19,154.9,185,183.96,0.504,0.25211,0.0249064,2.4,2.36,2.44,2.44,16/01/19
16/01/19,19/07/19,154.9,190,183.96,0.504,0.25112,0.0249064,1.775,1.74,1.81,1.78,16/01/19
16/01/19,19/07/19,154.9,195,183.96,0.504,0.25024,0.0249064,1.315,1.28,1.35,1.31,16/01/19
16/01/19,19/07/19,154.9,200,183.96,0.504,0.25096,0.0249064,0.98,0.95,1.01,1.03,16/01/19
16/01/19,19/07/19,154.9,205,183.96,0.504,0.25267,0.0249064,0.73,0.7,0.76,0.75,16/01/19
16/01/19,19/07/19,154.9,210,183.96,0.504,0.25427,0.0249064,0.57,0.54,0.6,0.6,16/01/19
16/01/19,19/07/19,154.9,215,183.96,0.504,0.25736,0.0249064,0.445,0.42,0.47,0.46,16/01/19
16/01/19,19/07/19,154.9,220,183.96,0.504,0.26166,0.0249064,0.35,0.33,0.37,0.36,16/01/19
16/01/19,19/07/19,154.9,225,183.96,0.504,0.26541,0.0249064,0.29,0.27,0.31,0.3,16/01/19
16/01/19,19/07/19,154.9,230,183.96,0.504,0.27004,0.0249064,0.245,0.22,0.27,0.24,16/01/19
16/01/19,19/07/19,154.9,235,183.96,0.504,0.27494,0.0249064,0.2,0.18,0.22,0.27,16/01/19
16/01/19,19/07/19,154.9,240,183.96,0.504,0.28189,0.0249064,0.175,0.14,0.21,0.22,16/01/19
16/01/19,19/07/19,154.9,245,183.96,0.504,0.2923,0.0249064,0.175,0.16,0.19,0.13,16/01/19
16/01/19,19/07/19,154.9,250,183.96,0.504,0.29365,0.0249064,0.145,0.11,0.18,0.14,16/01/19
16/01/19,19/07/19,154.9,255,183.96,0.504,0.30155,0.0249064,0.125,0.09,0.16,0.2,16/01/19
16/01/19,19/07/19,154.9,260,183.96,0.504,0.30758,0.0249064,0.125,0.1,0.15,0.15,16/01/19
16/01/19,19/07/19,154.9,265,183.96,0.504,0.31407,0.0249064,0.11,0.07,0.15,0.47,16/01/19
16/01/19,19/07/19,154.9,270,183.96,0.504,0.32148,0.0249064,0.105,0.08,0.13,0.11,16/01/19
16/01/19,19/07/19,154.9,275,183.96,0.504,0.32848,0.0249064,0.095,0.06,0.13,0.14,16/01/19
16/01/19,19/07/19,154.9,280,183.96,0.504,0.33465,0.0249064,0.095,0.07,0.12,0.1,16/01/19
16/01/19,19/07/19,154.9,285,183.96,0.504,0.33688,0.0249064,0.07,0.05,0.09,0.09,16/01/19
16/01/19,19/07/19,154.9,290,183.96,0.504,0.34065,0.0249064,0.07,0.06,0.08,0.07,16/01/19
16/01/19,17/01/20,154.9,50,366,1.002739726,1.08951,0.025699452,105.075,104.75,105.4,104.91,16/01/19
16/01/19,17/01/20,154.9,55,366,1.002739726,0.95068,0.025699452,100.1,99.8,100.4,98.39,16/01/19
16/01/19,17/01/20,154.9,60,366,1.002739726,0.83589,0.025699452,95.15,94.86,95.44,94.84,16/01/19
16/01/19,17/01/20,154.9,65,366,1.002739726,0.73551,0.025699452,90.155,89.81,90.5,103.4,16/01/19
16/01/19,17/01/20,154.9,70,366,1.002739726,0.65361,0.025699452,85.2,84.85,85.55,80,16/01/19
16/01/19,17/01/20,154.9,75,366,1.002739726,0.58468,0.025699452,80.275,79.9,80.65,72.35,16/01/19
16/01/19,17/01/20,154.9,80,366,1.002739726,0.53357,0.025699452,75.53,75.15,75.91,74.03,16/01/19
16/01/19,17/01/20,154.9,85,366,1.002739726,0.48659,0.025699452,70.7,70.35,71.05,70.3,16/01/19
16/01/19,17/01/20,154.9,90,366,1.002739726,0.45149,0.025699452,66.03,65.66,66.4,66.2,16/01/19
16/01/19,17/01/20,154.9,95,366,1.002739726,0.42336,0.025699452,61.4,61.2,61.6,57.58,16/01/19
16/01/19,17/01/20,154.9,100,366,1.002739726,0.40002,0.025699452,56.825,56.65,57,56.63,16/01/19
16/01/19,17/01/20,154.9,105,366,1.002739726,0.38477,0.025699452,52.48,52.3,52.66,52.42,16/01/19
16/01/19,17/01/20,154.9,110,366,1.002739726,0.36875,0.025699452,48.125,47.95,48.3,48.08,16/01/19
16/01/19,17/01/20,154.9,115,366,1.002739726,0.35749,0.025699452,43.975,43.8,44.15,44.45,16/01/19
16/01/19,17/01/20,154.9,120,366,1.002739726,0.34437,0.025699452,39.855,39.71,40,39.91,16/01/19
16/01/19,17/01/20,154.9,125,366,1.002739726,0.33673,0.025699452,36.055,35.91,36.2,36.1,16/01/19
16/01/19,17/01/20,154.9,130,366,1.002739726,0.32752,0.025699452,32.375,32.25,32.5,32.13,16/01/19
16/01/19,17/01/20,154.9,135,366,1.002739726,0.31978,0.025699452,28.87,28.75,28.99,29.1,16/01/19
16/01/19,17/01/20,154.9,140,366,1.002739726,0.31237,0.025699452,25.58,25.46,25.7,25.4,16/01/19
16/01/19,17/01/20,154.9,145,366,1.002739726,0.3055,0.025699452,22.52,22.39,22.65,22.7,16/01/19
16/01/19,17/01/20,154.9,150,366,1.002739726,0.29962,0.025699452,19.68,19.55,19.81,19.75,16/01/19
16/01/19,17/01/20,154.9,155,366,1.002739726,0.2937,0.025699452,17.075,16.95,17.2,17.15,16/01/19
16/01/19,17/01/20,154.9,160,366,1.002739726,0.28827,0.025699452,14.72,14.59,14.85,14.6,16/01/19
16/01/19,17/01/20,154.9,165,366,1.002739726,0.28309,0.025699452,12.575,12.45,12.7,12.5,16/01/19
16/01/19,17/01/20,154.9,170,366,1.002739726,0.27735,0.025699452,10.655,10.56,10.75,10.65,16/01/19
16/01/19,17/01/20,154.9,175,366,1.002739726,0.27347,0.025699452,8.95,8.85,9.05,8.85,16/01/19
16/01/19,17/01/20,154.9,180,366,1.002739726,0.26808,0.025699452,7.45,7.4,7.5,7.55,16/01/19
16/01/19,17/01/20,154.9,185,366,1.002739726,0.26511,0.025699452,6.195,6.1,6.29,6.25,16/01/19
16/01/19,17/01/20,154.9,190,366,1.002739726,0.26192,0.025699452,5.13,5.06,5.2,5.2,16/01/19
16/01/19,17/01/20,154.9,195,366,1.002739726,0.25929,0.025699452,4.22,4.14,4.3,4.18,16/01/19
16/01/19,17/01/20,154.9,200,366,1.002739726,0.25786,0.025699452,3.5,3.45,3.55,3.47,16/01/19
16/01/19,17/01/20,154.9,205,366,1.002739726,0.25648,0.025699452,2.865,2.8,2.93,2.89,16/01/19
16/01/19,17/01/20,154.9,210,366,1.002739726,0.25524,0.025699452,2.365,2.32,2.41,2.41,16/01/19
16/01/19,17/01/20,154.9,215,366,1.002739726,0.25488,0.025699452,1.955,1.92,1.99,1.89,16/01/19
16/01/19,17/01/20,154.9,220,366,1.002739726,0.25383,0.025699452,1.6,1.56,1.64,1.65,16/01/19
16/01/19,17/01/20,154.9,225,366,1.002739726,0.25439,0.025699452,1.335,1.29,1.38,1.37,16/01/19
16/01/19,17/01/20,154.9,230,366,1.002739726,0.25488,0.025699452,1.115,1.08,1.15,1.1,16/01/19
16/01/19,17/01/20,154.9,235,366,1.002739726,0.25641,0.025699452,0.945,0.92,0.97,0.98,16/01/19
16/01/19,17/01/20,154.9,240,366,1.002739726,0.25679,0.025699452,0.795,0.76,0.83,0.76,16/01/19
16/01/19,17/01/20,154.9,245,366,1.002739726,0.2581,0.025699452,0.685,0.66,0.71,0.71,16/01/19
16/01/19,17/01/20,154.9,250,366,1.002739726,0.26003,0.025699452,0.595,0.56,0.63,0.61,16/01/19
16/01/19,17/01/20,154.9,255,366,1.002739726,0.26088,0.025699452,0.5,0.47,0.53,0.5,16/01/19
16/01/19,17/01/20,154.9,260,366,1.002739726,0.2644,0.025699452,0.435,0.42,0.45,0.46,16/01/19
16/01/19,17/01/20,154.9,270,366,1.002739726,0.27102,0.025699452,0.36,0.35,0.37,0.36,16/01/19
16/01/19,17/01/20,154.9,280,366,1.002739726,0.2748,0.025699452,0.275,0.24,0.31,0.27,16/01/19
16/01/19,17/01/20,154.9,290,366,1.002739726,0.2821,0.025699452,0.235,0.2,0.27,0.27,16/01/19
16/01/19,17/01/20,154.9,300,366,1.002739726,0.28905,0.025699452,0.205,0.19,0.22,0.21,16/01/19
16/01/19,17/01/20,154.9,310,366,1.002739726,0.29423,0.025699452,0.175,0.15,0.2,0.19,16/01/19
16/01/19,17/01/20,154.9,320,366,1.002739726,0.30044,0.025699452,0.15,0.12,0.18,0.17,16/01/19
16/01/19,17/01/20,154.9,330,366,1.002739726,0.31029,0.025699452,0.155,0.14,0.17,0.19,16/01/19
16/01/19,17/01/20,154.9,340,366,1.002739726,0.31799,0.025699452,0.14,0.13,0.15,0.14,16/01/19
16/01/19,19/06/20,154.9,75,519.96,1.424547945,0.50587,0.02561509,80.395,79.3,81.49,80.65,16/01/19
16/01/19,19/06/20,154.9,80,519.96,1.424547945,0.46355,0.02561509,75.65,74.5,76.8,75.25,16/01/19
16/01/19,19/06/20,154.9,85,519.96,1.424547945,0.43255,0.02561509,71.025,69.75,72.3,67.75,16/01/19
16/01/19,19/06/20,154.9,90,519.96,1.424547945,0.40889,0.02561509,66.525,65.9,67.15,63.65,16/01/19
16/01/19,19/06/20,154.9,95,519.96,1.424547945,0.39193,0.02561509,62.145,61.5,62.79,55.59,16/01/19
16/01/19,19/06/20,154.9,100,519.96,1.424547945,0.38177,0.02561509,57.98,57.46,58.5,58,16/01/19
16/01/19,19/06/20,154.9,105,519.96,1.424547945,0.36907,0.02561509,53.805,53.26,54.35,53.65,16/01/19
16/01/19,19/06/20,154.9,110,519.96,1.424547945,0.35521,0.02561509,49.595,49.19,50,50,16/01/19
16/01/19,19/06/20,154.9,115,519.96,1.424547945,0.35007,0.02561509,45.83,45.3,46.36,38.52,16/01/19
16/01/19,19/06/20,154.9,120,519.96,1.424547945,0.34111,0.02561509,42.055,41.51,42.6,42,16/01/19
16/01/19,19/06/20,154.9,125,519.96,1.424547945,0.33263,0.02561509,38.375,37.95,38.8,38.52,16/01/19
16/01/19,19/06/20,154.9,130,519.96,1.424547945,0.32869,0.02561509,35.11,34.56,35.66,35,16/01/19
16/01/19,19/06/20,154.9,135,519.96,1.424547945,0.32223,0.02561509,31.82,31.24,32.4,31.36,16/01/19
16/01/19,19/06/20,154.9,140,519.96,1.424547945,0.31622,0.02561509,28.775,28.25,29.3,28.4,16/01/19
16/01/19,19/06/20,154.9,145,519.96,1.424547945,0.31156,0.02561509,25.93,25.35,26.51,25.65,16/01/19
16/01/19,19/06/20,154.9,150,519.96,1.424547945,0.30523,0.02561509,23.145,22.7,23.59,23.2,16/01/19
16/01/19,19/06/20,154.9,155,519.96,1.424547945,0.3028,0.02561509,20.845,20.35,21.34,20.35,16/01/19
16/01/19,19/06/20,154.9,160,519.96,1.424547945,0.29924,0.02561509,18.55,17.99,19.11,18.5,16/01/19
16/01/19,19/06/20,154.9,165,519.96,1.424547945,0.29509,0.02561509,16.45,15.9,17,16.4,16/01/19
16/01/19,19/06/20,154.9,170,519.96,1.424547945,0.28858,0.02561509,14.35,14.1,14.6,14.36,16/01/19
16/01/19,19/06/20,154.9,175,519.96,1.424547945,0.28847,0.02561509,12.8,12.25,13.35,12.75,16/01/19
16/01/19,19/06/20,154.9,180,519.96,1.424547945,0.28348,0.02561509,11.105,10.85,11.36,11.04,16/01/19
16/01/19,19/06/20,154.9,185,519.96,1.424547945,0.28285,0.02561509,9.855,9.4,10.31,10.21,16/01/19
16/01/19,19/06/20,154.9,190,519.96,1.424547945,0.28079,0.02561509,8.67,8.3,9.04,8.5,16/01/19
16/01/19,19/06/20,154.9,195,519.96,1.424547945,0.27795,0.02561509,7.5,7.05,7.95,7.45,16/01/19
16/01/19,19/06/20,154.9,200,519.96,1.424547945,0.27549,0.02561509,6.5,6.05,6.95,6.26,16/01/19
16/01/19,19/06/20,154.9,205,519.96,1.424547945,0.27456,0.02561509,5.725,5.3,6.15,5.58,16/01/19
16/01/19,19/06/20,154.9,210,519.96,1.424547945,0.27448,0.02561509,5.005,4.56,5.45,5,16/01/19
16/01/19,19/06/20,154.9,215,519.96,1.424547945,0.27323,0.02561509,4.345,3.95,4.74,4.22,16/01/19
16/01/19,19/06/20,154.9,220,519.96,1.424547945,0.27035,0.02561509,3.735,3.51,3.96,3.8,16/01/19
16/01/19,19/06/20,154.9,225,519.96,1.424547945,0.27211,0.02561509,3.355,3.05,3.66,3.17,16/01/19
16/01/19,19/06/20,154.9,230,519.96,1.424547945,0.27208,0.02561509,2.93,2.6,3.26,2.75,16/01/19
16/01/19,19/06/20,154.9,235,519.96,1.424547945,0.27049,0.02561509,2.505,2.16,2.85,2.5,16/01/19
16/01/19,19/06/20,154.9,240,519.96,1.424547945,0.26815,0.02561509,2.12,1.89,2.35,2.31,16/01/19
16/01/19,19/06/20,154.9,245,519.96,1.424547945,0.27033,0.02561509,1.93,1.61,2.25,1.84,16/01/19
16/01/19,19/06/20,154.9,250,519.96,1.424547945,0.27304,0.02561509,1.76,1.5,2.02,1.7,16/01/19
16/01/19,19/06/20,154.9,260,519.96,1.424547945,0.26802,0.02561509,1.23,1.06,1.4,1.38,16/01/19
16/01/19,19/06/20,154.9,270,519.96,1.424547945,0.26823,0.02561509,0.935,0.77,1.1,0.96,16/01/19
16/01/19,19/06/20,154.9,280,519.96,1.424547945,0.28336,0.02561509,0.97,0.79,1.15,0.88,16/01/19
16/01/19,19/06/20,154.9,290,519.96,1.424547945,0.28189,0.02561509,0.745,0.62,0.87,0.71,16/01/19
16/01/19,19/06/20,154.9,300,519.96,1.424547945,0.28638,0.02561509,0.64,0.57,0.71,0.62,16/01/19
16/01/19,19/06/20,154.9,310,519.96,1.424547945,0.2898,0.02561509,0.55,0.45,0.65,0.6,16/01/19
16/01/19,19/06/20,154.9,320,519.96,1.424547945,0.28675,0.02561509,0.4,0.14,0.66,0.45,16/01/19
16/01/19,19/06/20,154.9,330,519.96,1.424547945,0.30072,0.02561509,0.44,0.4,0.48,0.37,16/01/19
16/01/19,19/06/20,154.9,340,519.96,1.424547945,0.30935,0.02561509,0.43,0.29,0.57,0.59,16/01/19
16/01/19,15/01/21,154.9,75,730,2,0.4318,0.0255,80.25,78,82.5,80.5,16/01/19
16/01/19,15/01/21,154.9,80,730,2,0.41568,0.0255,75.995,73.5,78.49,76,16/01/19
16/01/19,15/01/21,154.9,85,730,2,0.39214,0.0255,71.505,69.01,74,72.05,16/01/19
16/01/19,15/01/21,154.9,90,730,2,0.37919,0.0255,67.245,64.99,69.5,64.48,16/01/19
16/01/19,15/01/21,154.9,95,730,2,0.3648,0.0255,63.005,60.5,65.51,61.7,16/01/19
16/01/19,15/01/21,154.9,100,730,2,0.3612,0.0255,59.2,58.7,59.7,59.2,16/01/19
16/01/19,15/01/21,154.9,105,730,2,0.35265,0.0255,55.25,53,57.5,54.9,16/01/19
16/01/19,15/01/21,154.9,110,730,2,0.35044,0.0255,51.75,49.5,54,51.77,16/01/19
16/01/19,15/01/21,154.9,115,730,2,0.34549,0.0255,48.22,46.44,50,47.9,16/01/19
16/01/19,15/01/21,154.9,120,730,2,0.33416,0.0255,44.4,42.5,46.3,44.75,16/01/19
16/01/19,15/01/21,154.9,125,730,2,0.33953,0.0255,41.75,40,43.5,37.65,16/01/19
16/01/19,15/01/21,154.9,130,730,2,0.33453,0.0255,38.63,37.01,40.25,37.9,16/01/19
16/01/19,15/01/21,154.9,135,730,2,0.32112,0.0255,35,32.5,37.5,35.13,16/01/19
16/01/19,15/01/21,154.9,140,730,2,0.31101,0.0255,31.675,30.35,33,32.3,16/01/19
16/01/19,15/01/21,154.9,145,730,2,0.30752,0.0255,29.005,28,30.01,29.37,16/01/19
16/01/19,15/01/21,154.9,150,730,2,0.30651,0.0255,26.7,26.4,27,26.82,16/01/19
16/01/19,15/01/21,154.9,155,730,2,0.30306,0.0255,24.345,24,24.69,24.65,16/01/19
16/01/19,15/01/21,154.9,160,730,2,0.29701,0.0255,21.885,21.11,22.66,22.15,16/01/19
16/01/19,15/01/21,154.9,165,730,2,0.29456,0.0255,19.885,19.11,20.66,20,16/01/19
16/01/19,15/01/21,154.9,170,730,2,0.29327,0.0255,18.17,17.05,19.29,18.5,16/01/19
16/01/19,15/01/21,154.9,175,730,2,0.29039,0.0255,16.425,15.99,16.86,16.45,16/01/19
16/01/19,15/01/21,154.9,180,730,2,0.29289,0.0255,15.23,14.55,15.91,14.4,16/01/19
16/01/19,15/01/21,154.9,185,730,2,0.2929,0.0255,13.875,13,14.75,13.79,16/01/19
16/01/19,15/01/21,154.9,190,730,2,0.29059,0.0255,12.52,11.74,13.3,12.5,16/01/19
16/01/19,15/01/21,154.9,195,730,2,0.28954,0.0255,11.405,10.61,12.2,10.8,16/01/19
16/01/19,15/01/21,154.9,200,730,2,0.28468,0.0255,9.995,9.69,10.3,9.75,16/01/19
16/01/19,15/01/21,154.9,205,730,2,0.28404,0.0255,9.07,8.5,9.64,8.7,16/01/19
16/01/19,15/01/21,154.9,210,730,2,0.27657,0.0255,7.72,7.45,7.99,8.03,16/01/19
16/01/19,15/01/21,154.9,215,730,2,0.27806,0.0255,7.15,6.8,7.5,7.35,16/01/19
16/01/19,15/01/21,154.9,220,730,2,0.27694,0.0255,6.375,6.05,6.7,6.44,16/01/19
16/01/19,15/01/21,154.9,225,730,2,0.27584,0.0255,5.725,5.6,5.85,5.7,16/01/19
16/01/19,15/01/21,154.9,230,730,2,0.28454,0.0255,5.725,4.8,6.65,5.15,16/01/19
16/01/19,15/01/21,154.9,235,730,2,0.27578,0.0255,4.695,4.25,5.14,4.7,16/01/19
16/01/19,15/01/21,154.9,240,730,2,0.27086,0.0255,4,3.75,4.25,4.15,16/01/19
16/01/19,15/01/21,154.9,245,730,2,0.27581,0.0255,3.855,3.56,4.15,3.66,16/01/19
16/01/19,15/01/21,154.9,250,730,2,0.2747,0.0255,3.46,3.21,3.71,3.45,16/01/19
16/01/19,15/01/21,154.9,255,730,2,0.27514,0.0255,3.15,2.7,3.6,3.25,16/01/19
16/01/19,15/01/21,154.9,260,730,2,0.27781,0.0255,2.96,2.48,3.44,2.75,16/01/19
16/01/19,15/01/21,154.9,265,730,2,0.27997,0.0255,2.745,1.9,3.59,2.5,16/01/19
16/01/19,15/01/21,154.9,270,730,2,0.27982,0.0255,2.525,1.75,3.3,2.32,16/01/19
16/01/19,15/01/21,154.9,280,730,2,0.27022,0.0255,1.74,1.38,2.1,2.07,16/01/19
16/01/19,15/01/21,154.9,290,730,2,0.27557,0.0255,1.59,1.27,1.91,1.6,16/01/19
16/01/19,15/01/21,154.9,300,730,2,0.27996,0.0255,1.405,1.25,1.56,1.35,16/01/19
16/01/19,15/01/21,154.9,310,730,2,0.28287,0.0255,1.235,1.05,1.42,1.2,16/01/19
16/01/19,15/01/21,154.9,320,730,2,0.2806,0.0255,0.985,0.65,1.32,1.2,16/01/19
16/01/19,15/01/21,154.9,330,730,2,0.2956,0.0255,1.105,0.71,1.5,0.9,16/01/19
16/01/19,15/01/21,154.9,340,730,2,0.28814,0.0255,0.805,0.61,1,1,16/01/19
16/01/19,15/01/21,154.9,350,730,2,0.29048,0.0255,0.7,0.4,1,0.9,16/01/19
16/01/19,15/01/21,154.9,360,730,2,0.29726,0.0255,0.695,0.4,0.99,0.7,16/01/19
16/01/19,15/01/21,154.9,370,730,2,0.2963,0.0255,0.575,0.3,0.85,0.68,16/01/19
16/01/19,15/01/21,154.9,380,730,2,0.30096,0.0255,0.54,0.51,0.57,0.58,16/01/19
16/01/19,18/06/21,154.9,75,883.96,2.421808219,0.41177,0.025415638,80.525,78.05,83,0,16/01/19
16/01/19,18/06/21,154.9,80,883.96,2.421808219,0.40308,0.025415638,76.5,74,79,0,16/01/19
16/01/19,18/06/21,154.9,85,883.96,2.421808219,0.38084,0.025415638,72.02,69.54,74.5,0,16/01/19
16/01/19,18/06/21,154.9,90,883.96,2.421808219,0.37214,0.025415638,68,65.5,70.5,0,16/01/19
16/01/19,18/06/21,154.9,95,883.96,2.421808219,0.3636,0.025415638,63.995,61.5,66.49,0,16/01/19
16/01/19,18/06/21,154.9,100,883.96,2.421808219,0.38276,0.025415638,61.545,60.1,62.99,60.95,16/01/19
16/01/19,18/06/21,154.9,105,883.96,2.421808219,0.34278,0.025415638,56.02,53.55,58.49,0,16/01/19
16/01/19,18/06/21,154.9,110,883.96,2.421808219,0.33858,0.025415638,52.535,50.06,55.01,50,16/01/19
16/01/19,18/06/21,154.9,115,883.96,2.421808219,0.33352,0.025415638,49.025,46.55,51.5,50,16/01/19
16/01/19,18/06/21,154.9,120,883.96,2.421808219,0.33387,0.025415638,46.025,43.56,48.49,46.4,16/01/19
16/01/19,18/06/21,154.9,125,883.96,2.421808219,0.33122,0.025415638,43.03,40.55,45.51,0,16/01/19
16/01/19,18/06/21,154.9,130,883.96,2.421808219,0.3304,0.025415638,40.25,38,42.5,41,16/01/19
16/01/19,18/06/21,154.9,135,883.96,2.421808219,0.32245,0.025415638,37.025,34.55,39.5,0,16/01/19
16/01/19,18/06/21,154.9,140,883.96,2.421808219,0.32,0.025415638,34.475,32,36.95,35,16/01/19
16/01/19,18/06/21,154.9,145,883.96,2.421808219,0.31374,0.025415638,31.57,29.14,34,0,16/01/19
16/01/19,18/06/21,154.9,150,883.96,2.421808219,0.31584,0.025415638,29.65,28.3,31,30,16/01/19
16/01/19,18/06/21,154.9,155,883.96,2.421808219,0.3129,0.025415638,27.375,25.25,29.5,26.66,16/01/19
16/01/19,18/06/21,154.9,160,883.96,2.421808219,0.30663,0.025415638,24.97,22.5,27.44,25.35,16/01/19
16/01/19,18/06/21,154.9,165,883.96,2.421808219,0.30651,0.025415638,23.17,20.84,25.5,22.55,16/01/19
16/01/19,18/06/21,154.9,170,883.96,2.421808219,0.30179,0.025415638,21.08,18.65,23.51,21.8,16/01/19
16/01/19,18/06/21,154.9,175,883.96,2.421808219,0.30281,0.025415638,19.675,17.55,21.8,19.8,16/01/19
16/01/19,18/06/21,154.9,180,883.96,2.421808219,0.30157,0.025415638,18.1,17.7,18.5,17.75,16/01/19
16/01/19,18/06/21,154.9,185,883.96,2.421808219,0.29395,0.025415638,16.1,13.69,18.51,0,16/01/19
16/01/19,18/06/21,154.9,190,883.96,2.421808219,0.29182,0.025415638,14.7,12.39,17.01,0,16/01/19
16/01/19,18/06/21,154.9,195,883.96,2.421808219,0.29124,0.025415638,13.55,11.25,15.85,0,16/01/19
16/01/19,18/06/21,154.9,200,883.96,2.421808219,0.28755,0.025415638,12.2,10.4,14,12.4,16/01/19
16/01/19,18/06/21,154.9,205,883.96,2.421808219,0.28772,0.025415638,11.28,9.05,13.51,0,16/01/19
16/01/19,18/06/21,154.9,210,883.96,2.421808219,0.2863,0.025415638,10.25,8.05,12.45,0,16/01/19
16/01/19,18/06/21,154.9,215,883.96,2.421808219,0.28461,0.025415638,9.355,7.21,11.5,0,16/01/19
16/01/19,18/06/21,154.9,220,883.96,2.421808219,0.28335,0.025415638,8.52,6.44,10.6,0,16/01/19
16/01/19,18/06/21,154.9,225,883.96,2.421808219,0.282,0.025415638,7.78,5.8,9.76,7.55,16/01/19
16/01/19,18/06/21,154.9,230,883.96,2.421808219,0.28052,0.025415638,7.055,5.11,9,7.08,16/01/19
16/01/19,18/06/21,154.9,235,883.96,2.421808219,0.28005,0.025415638,6.425,4.55,8.3,0,16/01/19
16/01/19,18/06/21,154.9,240,883.96,2.421808219,0.27899,0.025415638,5.825,4,7.65,4.84,16/01/19
16/01/19,18/06/21,154.9,245,883.96,2.421808219,0.28176,0.025415638,5.55,4,7.1,0,16/01/19
16/01/19,18/06/21,154.9,250,883.96,2.421808219,0.27614,0.025415638,4.78,3.5,6.06,5.11,16/01/19
16/01/19,18/06/21,154.9,260,883.96,2.421808219,0.27628,0.025415638,4.05,2.5,5.6,3.5,16/01/19
16/01/19,18/06/21,154.9,270,883.96,2.421808219,0.27643,0.025415638,3.42,1.98,4.86,0,16/01/19
16/01/19,18/06/21,154.9,280,883.96,2.421808219,0.27697,0.025415638,2.925,1.59,4.26,0,16/01/19
16/01/19,18/06/21,154.9,290,883.96,2.421808219,0.27773,0.025415638,2.475,1.26,3.69,0,16/01/19
16/01/19,18/06/21,154.9,300,883.96,2.421808219,0.27087,0.025415638,1.85,1.5,2.2,2,16/01/19
17/01/19,18/01/19,155.86,146,1,0.002739726,0.59001,0.0241,10.005,9.7,10.31,11.65,17/01/19
17/01/19,18/01/19,155.86,155,1,0.002739726,0.18215,0.0241,1.295,1.28,1.31,1.28,17/01/19
17/01/19,18/01/19,155.86,157.5,1,0.002739726,0.20176,0.0241,0.32,0.31,0.33,0.31,17/01/19
17/01/19,18/01/19,155.86,160,1,0.002739726,0.24134,0.0241,0.09,0.08,0.1,0.08,17/01/19
17/01/19,18/01/19,155.86,162.5,1,0.002739726,0.29515,0.0241,0.035,0.03,0.04,0.04,17/01/19
17/01/19,18/01/19,155.86,165,1,0.002739726,0.36188,0.0241,0.03,0.03,0.03,0.02,17/01/19
17/01/19,18/01/19,155.86,167.5,1,0.002739726,0.41353,0.0241,0.015,0.01,0.02,0.02,17/01/19
17/01/19,18/01/19,155.86,170,1,0.002739726,0.43156,0.0241,0.005,0,0.01,0.01,17/01/19
17/01/19,18/01/19,155.86,172.5,1,0.002739726,0.4966,0.0241,0.01,0,0.02,0.01,17/01/19
17/01/19,18/01/19,155.86,175,1,0.002739726,0.5588,0.0241,0.005,0,0.01,0.01,17/01/19
17/01/19,18/01/19,155.86,177.5,1,0.002739726,0.66451,0.0241,0.005,0,0.01,0.01,17/01/19
17/01/19,18/01/19,155.86,180,1,0.002739726,0.67911,0.0241,0.01,0,0.02,0.01,17/01/19
17/01/19,18/01/19,155.86,182.5,1,0.002739726,0.73711,0.0241,0.01,0,0.02,0.01,17/01/19
17/01/19,18/01/19,155.86,185,1,0.002739726,0.79424,0.0241,0.005,0,0.01,0.01,17/01/19
17/01/19,18/01/19,155.86,190,1,0.002739726,0.90495,0.0241,0,0,0,0.01,17/01/19
17/01/19,18/01/19,155.86,195,1,0.002739726,1.01112,0.0241,0.005,0,0.01,0.01,17/01/19
17/01/19,18/01/19,155.86,200,1,0.002739726,1.11382,0.0241,0,0,0,0.01,17/01/19
17/01/19,18/01/19,155.86,205,1,0.002739726,1.21323,0.0241,0.005,0,0.01,0.01,17/01/19
17/01/19,18/01/19,155.86,210,1,0.002739726,1.30885,0.0241,0.005,0,0.01,0.01,17/01/19
17/01/19,18/01/19,155.86,215,1,0.002739726,1.40199,0.0241,0.005,0,0.01,0.01,17/01/19
17/01/19,18/01/19,155.86,220,1,0.002739726,1.49248,0.0241,0,0,0,0.01,17/01/19
17/01/19,18/01/19,155.86,225,1,0.002739726,1.58058,0.0241,0.01,0,0.02,0.01,17/01/19
17/01/19,18/01/19,155.86,230,1,0.002739726,1.66609,0.0241,0.005,0,0.01,0.01,17/01/19
17/01/19,18/01/19,155.86,235,1,0.002739726,1.74905,0.0241,0.005,0,0.01,0.01,17/01/19
17/01/19,18/01/19,155.86,240,1,0.002739726,1.82969,0.0241,0.005,0,0.01,0.01,17/01/19
17/01/19,18/01/19,155.86,245,1,0.002739726,1.90886,0.0241,0,0,0,0.01,17/01/19
17/01/19,18/01/19,155.86,250,1,0.002739726,1.98542,0.0241,0,0,0,0.01,17/01/19
17/01/19,18/01/19,155.86,255,1,0.002739726,2.06145,0.0241,0.005,0,0.01,0.01,17/01/19
17/01/19,18/01/19,155.86,260,1,0.002739726,2.13484,0.0241,0.005,0,0.01,0.01,17/01/19
17/01/19,18/01/19,155.86,265,1,0.002739726,2.2057,0.0241,0.005,0,0.01,0.01,17/01/19
17/01/19,18/01/19,155.86,270,1,0.002739726,2.27607,0.0241,0.005,0,0.01,0.01,17/01/19
17/01/19,18/01/19,155.86,275,1,0.002739726,2.3451,0.0241,0.005,0,0.01,0.01,17/01/19
17/01/19,18/01/19,155.86,280,1,0.002739726,2.41206,0.0241,0.005,0,0.01,0.01,17/01/19
17/01/19,18/01/19,155.86,285,1,0.002739726,2.4776,0.0241,0.005,0,0.01,0.01,17/01/19
17/01/19,18/01/19,155.86,290,1,0.002739726,2.54247,0.0241,0.005,0,0.01,0.01,17/01/19
17/01/19,18/01/19,155.86,295,1,0.002739726,2.606,0.0241,0.005,0,0.01,0.01,17/01/19
17/01/19,18/01/19,155.86,300,1,0.002739726,2.66799,0.0241,0.005,0,0.01,0.01,17/01/19
17/01/19,18/01/19,155.86,305,1,0.002739726,2.72845,0.0241,0.005,0,0.01,0.01,17/01/19
17/01/19,18/01/19,155.86,310,1,0.002739726,3.64369,0.0241,0.1,0,0.2,0.02,17/01/19
17/01/19,18/01/19,155.86,315,1,0.002739726,2.84626,0.0241,0.005,0,0.01,0.02,17/01/19
17/01/19,18/01/19,155.86,320,1,0.002739726,4.22198,0.0241,0.245,0,0.49,0.01,17/01/19
17/01/19,18/01/19,155.86,325,1,0.002739726,2.9599,0.0241,0.01,0,0.02,0.01,17/01/19
17/01/19,18/01/19,155.86,330,1,0.002739726,4.61319,0.0241,0.375,0,0.75,0.06,17/01/19
17/01/19,18/01/19,155.86,335,1,0.002739726,3.06984,0.0241,0.005,0,0.01,0.02,17/01/19
17/01/19,18/01/19,155.86,340,1,0.002739726,3.12341,0.0241,0.005,0,0.01,0.01,17/01/19
17/01/19,18/01/19,155.86,345,1,0.002739726,3.34706,0.0241,0.005,0,0.01,0.01,17/01/19
17/01/19,18/01/19,155.86,350,1,0.002739726,5.74314,0.0241,1.065,0,2.13,0.01,17/01/19
17/01/19,18/01/19,155.86,355,1,0.002739726,3.27898,0.0241,0,0,0,0.02,17/01/19
17/01/19,18/01/19,155.86,360,1,0.002739726,4.78694,0.0241,0.25,0,0.5,0.03,17/01/19
17/01/19,18/01/19,155.86,365,1,0.002739726,3.55612,0.0241,0.01,0,0.02,0.02,17/01/19
17/01/19,18/01/19,155.86,370,1,0.002739726,3.42747,0.0241,0.005,0,0.01,0.01,17/01/19
17/01/19,18/01/19,155.86,375,1,0.002739726,3.65616,0.0241,0.005,0,0.01,0.01,17/01/19
17/01/19,25/01/19,155.86,145,8,0.021917808,0.29731,0.0241,10.97,10.74,11.2,10.8,17/01/19
17/01/19,25/01/19,155.86,147,8,0.021917808,0.22218,0.0241,8.905,8.76,9.05,9,17/01/19
17/01/19,25/01/19,155.86,148,8,0.021917808,0.22695,0.0241,7.975,7.85,8.1,7.89,17/01/19
17/01/19,25/01/19,155.86,149,8,0.021917808,0.22907,0.0241,7.07,6.94,7.2,7.01,17/01/19
17/01/19,25/01/19,155.86,150,8,0.021917808,0.24308,0.0241,6.275,6.21,6.34,6.26,17/01/19
17/01/19,25/01/19,155.86,152.5,8,0.021917808,0.22297,0.0241,4.17,4.1,4.24,4.3,17/01/19
17/01/19,25/01/19,155.86,155,8,0.021917808,0.2197,0.0241,2.545,2.53,2.56,2.55,17/01/19
17/01/19,25/01/19,155.86,157.5,8,0.021917808,0.21584,0.0241,1.365,1.36,1.37,1.35,17/01/19
17/01/19,25/01/19,155.86,160,8,0.021917808,0.21507,0.0241,0.65,0.63,0.67,0.64,17/01/19
17/01/19,25/01/19,155.86,162.5,8,0.021917808,0.21634,0.0241,0.27,0.26,0.28,0.28,17/01/19
17/01/19,25/01/19,155.86,165,8,0.021917808,0.22768,0.0241,0.125,0.12,0.13,0.13,17/01/19
17/01/19,25/01/19,155.86,167.5,8,0.021917808,0.24715,0.0241,0.075,0.06,0.09,0.08,17/01/19
17/01/19,25/01/19,155.86,170,8,0.021917808,0.266,0.0241,0.05,0.05,0.05,0.05,17/01/19
17/01/19,25/01/19,155.86,172.5,8,0.021917808,0.27988,0.0241,0.035,0.03,0.04,0.03,17/01/19
17/01/19,25/01/19,155.86,175,8,0.021917808,0.31466,0.0241,0.03,0.03,0.03,0.03,17/01/19
17/01/19,25/01/19,155.86,177.5,8,0.021917808,0.34801,0.0241,0.03,0,0.06,0.01,17/01/19
17/01/19,25/01/19,155.86,180,8,0.021917808,0.36898,0.0241,0.025,0.01,0.04,0.02,17/01/19
17/01/19,25/01/19,155.86,182.5,8,0.021917808,0.41086,0.0241,0.025,0,0.05,0.02,17/01/19
17/01/19,25/01/19,155.86,185,8,0.021917808,0.41773,0.0241,0.01,0,0.02,0.02,17/01/19
17/01/19,25/01/19,155.86,187.5,8,0.021917808,0.47248,0.0241,0.025,0,0.05,0.02,17/01/19
17/01/19,25/01/19,155.86,190,8,0.021917808,0.45558,0.0241,0.005,0,0.01,0.01,17/01/19
17/01/19,25/01/19,155.86,192.5,8,0.021917808,0.5182,0.0241,0.02,0,0.04,0.01,17/01/19
17/01/19,25/01/19,155.86,195,8,0.021917808,0.50899,0.0241,0.015,0,0.03,0.01,17/01/19
17/01/19,25/01/19,155.86,197.5,8,0.021917808,0.57278,0.0241,0.025,0,0.05,0.01,17/01/19
17/01/19,25/01/19,155.86,200,8,0.021917808,0.55965,0.0241,0.01,0,0.02,0.01,17/01/19
17/01/19,25/01/19,155.86,202.5,8,0.021917808,0.54912,0.0241,0.005,0,0.01,0.01,17/01/19
17/01/19,25/01/19,155.86,205,8,0.021917808,0.65081,0.0241,0.02,0,0.04,0.01,17/01/19
17/01/19,25/01/19,155.86,207.5,8,0.021917808,0.67736,0.0241,0.015,0,0.03,0.02,17/01/19
17/01/19,25/01/19,155.86,210,8,0.021917808,0.61766,0.0241,0,0,0,0.02,17/01/19
17/01/19,25/01/19,155.86,212.5,8,0.021917808,0.70601,0.0241,0.015,0,0.03,0.16,17/01/19
17/01/19,25/01/19,155.86,215,8,0.021917808,0.7506,0.0241,0.02,0,0.04,0.2,17/01/19
17/01/19,25/01/19,155.86,220,8,0.021917808,0.79751,0.0241,0.02,0,0.04,0.01,17/01/19
17/01/19,25/01/19,155.86,225,8,0.021917808,0.84278,0.0241,0.02,0,0.04,0.03,17/01/19
17/01/19,01/02/19,155.86,132,15,0.04109589,0.47355,0.0241,23.97,23.35,24.59,0,17/01/19
17/01/19,01/02/19,155.86,133,15,0.04109589,0.45264,0.0241,22.98,22.4,23.56,0,17/01/19
17/01/19,01/02/19,155.86,134,15,0.04109589,0.43877,0.0241,22,21.4,22.6,19.59,17/01/19
17/01/19,01/02/19,155.86,135,15,0.04109589,0.43917,0.0241,21.07,20.49,21.65,20.7,17/01/19
17/01/19,01/02/19,155.86,136,15,0.04109589,0.42485,0.0241,20.1,19.85,20.35,14.7,17/01/19
17/01/19,01/02/19,155.86,137,15,0.04109589,0.41141,0.0241,19.13,18.9,19.36,12.55,17/01/19
17/01/19,01/02/19,155.86,138,15,0.04109589,0.40222,0.0241,18.17,17.94,18.4,13,17/01/19
17/01/19,01/02/19,155.86,139,15,0.04109589,0.3878,0.0241,17.2,17.01,17.39,16.5,17/01/19
17/01/19,01/02/19,155.86,140,15,0.04109589,0.3685,0.0241,16.2,16,16.4,16.41,17/01/19
17/01/19,01/02/19,155.86,141,15,0.04109589,0.36826,0.0241,15.305,15.11,15.5,13.01,17/01/19
17/01/19,01/02/19,155.86,142,15,0.04109589,0.36481,0.0241,14.4,14.2,14.6,13.86,17/01/19
17/01/19,01/02/19,155.86,143,15,0.04109589,0.36081,0.0241,13.5,13.3,13.7,15.4,17/01/19
17/01/19,01/02/19,155.86,144,15,0.04109589,0.35694,0.0241,12.625,12.45,12.8,12.8,17/01/19
17/01/19,01/02/19,155.86,145,15,0.04109589,0.35459,0.0241,11.775,11.6,11.95,11.65,17/01/19
17/01/19,01/02/19,155.86,146,15,0.04109589,0.36179,0.0241,11.035,10.86,11.21,11.05,17/01/19
17/01/19,01/02/19,155.86,147,15,0.04109589,0.35232,0.0241,10.16,10.01,10.31,10,17/01/19
17/01/19,01/02/19,155.86,148,15,0.04109589,0.3507,0.0241,9.365,9.24,9.49,9.54,17/01/19
17/01/19,01/02/19,155.86,149,15,0.04109589,0.34602,0.0241,8.6,8.5,8.7,8.73,17/01/19
17/01/19,01/02/19,155.86,150,15,0.04109589,0.3483,0.0241,7.925,7.75,8.1,8,17/01/19
17/01/19,01/02/19,155.86,152.5,15,0.04109589,0.34309,0.0241,6.25,6.15,6.35,6.25,17/01/19
17/01/19,01/02/19,155.86,155,15,0.04109589,0.3337,0.0241,4.73,4.65,4.81,4.8,17/01/19
17/01/19,01/02/19,155.86,157.5,15,0.04109589,0.32969,0.0241,3.5,3.45,3.55,3.45,17/01/19
17/01/19,01/02/19,155.86,160,15,0.04109589,0.32339,0.0241,2.475,2.45,2.5,2.45,17/01/19
17/01/19,01/02/19,155.86,162.5,15,0.04109589,0.31638,0.0241,1.67,1.64,1.7,1.67,17/01/19
17/01/19,01/02/19,155.86,165,15,0.04109589,0.31442,0.0241,1.115,1.11,1.12,1.1,17/01/19
17/01/19,01/02/19,155.86,167.5,15,0.04109589,0.31283,0.0241,0.715,0.71,0.72,0.71,17/01/19
17/01/19,01/02/19,155.86,170,15,0.04109589,0.3146,0.0241,0.465,0.45,0.48,0.46,17/01/19
17/01/19,01/02/19,155.86,172.5,15,0.04109589,0.31638,0.0241,0.29,0.27,0.31,0.3,17/01/19
17/01/19,01/02/19,155.86,175,15,0.04109589,0.32774,0.0241,0.215,0.2,0.23,0.21,17/01/19
17/01/19,01/02/19,155.86,177.5,15,0.04109589,0.34019,0.0241,0.155,0.13,0.18,0.15,17/01/19
17/01/19,01/02/19,155.86,180,15,0.04109589,0.34934,0.0241,0.105,0.08,0.13,0.11,17/01/19
17/01/19,01/02/19,155.86,182.5,15,0.04109589,0.36805,0.0241,0.09,0.06,0.12,0.09,17/01/19
17/01/19,01/02/19,155.86,185,15,0.04109589,0.38081,0.0241,0.08,0.05,0.11,0.1,17/01/19
17/01/19,01/02/19,155.86,187.5,15,0.04109589,0.40273,0.0241,0.07,0.05,0.09,0.05,17/01/19
17/01/19,01/02/19,155.86,190,15,0.04109589,0.41308,0.0241,0.05,0.01,0.09,0.05,17/01/19
17/01/19,01/02/19,155.86,192.5,15,0.04109589,0.42599,0.0241,0.05,0.01,0.09,0.04,17/01/19
17/01/19,01/02/19,155.86,195,15,0.04109589,0.44171,0.0241,0.04,0.01,0.07,0.03,17/01/19
17/01/19,01/02/19,155.86,197.5,15,0.04109589,0.44876,0.0241,0.025,0,0.05,0.04,17/01/19
17/01/19,01/02/19,155.86,200,15,0.04109589,0.469,0.0241,0.025,0,0.05,0.03,17/01/19
17/01/19,01/02/19,155.86,202.5,15,0.04109589,0.48019,0.0241,0.025,0,0.05,0.02,17/01/19
17/01/19,01/02/19,155.86,205,15,0.04109589,0.49887,0.0241,0.02,0,0.04,0.02,17/01/19
17/01/19,01/02/19,155.86,207.5,15,0.04109589,0.50815,0.0241,0.02,0,0.04,0.03,17/01/19
17/01/19,08/02/19,155.86,120,22,0.060273973,0.63666,0.0241,35.92,35.3,36.54,35.99,17/01/19
17/01/19,08/02/19,155.86,125,22,0.060273973,0.52763,0.0241,30.905,30.16,31.65,33.14,17/01/19
17/01/19,08/02/19,155.86,130,22,0.060273973,0.43232,0.0241,25.89,25.29,26.49,26.05,17/01/19
17/01/19,08/02/19,155.86,132,22,0.060273973,0.44888,0.0241,24.105,23.45,24.76,18.7,17/01/19
17/01/19,08/02/19,155.86,133,22,0.060273973,0.44742,0.0241,23.17,22.54,23.8,17.65,17/01/19
17/01/19,08/02/19,155.86,134,22,0.060273973,0.41381,0.0241,22.11,21.71,22.51,21.7,17/01/19
17/01/19,08/02/19,155.86,135,22,0.060273973,0.4168,0.0241,21.2,20.85,21.55,17.7,17/01/19
17/01/19,08/02/19,155.86,136,22,0.060273973,0.39507,0.0241,20.17,19.94,20.4,19.3,17/01/19
17/01/19,08/02/19,155.86,137,22,0.060273973,0.40418,0.0241,19.32,19.09,19.55,16.8,17/01/19
17/01/19,08/02/19,155.86,138,22,0.060273973,0.37888,0.0241,18.275,18.05,18.5,13.95,17/01/19
17/01/19,08/02/19,155.86,139,22,0.060273973,0.37693,0.0241,17.375,17.15,17.6,14.32,17/01/19
17/01/19,08/02/19,155.86,140,22,0.060273973,0.37989,0.0241,16.52,16.35,16.69,18.3,17/01/19
17/01/19,08/02/19,155.86,141,22,0.060273973,0.37716,0.0241,15.645,15.45,15.84,11.05,17/01/19
17/01/19,08/02/19,155.86,142,22,0.060273973,0.36406,0.0241,14.7,14.49,14.91,14.24,17/01/19
17/01/19,08/02/19,155.86,143,22,0.060273973,0.36236,0.0241,13.85,13.65,14.05,12.9,17/01/19
17/01/19,08/02/19,155.86,144,22,0.060273973,0.35528,0.0241,12.98,12.81,13.15,12.8,17/01/19
17/01/19,08/02/19,155.86,145,22,0.060273973,0.35832,0.0241,12.225,12.05,12.4,11.83,17/01/19
17/01/19,08/02/19,155.86,146,22,0.060273973,0.34664,0.0241,11.32,11.14,11.5,10.5,17/01/19
17/01/19,08/02/19,155.86,147,22,0.060273973,0.34382,0.0241,10.55,10.4,10.7,10.63,17/01/19
17/01/19,08/02/19,155.86,148,22,0.060273973,0.34045,0.0241,9.775,9.6,9.95,9.32,17/01/19
17/01/19,08/02/19,155.86,149,22,0.060273973,0.34192,0.0241,9.1,8.95,9.25,10.49,17/01/19
17/01/19,08/02/19,155.86,150,22,0.060273973,0.33555,0.0241,8.35,8.2,8.5,8.46,17/01/19
17/01/19,08/02/19,155.86,152.5,22,0.060273973,0.33092,0.0241,6.745,6.6,6.89,6.5,17/01/19
17/01/19,08/02/19,155.86,155,22,0.060273973,0.32184,0.0241,5.255,5.15,5.36,5.16,17/01/19
17/01/19,08/02/19,155.86,157.5,22,0.060273973,0.31412,0.0241,3.97,3.89,4.05,3.89,17/01/19
17/01/19,08/02/19,155.86,160,22,0.060273973,0.30521,0.0241,2.89,2.83,2.95,2.9,17/01/19
17/01/19,08/02/19,155.86,162.5,22,0.060273973,0.30195,0.0241,2.085,2.04,2.13,2.08,17/01/19
17/01/19,08/02/19,155.86,165,22,0.060273973,0.29721,0.0241,1.44,1.41,1.47,1.39,17/01/19
17/01/19,08/02/19,155.86,167.5,22,0.060273973,0.29352,0.0241,0.97,0.95,0.99,0.99,17/01/19
17/01/19,08/02/19,155.86,170,22,0.060273973,0.2936,0.0241,0.655,0.63,0.68,0.65,17/01/19
17/01/19,08/02/19,155.86,172.5,22,0.060273973,0.29574,0.0241,0.445,0.41,0.48,0.38,17/01/19
17/01/19,08/02/19,155.86,175,22,0.060273973,0.30056,0.0241,0.31,0.29,0.33,0.32,17/01/19
17/01/19,08/02/19,155.86,177.5,22,0.060273973,0.31008,0.0241,0.24,0.21,0.27,0.17,17/01/19
17/01/19,08/02/19,155.86,180,22,0.060273973,0.31862,0.0241,0.175,0.15,0.2,0.19,17/01/19
17/01/19,08/02/19,155.86,182.5,22,0.060273973,0.33192,0.0241,0.145,0.12,0.17,0.14,17/01/19
17/01/19,08/02/19,155.86,185,22,0.060273973,0.34206,0.0241,0.12,0.09,0.15,0.1,17/01/19
17/01/19,08/02/19,155.86,187.5,22,0.060273973,0.35419,0.0241,0.095,0.07,0.12,0.1,17/01/19
17/01/19,08/02/19,155.86,190,22,0.060273973,0.36905,0.0241,0.085,0.06,0.11,0.06,17/01/19
17/01/19,08/02/19,155.86,192.5,22,0.060273973,0.38255,0.0241,0.075,0.05,0.1,0.07,17/01/19
17/01/19,08/02/19,155.86,195,22,0.060273973,0.39432,0.0241,0.065,0.04,0.09,0.09,17/01/19
17/01/19,08/02/19,155.86,200,22,0.060273973,0.42328,0.0241,0.05,0.03,0.07,0.06,17/01/19
17/01/19,15/02/19,155.86,125,29,0.079452055,0.49342,0.0241,30.975,30.8,31.15,31.3,17/01/19
17/01/19,15/02/19,155.86,130,29,0.079452055,0.41181,0.0241,25.975,25.86,26.09,27.01,17/01/19
17/01/19,15/02/19,155.86,135,29,0.079452055,0.38004,0.0241,21.2,21.05,21.35,21.83,17/01/19
17/01/19,15/02/19,155.86,140,29,0.079452055,0.35677,0.0241,16.62,16.5,16.74,17.82,17/01/19
17/01/19,15/02/19,155.86,145,29,0.079452055,0.33436,0.0241,12.35,12.24,12.46,12.41,17/01/19
17/01/19,15/02/19,155.86,150,29,0.079452055,0.3183,0.0241,8.63,8.56,8.7,8.7,17/01/19
17/01/19,15/02/19,155.86,155,29,0.079452055,0.30444,0.0241,5.545,5.49,5.6,5.6,17/01/19
17/01/19,15/02/19,155.86,160,29,0.079452055,0.29256,0.0241,3.25,3.21,3.29,3.3,17/01/19
17/01/19,15/02/19,155.86,165,29,0.079452055,0.28364,0.0241,1.715,1.7,1.73,1.73,17/01/19
17/01/19,15/02/19,155.86,170,29,0.079452055,0.28186,0.0241,0.865,0.82,0.91,0.84,17/01/19
17/01/19,15/02/19,155.86,175,29,0.079452055,0.28421,0.0241,0.415,0.4,0.43,0.43,17/01/19
17/01/19,15/02/19,155.86,180,29,0.079452055,0.29387,0.0241,0.225,0.21,0.24,0.22,17/01/19
17/01/19,15/02/19,155.86,185,29,0.079452055,0.3094,0.0241,0.125,0.11,0.14,0.13,17/01/19
17/01/19,15/02/19,155.86,190,29,0.079452055,0.33268,0.0241,0.095,0.08,0.11,0.1,17/01/19
17/01/19,15/02/19,155.86,195,29,0.079452055,0.3565,0.0241,0.075,0.06,0.09,0.06,17/01/19
17/01/19,15/02/19,155.86,200,29,0.079452055,0.37223,0.0241,0.045,0.04,0.05,0.05,17/01/19
17/01/19,15/02/19,155.86,205,29,0.079452055,0.38869,0.0241,0.045,0.04,0.05,0.05,17/01/19
17/01/19,15/02/19,155.86,210,29,0.079452055,0.39689,0.0241,0.035,0.03,0.04,0.03,17/01/19
17/01/19,15/02/19,155.86,215,29,0.079452055,0.40322,0.0241,0.015,0.01,0.02,0.02,17/01/19
17/01/19,15/02/19,155.86,220,29,0.079452055,0.42949,0.0241,0.015,0.01,0.02,0.02,17/01/19
17/01/19,15/02/19,155.86,225,29,0.079452055,0.45256,0.0241,0.015,0.01,0.02,0.01,17/01/19
17/01/19,15/02/19,155.86,230,29,0.079452055,0.43401,0.0241,0.005,0,0.01,0.02,17/01/19
17/01/19,15/02/19,155.86,235,29,0.079452055,0.48191,0.0241,0.01,0,0.02,0.01,17/01/19
17/01/19,15/02/19,155.86,240,29,0.079452055,0.47575,0.0241,0.005,0,0.01,0.02,17/01/19
17/01/19,15/02/19,155.86,245,29,0.079452055,0.49593,0.0241,0.01,0,0.02,0.01,17/01/19
17/01/19,15/02/19,155.86,250,29,0.079452055,0.51661,0.0241,0.005,0,0.01,0.01,17/01/19
17/01/19,15/02/19,155.86,255,29,0.079452055,0.53599,0.0241,0.005,0,0.01,0.02,17/01/19
17/01/19,15/02/19,155.86,260,29,0.079452055,0.587,0.0241,0.015,0,0.03,0.01,17/01/19
17/01/19,15/02/19,155.86,265,29,0.079452055,0.60679,0.0241,0.015,0,0.03,0.01,17/01/19
17/01/19,15/02/19,155.86,270,29,0.079452055,0.62478,0.0241,0.01,0,0.02,0.03,17/01/19
17/01/19,15/02/19,155.86,275,29,0.079452055,0.64276,0.0241,0.005,0,0.01,0.01,17/01/19
17/01/19,15/02/19,155.86,280,29,0.079452055,0.66108,0.0241,0.01,0,0.02,0.01,17/01/19
17/01/19,15/02/19,155.86,285,29,0.079452055,0.68061,0.0241,0.01,0,0.02,0.04,17/01/19
17/01/19,15/02/19,155.86,290,29,0.079452055,0.71997,0.0241,0.02,0,0.04,0.01,17/01/19
17/01/19,15/02/19,155.86,295,29,0.079452055,0.67592,0.0241,0,0,0,0.01,17/01/19
17/01/19,15/02/19,155.86,300,29,0.079452055,0.69252,0.0241,0.005,0,0.01,0.01,17/01/19
17/01/19,15/02/19,155.86,310,29,0.079452055,0.7897,0.0241,0.015,0,0.03,0.01,17/01/19
17/01/19,15/02/19,155.86,320,29,0.079452055,0.79444,0.0241,0.01,0,0.02,0.02,17/01/19
17/01/19,22/02/19,155.86,110,36,0.098630137,0.69291,0.0241,45.905,45.66,46.15,35.76,17/01/19
17/01/19,22/02/19,155.86,125,36,0.098630137,0.46051,0.0241,31.055,30.86,31.25,23.8,17/01/19
17/01/19,22/02/19,155.86,130,36,0.098630137,0.37675,0.0241,26.005,25.75,26.26,24.09,17/01/19
17/01/19,22/02/19,155.86,132,36,0.098630137,0.38843,0.0241,24.215,23.99,24.44,0,17/01/19
17/01/19,22/02/19,155.86,133,36,0.098630137,0.38126,0.0241,23.27,23.04,23.5,0,17/01/19
17/01/19,22/02/19,155.86,134,36,0.098630137,0.37142,0.0241,22.295,22.1,22.49,17.05,17/01/19
17/01/19,22/02/19,155.86,135,36,0.098630137,0.36627,0.0241,21.375,21.15,21.6,20.25,17/01/19
17/01/19,22/02/19,155.86,136,36,0.098630137,0.34978,0.0241,20.35,20.15,20.55,17.71,17/01/19
17/01/19,22/02/19,155.86,137,36,0.098630137,0.35869,0.0241,19.55,19.35,19.75,0,17/01/19
17/01/19,22/02/19,155.86,138,36,0.098630137,0.33846,0.0241,18.5,18.3,18.7,0,17/01/19
17/01/19,22/02/19,155.86,139,36,0.098630137,0.34664,0.0241,17.725,17.49,17.96,0,17/01/19
17/01/19,22/02/19,155.86,140,36,0.098630137,0.33583,0.0241,16.775,16.6,16.95,15.33,17/01/19
17/01/19,22/02/19,155.86,141,36,0.098630137,0.33157,0.0241,15.9,15.7,16.1,15.17,17/01/19
17/01/19,22/02/19,155.86,142,36,0.098630137,0.33428,0.0241,15.12,14.94,15.3,11.85,17/01/19
17/01/19,22/02/19,155.86,143,36,0.098630137,0.32184,0.0241,14.175,14,14.35,13.5,17/01/19
17/01/19,22/02/19,155.86,144,36,0.098630137,0.32001,0.0241,13.375,13.2,13.55,13.15,17/01/19
17/01/19,22/02/19,155.86,145,36,0.098630137,0.31691,0.0241,12.58,12.46,12.7,11.65,17/01/19
17/01/19,22/02/19,155.86,146,36,0.098630137,0.31428,0.0241,11.795,11.64,11.95,10.5,17/01/19
17/01/19,22/02/19,155.86,147,36,0.098630137,0.31153,0.0241,11.05,10.9,11.2,11.55,17/01/19
17/01/19,22/02/19,155.86,148,36,0.098630137,0.31162,0.0241,10.355,10.21,10.5,10.45,17/01/19
17/01/19,22/02/19,155.86,149,36,0.098630137,0.30646,0.0241,9.6,9.44,9.76,9.59,17/01/19
17/01/19,22/02/19,155.86,150,36,0.098630137,0.30468,0.0241,8.92,8.8,9.04,8.75,17/01/19
17/01/19,22/02/19,155.86,152.5,36,0.098630137,0.29635,0.0241,7.295,7.2,7.39,6.75,17/01/19
17/01/19,22/02/19,155.86,155,36,0.098630137,0.29527,0.0241,5.95,5.85,6.05,5.9,17/01/19
17/01/19,22/02/19,155.86,157.5,36,0.098630137,0.28523,0.0241,4.625,4.55,4.7,4.6,17/01/19
17/01/19,22/02/19,155.86,160,36,0.098630137,0.28254,0.0241,3.6,3.5,3.7,3.55,17/01/19
17/01/19,22/02/19,155.86,162.5,36,0.098630137,0.27608,0.0241,2.67,2.62,2.72,2.8,17/01/19
17/01/19,22/02/19,155.86,165,36,0.098630137,0.27319,0.0241,1.98,1.93,2.03,1.97,17/01/19
17/01/19,22/02/19,155.86,167.5,36,0.098630137,0.27102,0.0241,1.45,1.41,1.49,1.43,17/01/19
17/01/19,22/02/19,155.86,170,36,0.098630137,0.26833,0.0241,1.015,0.97,1.06,1.02,17/01/19
17/01/19,22/02/19,155.86,172.5,36,0.098630137,0.26881,0.0241,0.735,0.7,0.77,0.75,17/01/19
17/01/19,22/02/19,155.86,175,36,0.098630137,0.27078,0.0241,0.53,0.51,0.55,0.51,17/01/19
17/01/19,22/02/19,155.86,177.5,36,0.098630137,0.27424,0.0241,0.39,0.36,0.42,0.31,17/01/19
17/01/19,22/02/19,155.86,180,36,0.098630137,0.279,0.0241,0.29,0.26,0.32,0.25,17/01/19
17/01/19,22/02/19,155.86,182.5,36,0.098630137,0.28602,0.0241,0.225,0.2,0.25,0.19,17/01/19
17/01/19,22/02/19,155.86,185,36,0.098630137,0.29172,0.0241,0.185,0.15,0.22,0.16,17/01/19
17/01/19,22/02/19,155.86,187.5,36,0.098630137,0.29107,0.0241,0.125,0.06,0.19,0.15,17/01/19
17/01/19,22/02/19,155.86,190,36,0.098630137,0.30807,0.0241,0.125,0.09,0.16,0.08,17/01/19
17/01/19,22/02/19,155.86,192.5,36,0.098630137,0.30028,0.0241,0.075,0,0.15,0.16,17/01/19
17/01/19,22/02/19,155.86,195,36,0.098630137,0.32941,0.0241,0.105,0.07,0.14,0.07,17/01/19
17/01/19,22/02/19,155.86,200,36,0.098630137,0.34888,0.0241,0.07,0.03,0.11,0.07,17/01/19
17/01/19,01/03/19,155.86,125,43,0.117808219,0.43215,0.0241,31.095,30.85,31.34,0,17/01/19
17/01/19,01/03/19,155.86,130,43,0.117808219,0.3793,0.0241,26.195,25.99,26.4,0,17/01/19
17/01/19,01/03/19,155.86,135,43,0.117808219,0.34851,0.0241,21.475,21.25,21.7,18.79,17/01/19
17/01/19,01/03/19,155.86,138,43,0.117808219,0.33638,0.0241,18.775,18.6,18.95,0,17/01/19
17/01/19,01/03/19,155.86,139,43,0.117808219,0.32845,0.0241,17.85,17.65,18.05,0,17/01/19
17/01/19,01/03/19,155.86,140,43,0.117808219,0.32846,0.0241,17.025,16.85,17.2,0,17/01/19
17/01/19,01/03/19,155.86,141,43,0.117808219,0.31856,0.0241,16.075,15.9,16.25,0,17/01/19
17/01/19,01/03/19,155.86,142,43,0.117808219,0.31787,0.0241,15.28,15.11,15.45,16.46,17/01/19
17/01/19,01/03/19,155.86,143,43,0.117808219,0.32594,0.0241,14.62,14.44,14.8,0,17/01/19
17/01/19,01/03/19,155.86,144,43,0.117808219,0.31193,0.0241,13.66,13.51,13.81,11.62,17/01/19
17/01/19,01/03/19,155.86,145,43,0.117808219,0.30833,0.0241,12.855,12.71,13,11.45,17/01/19
17/01/19,01/03/19,155.86,146,43,0.117808219,0.3065,0.0241,12.095,11.94,12.25,10.21,17/01/19
17/01/19,01/03/19,155.86,147,43,0.117808219,0.30643,0.0241,11.4,11.25,11.55,10.25,17/01/19
17/01/19,01/03/19,155.86,148,43,0.117808219,0.30105,0.0241,10.63,10.45,10.81,9.15,17/01/19
17/01/19,01/03/19,155.86,149,43,0.117808219,0.29823,0.0241,9.935,9.81,10.06,9.85,17/01/19
17/01/19,01/03/19,155.86,150,43,0.117808219,0.29414,0.0241,9.225,9.1,9.35,9.36,17/01/19
17/01/19,01/03/19,155.86,152.5,43,0.117808219,0.29057,0.0241,7.675,7.54,7.81,8.45,17/01/19
17/01/19,01/03/19,155.86,155,43,0.117808219,0.29164,0.0241,6.4,6.3,6.5,6.3,17/01/19
17/01/19,01/03/19,155.86,157.5,43,0.117808219,0.2822,0.0241,5.05,4.95,5.15,5.17,17/01/19
17/01/19,01/03/19,155.86,160,43,0.117808219,0.27748,0.0241,3.975,3.9,4.05,3.9,17/01/19
17/01/19,01/03/19,155.86,162.5,43,0.117808219,0.27167,0.0241,3.04,2.98,3.1,3.03,17/01/19
17/01/19,01/03/19,155.86,165,43,0.117808219,0.26723,0.0241,2.285,2.24,2.33,2.35,17/01/19
17/01/19,01/03/19,155.86,167.5,43,0.117808219,0.26612,0.0241,1.715,1.68,1.75,1.76,17/01/19
17/01/19,01/03/19,155.86,170,43,0.117808219,0.26337,0.0241,1.26,1.23,1.29,1.26,17/01/19
17/01/19,01/03/19,155.86,172.5,43,0.117808219,0.2641,0.0241,0.93,0.9,0.96,0.94,17/01/19
17/01/19,01/03/19,155.86,175,43,0.117808219,0.26506,0.0241,0.68,0.66,0.7,0.67,17/01/19
17/01/19,01/03/19,155.86,177.5,43,0.117808219,0.26769,0.0241,0.515,0.49,0.54,0.51,17/01/19
17/01/19,01/03/19,155.86,180,43,0.117808219,0.26965,0.0241,0.38,0.35,0.41,0.34,17/01/19
17/01/19,01/03/19,155.86,182.5,43,0.117808219,0.27421,0.0241,0.295,0.26,0.33,0.31,17/01/19
17/01/19,01/03/19,155.86,185,43,0.117808219,0.27967,0.0241,0.235,0.2,0.27,0.22,17/01/19
17/01/19,01/03/19,155.86,187.5,43,0.117808219,0.28702,0.0241,0.185,0.15,0.22,0.16,17/01/19
17/01/19,01/03/19,155.86,190,43,0.117808219,0.29331,0.0241,0.15,0.11,0.19,0.15,17/01/19
17/01/19,01/03/19,155.86,195,43,0.117808219,0.31248,0.0241,0.13,0.09,0.17,0.12,17/01/19
17/01/19,01/03/19,155.86,200,43,0.117808219,0.32555,0.0241,0.09,0.05,0.13,0.07,17/01/19
17/01/19,01/03/19,155.86,205,43,0.117808219,0.33958,0.0241,0.07,0.03,0.11,0.07,17/01/19
17/01/19,01/03/19,155.86,210,43,0.117808219,0.35814,0.0241,0.055,0.02,0.09,0.08,17/01/19
17/01/19,15/03/19,155.86,120,56.96,0.156054795,0.4149,0.0241,35.925,35.75,36.1,35.95,17/01/19
17/01/19,15/03/19,155.86,125,56.96,0.156054795,0.3763,0.0241,31.075,30.9,31.25,29.83,17/01/19
17/01/19,15/03/19,155.86,130,56.96,0.156054795,0.34921,0.0241,26.325,26.15,26.5,26.5,17/01/19
17/01/19,15/03/19,155.86,135,56.96,0.156054795,0.32928,0.0241,21.725,21.55,21.9,20.84,17/01/19
17/01/19,15/03/19,155.86,140,56.96,0.156054795,0.31321,0.0241,17.395,17.25,17.54,17.5,17/01/19
17/01/19,15/03/19,155.86,145,56.96,0.156054795,0.30387,0.0241,13.495,13.4,13.59,13.41,17/01/19
17/01/19,15/03/19,155.86,150,56.96,0.156054795,0.29245,0.0241,9.995,9.9,10.09,10.1,17/01/19
17/01/19,15/03/19,155.86,155,56.96,0.156054795,0.2809,0.0241,7.025,6.95,7.1,6.99,17/01/19
17/01/19,15/03/19,155.86,160,56.96,0.156054795,0.27379,0.0241,4.7,4.65,4.75,4.7,17/01/19
17/01/19,15/03/19,155.86,165,56.96,0.156054795,0.2645,0.0241,2.925,2.89,2.96,2.95,17/01/19
17/01/19,15/03/19,155.86,170,56.96,0.156054795,0.25979,0.0241,1.735,1.71,1.76,1.75,17/01/19
17/01/19,15/03/19,155.86,175,56.96,0.156054795,0.2576,0.0241,1,0.98,1.02,1.02,17/01/19
17/01/19,15/03/19,155.86,180,56.96,0.156054795,0.25867,0.0241,0.575,0.56,0.59,0.6,17/01/19
17/01/19,15/03/19,155.86,185,56.96,0.156054795,0.26385,0.0241,0.345,0.34,0.35,0.35,17/01/19
17/01/19,15/03/19,155.86,190,56.96,0.156054795,0.27359,0.0241,0.235,0.22,0.25,0.22,17/01/19
17/01/19,15/03/19,155.86,195,56.96,0.156054795,0.28499,0.0241,0.16,0.14,0.18,0.18,17/01/19
17/01/19,15/03/19,155.86,200,56.96,0.156054795,0.29442,0.0241,0.11,0.1,0.12,0.11,17/01/19
17/01/19,15/03/19,155.86,205,56.96,0.156054795,0.3066,0.0241,0.085,0.06,0.11,0.08,17/01/19
17/01/19,15/03/19,155.86,210,56.96,0.156054795,0.32165,0.0241,0.065,0.05,0.08,0.06,17/01/19
17/01/19,15/03/19,155.86,215,56.96,0.156054795,0.33621,0.0241,0.06,0.04,0.08,0.06,17/01/19
17/01/19,15/03/19,155.86,220,56.96,0.156054795,0.36015,0.0241,0.065,0.06,0.07,0.07,17/01/19
17/01/19,15/03/19,155.86,225,56.96,0.156054795,0.36917,0.0241,0.055,0.04,0.07,0.05,17/01/19
17/01/19,15/03/19,155.86,230,56.96,0.156054795,0.38763,0.0241,0.05,0.04,0.06,0.05,17/01/19
17/01/19,15/03/19,155.86,235,56.96,0.156054795,0.39077,0.0241,0.035,0.03,0.04,0.04,17/01/19
17/01/19,15/03/19,155.86,240,56.96,0.156054795,0.38608,0.0241,0.02,0,0.04,0.03,17/01/19
17/01/19,15/03/19,155.86,245,56.96,0.156054795,0.40229,0.0241,0.02,0,0.04,0.03,17/01/19
17/01/19,15/03/19,155.86,250,56.96,0.156054795,0.43459,0.0241,0.035,0.03,0.04,0.02,17/01/19
17/01/19,15/03/19,155.86,255,56.96,0.156054795,0.44294,0.0241,0.025,0.01,0.04,0.02,17/01/19
17/01/19,15/03/19,155.86,260,56.96,0.156054795,0.44802,0.0241,0.015,0,0.03,0.03,17/01/19
17/01/19,15/03/19,155.86,265,56.96,0.156054795,0.45114,0.0241,0.015,0,0.03,0.03,17/01/19
17/01/19,15/03/19,155.86,270,56.96,0.156054795,0.46497,0.0241,0.015,0,0.03,0.02,17/01/19
17/01/19,15/03/19,155.86,275,56.96,0.156054795,0.49156,0.0241,0.02,0,0.04,0.03,17/01/19
17/01/19,15/03/19,155.86,280,56.96,0.156054795,0.51564,0.0241,0.02,0.01,0.03,0.03,17/01/19
17/01/19,15/03/19,155.86,285,56.96,0.156054795,0.51921,0.0241,0.025,0,0.05,0.05,17/01/19
17/01/19,15/03/19,155.86,290,56.96,0.156054795,0.5319,0.0241,0.02,0,0.04,0.04,17/01/19
17/01/19,15/03/19,155.86,295,56.96,0.156054795,0.54422,0.0241,0.02,0,0.04,0.07,17/01/19
17/01/19,15/03/19,155.86,300,56.96,0.156054795,0.5562,0.0241,0.02,0,0.04,0.01,17/01/19
17/01/19,18/04/19,155.86,100,90.96,0.24920548,0.58286,0.024199047,55.905,55.65,56.16,55.15,17/01/19
17/01/19,18/04/19,155.86,105,90.96,0.24920548,0.51152,0.024199047,50.92,50.69,51.15,41.75,17/01/19
17/01/19,18/04/19,155.86,110,90.96,0.24920548,0.46037,0.024199047,46.05,45.8,46.3,44.83,17/01/19
17/01/19,18/04/19,155.86,115,90.96,0.24920548,0.41463,0.024199047,41.175,40.95,41.4,36,17/01/19
17/01/19,18/04/19,155.86,120,90.96,0.24920548,0.37061,0.024199047,36.275,36.05,36.5,36.6,17/01/19
17/01/19,18/04/19,155.86,125,90.96,0.24920548,0.35093,0.024199047,31.625,31.4,31.85,31.3,17/01/19
17/01/19,18/04/19,155.86,130,90.96,0.24920548,0.3344,0.024199047,27.105,26.96,27.25,26.8,17/01/19
17/01/19,18/04/19,155.86,135,90.96,0.24920548,0.31641,0.024199047,22.705,22.5,22.91,22.7,17/01/19
17/01/19,18/04/19,155.86,140,90.96,0.24920548,0.30531,0.024199047,18.65,18.5,18.8,18.67,17/01/19
17/01/19,18/04/19,155.86,145,90.96,0.24920548,0.29402,0.024199047,14.9,14.75,15.05,14.8,17/01/19
17/01/19,18/04/19,155.86,150,90.96,0.24920548,0.28412,0.024199047,11.555,11.45,11.66,11.6,17/01/19
17/01/19,18/04/19,155.86,155,90.96,0.24920548,0.27569,0.024199047,8.68,8.61,8.75,8.85,17/01/19
17/01/19,18/04/19,155.86,160,90.96,0.24920548,0.26853,0.024199047,6.28,6.2,6.36,6.25,17/01/19
17/01/19,18/04/19,155.86,165,90.96,0.24920548,0.26038,0.024199047,4.325,4.25,4.4,4.28,17/01/19
17/01/19,18/04/19,155.86,170,90.96,0.24920548,0.25569,0.024199047,2.91,2.87,2.95,2.9,17/01/19
17/01/19,18/04/19,155.86,175,90.96,0.24920548,0.25111,0.024199047,1.89,1.85,1.93,1.85,17/01/19
17/01/19,18/04/19,155.86,180,90.96,0.24920548,0.24892,0.024199047,1.205,1.17,1.24,1.32,17/01/19
17/01/19,18/04/19,155.86,185,90.96,0.24920548,0.24732,0.024199047,0.75,0.73,0.77,0.75,17/01/19
17/01/19,18/04/19,155.86,190,90.96,0.24920548,0.25091,0.024199047,0.49,0.47,0.51,0.48,17/01/19
17/01/19,18/04/19,155.86,195,90.96,0.24920548,0.25616,0.024199047,0.345,0.32,0.37,0.34,17/01/19
17/01/19,18/04/19,155.86,200,90.96,0.24920548,0.26208,0.024199047,0.235,0.21,0.26,0.25,17/01/19
17/01/19,18/04/19,155.86,205,90.96,0.24920548,0.27101,0.024199047,0.18,0.15,0.21,0.16,17/01/19
17/01/19,18/04/19,155.86,210,90.96,0.24920548,0.27966,0.024199047,0.135,0.1,0.17,0.14,17/01/19
17/01/19,18/04/19,155.86,215,90.96,0.24920548,0.28827,0.024199047,0.115,0.08,0.15,0.09,17/01/19
17/01/19,18/04/19,155.86,220,90.96,0.24920548,0.29734,0.024199047,0.085,0.05,0.12,0.09,17/01/19
17/01/19,18/04/19,155.86,225,90.96,0.24920548,0.31148,0.024199047,0.085,0.07,0.1,0.07,17/01/19
17/01/19,18/04/19,155.86,230,90.96,0.24920548,0.31685,0.024199047,0.075,0.06,0.09,0.08,17/01/19
17/01/19,18/04/19,155.86,235,90.96,0.24920548,0.32899,0.024199047,0.06,0.04,0.08,0.05,17/01/19
17/01/19,18/04/19,155.86,240,90.96,0.24920548,0.33982,0.024199047,0.06,0.03,0.09,0.04,17/01/19
17/01/19,18/04/19,155.86,245,90.96,0.24920548,0.34984,0.024199047,0.05,0.02,0.08,0.05,17/01/19
17/01/19,18/04/19,155.86,250,90.96,0.24920548,0.35501,0.024199047,0.04,0.01,0.07,0.06,17/01/19
17/01/19,18/04/19,155.86,255,90.96,0.24920548,0.35745,0.024199047,0.025,0,0.05,0.05,17/01/19
17/01/19,18/04/19,155.86,260,90.96,0.24920548,0.36916,0.024199047,0.035,0,0.07,0.05,17/01/19
17/01/19,18/04/19,155.86,265,90.96,0.24920548,0.3877,0.024199047,0.035,0.01,0.06,0.04,17/01/19
17/01/19,18/04/19,155.86,270,90.96,0.24920548,0.39911,0.024199047,0.035,0.01,0.06,0.04,17/01/19
17/01/19,18/04/19,155.86,275,90.96,0.24920548,0.40517,0.024199047,0.03,0.01,0.05,0.06,17/01/19
17/01/19,18/04/19,155.86,280,90.96,0.24920548,0.40071,0.024199047,0.025,0,0.05,0.04,17/01/19
17/01/19,18/04/19,155.86,285,90.96,0.24920548,0.41947,0.024199047,0.02,0,0.04,0.03,17/01/19
17/01/19,18/04/19,155.86,290,90.96,0.24920548,0.44361,0.024199047,0.04,0.03,0.05,0.02,17/01/19
17/01/19,18/04/19,155.86,295,90.96,0.24920548,0.4406,0.024199047,0.025,0,0.05,0.03,17/01/19
17/01/19,18/04/19,155.86,300,90.96,0.24920548,0.45861,0.024199047,0.035,0.01,0.06,0.03,17/01/19
17/01/19,18/04/19,155.86,305,90.96,0.24920548,0.4689,0.024199047,0.035,0.01,0.06,0.02,17/01/19
17/01/19,18/04/19,155.86,310,90.96,0.24920548,0.47075,0.024199047,0.025,0,0.05,0.09,17/01/19
17/01/19,18/04/19,155.86,315,90.96,0.24920548,0.48007,0.024199047,0.03,0,0.06,0.23,17/01/19
17/01/19,18/04/19,155.86,320,90.96,0.24920548,0.48936,0.024199047,0.025,0,0.05,0.03,17/01/19
17/01/19,18/04/19,155.86,325,90.96,0.24920548,0.48948,0.024199047,0.02,0,0.04,0.04,17/01/19
17/01/19,18/04/19,155.86,330,90.96,0.24920548,0.49868,0.024199047,0.02,0,0.04,0.02,17/01/19
17/01/19,18/04/19,155.86,335,90.96,0.24920548,0.48089,0.024199047,0.005,0,0.01,0.06,17/01/19
17/01/19,18/04/19,155.86,340,90.96,0.24920548,0.51486,0.024199047,0.02,0,0.04,0.13,17/01/19
17/01/19,18/04/19,155.86,345,90.96,0.24920548,0.52376,0.024199047,0.02,0,0.04,0.03,17/01/19
17/01/19,18/04/19,155.86,350,90.96,0.24920548,0.53267,0.024199047,0.015,0,0.03,0.12,17/01/19
17/01/19,18/04/19,155.86,355,90.96,0.24920548,0.54009,0.024199047,0.015,0,0.03,0.1,17/01/19
17/01/19,18/04/19,155.86,360,90.96,0.24920548,0.54843,0.024199047,0.025,0,0.05,0.06,17/01/19
17/01/19,18/04/19,155.86,365,90.96,0.24920548,0.5572,0.024199047,0.02,0,0.04,0.1,17/01/19
17/01/19,18/04/19,155.86,370,90.96,0.24920548,0.56436,0.024199047,0.015,0,0.03,0.08,17/01/19
17/01/19,18/04/19,155.86,375,90.96,0.24920548,0.57283,0.024199047,0.025,0,0.05,0.04,17/01/19
17/01/19,18/04/19,155.86,380,90.96,0.24920548,0.57955,0.024199047,0.02,0,0.04,0.01,17/01/19
17/01/19,18/04/19,155.86,385,90.96,0.24920548,0.58756,0.024199047,0.015,0,0.03,0.05,17/01/19
17/01/19,18/04/19,155.86,390,90.96,0.24920548,0.59397,0.024199047,0.015,0,0.03,0.17,17/01/19
17/01/19,18/04/19,155.86,395,90.96,0.24920548,0.6013,0.024199047,0.02,0,0.04,0.1,17/01/19
17/01/19,18/04/19,155.86,400,90.96,0.24920548,0.57613,0.024199047,0.01,0,0.02,0.02,17/01/19
17/01/19,18/04/19,155.86,405,90.96,0.24920548,0.61612,0.024199047,0.02,0,0.04,0.02,17/01/19
17/01/19,18/04/19,155.86,410,90.96,0.24920548,0.60865,0.024199047,0.015,0,0.03,0.01,17/01/19
17/01/19,18/04/19,155.86,415,90.96,0.24920548,0.62987,0.024199047,0.015,0,0.03,0,17/01/19
17/01/19,18/04/19,155.86,420,90.96,0.24920548,0.63659,0.024199047,0.02,0,0.04,0.02,17/01/19
17/01/19,18/04/19,155.86,425,90.96,0.24920548,0.60942,0.024199047,0.01,0,0.02,0.04,17/01/19
17/01/19,21/06/19,155.86,95,154.96,0.424547945,0.53688,0.024758553,61.055,60.8,61.31,56.23,17/01/19
17/01/19,21/06/19,155.86,100,154.96,0.424547945,0.47672,0.024758553,56.07,55.85,56.29,54.53,17/01/19
17/01/19,21/06/19,155.86,105,154.96,0.424547945,0.44221,0.024758553,51.33,51.1,51.56,50.68,17/01/19
17/01/19,21/06/19,155.86,110,154.96,0.424547945,0.41147,0.024758553,46.58,46.35,46.81,43.98,17/01/19
17/01/19,21/06/19,155.86,115,154.96,0.424547945,0.38168,0.024758553,41.82,41.64,42,43.3,17/01/19
17/01/19,21/06/19,155.86,120,154.96,0.424547945,0.3614,0.024758553,37.25,37.05,37.45,36.4,17/01/19
17/01/19,21/06/19,155.86,125,154.96,0.424547945,0.34134,0.024758553,32.72,32.5,32.94,32.49,17/01/19
17/01/19,21/06/19,155.86,130,154.96,0.424547945,0.32756,0.024758553,28.445,28.24,28.65,27.65,17/01/19
17/01/19,21/06/19,155.86,135,154.96,0.424547945,0.31892,0.024758553,24.48,24.31,24.65,24.38,17/01/19
17/01/19,21/06/19,155.86,140,154.96,0.424547945,0.30671,0.024758553,20.625,20.49,20.76,20.65,17/01/19
17/01/19,21/06/19,155.86,145,154.96,0.424547945,0.29696,0.024758553,17.145,16.99,17.3,17.25,17/01/19
17/01/19,21/06/19,155.86,150,154.96,0.424547945,0.29093,0.024758553,14.08,13.95,14.21,14,17/01/19
17/01/19,21/06/19,155.86,155,154.96,0.424547945,0.28265,0.024758553,11.25,11.15,11.35,11.29,17/01/19
17/01/19,21/06/19,155.86,160,154.96,0.424547945,0.27491,0.024758553,8.795,8.69,8.9,8.87,17/01/19
17/01/19,21/06/19,155.86,165,154.96,0.424547945,0.26853,0.024758553,6.78,6.71,6.85,6.74,17/01/19
17/01/19,21/06/19,155.86,170,154.96,0.424547945,0.26352,0.024758553,5.105,5.01,5.2,5.03,17/01/19
17/01/19,21/06/19,155.86,175,154.96,0.424547945,0.25913,0.024758553,3.775,3.7,3.85,3.8,17/01/19
17/01/19,21/06/19,155.86,180,154.96,0.424547945,0.25575,0.024758553,2.77,2.73,2.81,2.74,17/01/19
17/01/19,21/06/19,155.86,185,154.96,0.424547945,0.25488,0.024758553,2.025,1.98,2.07,2.02,17/01/19
17/01/19,21/06/19,155.86,190,154.96,0.424547945,0.25395,0.024758553,1.48,1.46,1.5,1.46,17/01/19
17/01/19,21/06/19,155.86,195,154.96,0.424547945,0.25402,0.024758553,1.075,1.04,1.11,1.02,17/01/19
17/01/19,21/06/19,155.86,200,154.96,0.424547945,0.2567,0.024758553,0.795,0.77,0.82,0.8,17/01/19
17/01/19,21/06/19,155.86,205,154.96,0.424547945,0.25858,0.024758553,0.595,0.56,0.63,0.69,17/01/19
17/01/19,21/06/19,155.86,210,154.96,0.424547945,0.26216,0.024758553,0.46,0.43,0.49,0.46,17/01/19
17/01/19,21/06/19,155.86,215,154.96,0.424547945,0.26835,0.024758553,0.375,0.35,0.4,0.35,17/01/19
17/01/19,21/06/19,155.86,220,154.96,0.424547945,0.27367,0.024758553,0.3,0.26,0.34,0.28,17/01/19
17/01/19,21/06/19,155.86,225,154.96,0.424547945,0.27971,0.024758553,0.24,0.21,0.27,0.22,17/01/19
17/01/19,21/06/19,155.86,230,154.96,0.424547945,0.28584,0.024758553,0.205,0.18,0.23,0.2,17/01/19
17/01/19,21/06/19,155.86,235,154.96,0.424547945,0.29241,0.024758553,0.185,0.15,0.22,0.21,17/01/19
17/01/19,21/06/19,155.86,240,154.96,0.424547945,0.29879,0.024758553,0.16,0.13,0.19,0.15,17/01/19
17/01/19,21/06/19,155.86,245,154.96,0.424547945,0.30716,0.024758553,0.145,0.11,0.18,0.17,17/01/19
17/01/19,21/06/19,155.86,250,154.96,0.424547945,0.31092,0.024758553,0.12,0.1,0.14,0.11,17/01/19
17/01/19,21/06/19,155.86,255,154.96,0.424547945,0.32174,0.024758553,0.12,0.09,0.15,0.12,17/01/19
17/01/19,21/06/19,155.86,260,154.96,0.424547945,0.33047,0.024758553,0.115,0.08,0.15,0.1,17/01/19
17/01/19,21/06/19,155.86,265,154.96,0.424547945,0.33506,0.024758553,0.1,0.07,0.13,0.1,17/01/19
17/01/19,21/06/19,155.86,270,154.96,0.424547945,0.34096,0.024758553,0.09,0.07,0.11,0.09,17/01/19
17/01/19,21/06/19,155.86,275,154.96,0.424547945,0.35038,0.024758553,0.095,0.07,0.12,0.08,17/01/19
17/01/19,21/06/19,155.86,280,154.96,0.424547945,0.35461,0.024758553,0.08,0.06,0.1,0.1,17/01/19
17/01/19,21/06/19,155.86,285,154.96,0.424547945,0.36404,0.024758553,0.085,0.05,0.12,0.08,17/01/19
17/01/19,21/06/19,155.86,290,154.96,0.424547945,0.3671,0.024758553,0.07,0.05,0.09,0.1,17/01/19
17/01/19,21/06/19,155.86,295,154.96,0.424547945,0.37642,0.024758553,0.065,0.04,0.09,0.06,17/01/19
17/01/19,21/06/19,155.86,300,154.96,0.424547945,0.37853,0.024758553,0.06,0.03,0.09,0.06,17/01/19
17/01/19,21/06/19,155.86,310,154.96,0.424547945,0.39419,0.024758553,0.06,0.03,0.09,0.04,17/01/19
17/01/19,21/06/19,155.86,320,154.96,0.424547945,0.40266,0.024758553,0.05,0.02,0.08,0.03,17/01/19
17/01/19,21/06/19,155.86,330,154.96,0.424547945,0.41282,0.024758553,0.05,0.01,0.09,0.03,17/01/19
17/01/19,21/06/19,155.86,340,154.96,0.424547945,0.40534,0.024758553,0.02,0.02,0.02,0.02,17/01/19
17/01/19,19/07/19,155.86,80,182.96,0.501260274,0.69666,0.025001764,75.895,75.64,76.15,73.25,17/01/19
17/01/19,19/07/19,155.86,90,182.96,0.501260274,0.54158,0.025001764,65.875,65.65,66.1,62.25,17/01/19
17/01/19,19/07/19,155.86,95,182.96,0.501260274,0.48882,0.025001764,61.005,60.75,61.26,63.1,17/01/19
17/01/19,19/07/19,155.86,100,182.96,0.501260274,0.44525,0.025001764,56.17,55.95,56.39,56.03,17/01/19
17/01/19,19/07/19,155.86,105,182.96,0.501260274,0.40923,0.025001764,51.37,51.15,51.59,50.28,17/01/19
17/01/19,19/07/19,155.86,110,182.96,0.501260274,0.38366,0.025001764,46.67,46.5,46.84,37.5,17/01/19
17/01/19,19/07/19,155.86,115,182.96,0.501260274,0.36683,0.025001764,42.125,41.91,42.34,40.4,17/01/19
17/01/19,19/07/19,155.86,120,182.96,0.501260274,0.35017,0.025001764,37.62,37.39,37.85,37.46,17/01/19
17/01/19,19/07/19,155.86,125,182.96,0.501260274,0.33384,0.025001764,33.225,33.05,33.4,32.43,17/01/19
17/01/19,19/07/19,155.86,130,182.96,0.501260274,0.32064,0.025001764,28.995,28.79,29.2,30.45,17/01/19
17/01/19,19/07/19,155.86,135,182.96,0.501260274,0.31108,0.025001764,25.08,24.91,25.25,24.3,17/01/19
17/01/19,19/07/19,155.86,140,182.96,0.501260274,0.30204,0.025001764,21.38,21.26,21.5,20.95,17/01/19
17/01/19,19/07/19,155.86,145,182.96,0.501260274,0.29447,0.025001764,18.005,17.85,18.16,17.5,17/01/19
17/01/19,19/07/19,155.86,150,182.96,0.501260274,0.2857,0.025001764,14.88,14.76,15,15.65,17/01/19
17/01/19,19/07/19,155.86,155,182.96,0.501260274,0.28013,0.025001764,12.15,12.04,12.26,12.25,17/01/19
17/01/19,19/07/19,155.86,160,182.96,0.501260274,0.2722,0.025001764,9.675,9.6,9.75,9.55,17/01/19
17/01/19,19/07/19,155.86,165,182.96,0.501260274,0.26676,0.025001764,7.625,7.5,7.75,7.6,17/01/19
17/01/19,19/07/19,155.86,170,182.96,0.501260274,0.26101,0.025001764,5.875,5.8,5.95,5.8,17/01/19
17/01/19,19/07/19,155.86,175,182.96,0.501260274,0.25722,0.025001764,4.48,4.41,4.55,4.45,17/01/19
17/01/19,19/07/19,155.86,180,182.96,0.501260274,0.25374,0.025001764,3.35,3.3,3.4,3.2,17/01/19
17/01/19,19/07/19,155.86,185,182.96,0.501260274,0.25133,0.025001764,2.5,2.46,2.54,2.5,17/01/19
17/01/19,19/07/19,155.86,190,182.96,0.501260274,0.24962,0.025001764,1.845,1.8,1.89,1.85,17/01/19
17/01/19,19/07/19,155.86,195,182.96,0.501260274,0.24973,0.025001764,1.375,1.34,1.41,1.27,17/01/19
17/01/19,19/07/19,155.86,200,182.96,0.501260274,0.24939,0.025001764,1.03,1,1.06,1,17/01/19
17/01/19,19/07/19,155.86,205,182.96,0.501260274,0.25109,0.025001764,0.77,0.74,0.8,0.77,17/01/19
17/01/19,19/07/19,155.86,210,182.96,0.501260274,0.25316,0.025001764,0.595,0.56,0.63,0.56,17/01/19
17/01/19,19/07/19,155.86,215,182.96,0.501260274,0.25779,0.025001764,0.475,0.46,0.49,0.48,17/01/19
17/01/19,19/07/19,155.86,220,182.96,0.501260274,0.25989,0.025001764,0.375,0.34,0.41,0.39,17/01/19
17/01/19,19/07/19,155.86,225,182.96,0.501260274,0.26561,0.025001764,0.31,0.28,0.34,0.35,17/01/19
17/01/19,19/07/19,155.86,230,182.96,0.501260274,0.26964,0.025001764,0.245,0.22,0.27,0.27,17/01/19
17/01/19,19/07/19,155.86,235,182.96,0.501260274,0.2756,0.025001764,0.21,0.18,0.24,0.27,17/01/19
17/01/19,19/07/19,155.86,240,182.96,0.501260274,0.28212,0.025001764,0.195,0.17,0.22,0.19,17/01/19
17/01/19,19/07/19,155.86,245,182.96,0.501260274,0.28748,0.025001764,0.175,0.14,0.21,0.13,17/01/19
17/01/19,19/07/19,155.86,250,182.96,0.501260274,0.29423,0.025001764,0.145,0.12,0.17,0.14,17/01/19
17/01/19,19/07/19,155.86,255,182.96,0.501260274,0.30069,0.025001764,0.14,0.1,0.18,0.2,17/01/19
17/01/19,19/07/19,155.86,260,182.96,0.501260274,0.30725,0.025001764,0.12,0.1,0.14,0.15,17/01/19
17/01/19,19/07/19,155.86,265,182.96,0.501260274,0.31309,0.025001764,0.115,0.09,0.14,0.47,17/01/19
17/01/19,19/07/19,155.86,270,182.96,0.501260274,0.31921,0.025001764,0.1,0.07,0.13,0.11,17/01/19
17/01/19,19/07/19,155.86,275,182.96,0.501260274,0.32659,0.025001764,0.105,0.08,0.13,0.14,17/01/19
17/01/19,19/07/19,155.86,280,182.96,0.501260274,0.33345,0.025001764,0.095,0.07,0.12,0.1,17/01/19
17/01/19,19/07/19,155.86,285,182.96,0.501260274,0.34179,0.025001764,0.095,0.07,0.12,0.09,17/01/19
17/01/19,19/07/19,155.86,290,182.96,0.501260274,0.34589,0.025001764,0.09,0.07,0.11,0.07,17/01/19
17/01/19,17/01/20,155.86,75,365,1,0.57328,0.0257,80.905,80.65,81.16,72.35,17/01/19
17/01/19,17/01/20,155.86,80,365,1,0.5102,0.0257,75.95,75.7,76.2,76.05,17/01/19
17/01/19,17/01/20,155.86,85,365,1,0.46661,0.0257,71.18,70.96,71.4,69.75,17/01/19
17/01/19,17/01/20,155.86,90,365,1,0.43253,0.0257,66.48,66.25,66.71,65.6,17/01/19
17/01/19,17/01/20,155.86,95,365,1,0.41374,0.0257,61.995,61.75,62.24,57.58,17/01/19
17/01/19,17/01/20,155.86,100,365,1,0.39341,0.0257,57.47,57.25,57.69,56.63,17/01/19
17/01/19,17/01/20,155.86,105,365,1,0.37645,0.0257,53.02,52.8,53.24,51.23,17/01/19
17/01/19,17/01/20,155.86,110,365,1,0.35809,0.0257,48.555,48.36,48.75,48.44,17/01/19
17/01/19,17/01/20,155.86,115,365,1,0.34664,0.0257,44.35,44.15,44.55,44.45,17/01/19
17/01/19,17/01/20,155.86,120,365,1,0.33742,0.0257,40.3,40.1,40.5,40.5,17/01/19
17/01/19,17/01/20,155.86,125,365,1,0.32908,0.0257,36.425,36.25,36.6,36.43,17/01/19
17/01/19,17/01/20,155.86,130,365,1,0.3221,0.0257,32.73,32.56,32.9,32.75,17/01/19
17/01/19,17/01/20,155.86,135,365,1,0.31386,0.0257,29.175,29,29.35,29,17/01/19
17/01/19,17/01/20,155.86,140,365,1,0.30769,0.0257,25.895,25.75,26.04,26.06,17/01/19
17/01/19,17/01/20,155.86,145,365,1,0.30091,0.0257,22.8,22.65,22.95,22.6,17/01/19
17/01/19,17/01/20,155.86,150,365,1,0.29453,0.0257,19.925,19.8,20.05,19.9,17/01/19
17/01/19,17/01/20,155.86,155,365,1,0.28955,0.0257,17.275,17.1,17.45,17.4,17/01/19
17/01/19,17/01/20,155.86,160,365,1,0.28521,0.0257,14.95,14.85,15.05,15,17/01/19
17/01/19,17/01/20,155.86,165,365,1,0.27945,0.0257,12.745,12.65,12.84,12.7,17/01/19
17/01/19,17/01/20,155.86,170,365,1,0.27469,0.0257,10.82,10.69,10.95,10.75,17/01/19
17/01/19,17/01/20,155.86,175,365,1,0.27009,0.0257,9.105,9,9.21,9.18,17/01/19
17/01/19,17/01/20,155.86,180,365,1,0.26615,0.0257,7.59,7.49,7.69,7.61,17/01/19
17/01/19,17/01/20,155.86,185,365,1,0.26329,0.0257,6.35,6.25,6.45,6.29,17/01/19
17/01/19,17/01/20,155.86,190,365,1,0.26145,0.0257,5.27,5.2,5.34,5.24,17/01/19
17/01/19,17/01/20,155.86,195,365,1,0.25898,0.0257,4.345,4.25,4.44,4.25,17/01/19
17/01/19,17/01/20,155.86,200,365,1,0.25595,0.0257,3.575,3.5,3.65,3.55,17/01/19
17/01/19,17/01/20,155.86,205,365,1,0.25553,0.0257,2.96,2.87,3.05,2.96,17/01/19
17/01/19,17/01/20,155.86,210,365,1,0.25427,0.0257,2.435,2.37,2.5,2.34,17/01/19
17/01/19,17/01/20,155.86,215,365,1,0.25396,0.0257,2.01,1.95,2.07,1.9,17/01/19
17/01/19,17/01/20,155.86,220,365,1,0.25317,0.0257,1.67,1.63,1.71,1.7,17/01/19
17/01/19,17/01/20,155.86,225,365,1,0.25307,0.0257,1.375,1.32,1.43,1.39,17/01/19
17/01/19,17/01/20,155.86,230,365,1,0.25462,0.0257,1.155,1.11,1.2,1.1,17/01/19
17/01/19,17/01/20,155.86,235,365,1,0.25535,0.0257,0.96,0.92,1,0.93,17/01/19
17/01/19,17/01/20,155.86,240,365,1,0.25642,0.0257,0.815,0.78,0.85,0.83,17/01/19
17/01/19,17/01/20,155.86,245,365,1,0.25895,0.0257,0.72,0.68,0.76,0.7,17/01/19
17/01/19,17/01/20,155.86,250,365,1,0.25953,0.0257,0.605,0.57,0.64,0.62,17/01/19
17/01/19,17/01/20,155.86,255,365,1,0.26182,0.0257,0.53,0.5,0.56,0.5,17/01/19
17/01/19,17/01/20,155.86,260,365,1,0.26447,0.0257,0.475,0.44,0.51,0.45,17/01/19
17/01/19,17/01/20,155.86,270,365,1,0.26883,0.0257,0.365,0.33,0.4,0.35,17/01/19
17/01/19,17/01/20,155.86,280,365,1,0.27515,0.0257,0.295,0.27,0.32,0.27,17/01/19
17/01/19,17/01/20,155.86,290,365,1,0.28176,0.0257,0.25,0.22,0.28,0.26,17/01/19
17/01/19,17/01/20,155.86,300,365,1,0.28886,0.0257,0.22,0.2,0.24,0.21,17/01/19
17/01/19,17/01/20,155.86,310,365,1,0.29544,0.0257,0.19,0.16,0.22,0.18,17/01/19
17/01/19,17/01/20,155.86,320,365,1,0.30341,0.0257,0.17,0.15,0.19,0.17,17/01/19
17/01/19,17/01/20,155.86,330,365,1,0.30805,0.0257,0.15,0.12,0.18,0.19,17/01/19
17/01/19,17/01/20,155.86,340,365,1,0.31989,0.0257,0.155,0.14,0.17,0.16,17/01/19
17/01/19,19/06/20,155.86,80,518.96,1.421808219,0.45577,0.025657819,76.225,75.11,77.34,75.25,17/01/19
17/01/19,19/06/20,155.86,85,518.96,1.421808219,0.41843,0.025657819,71.45,70.35,72.55,67.75,17/01/19
17/01/19,19/06/20,155.86,90,518.96,1.421808219,0.40205,0.025657819,67.05,66.75,67.35,66.09,17/01/19
17/01/19,19/06/20,155.86,95,518.96,1.421808219,0.38306,0.025657819,62.57,62.25,62.89,55.59,17/01/19
17/01/19,19/06/20,155.86,100,518.96,1.421808219,0.37393,0.025657819,58.375,58.05,58.7,56.5,17/01/19
17/01/19,19/06/20,155.86,105,518.96,1.421808219,0.36063,0.025657819,54.1,53.8,54.4,53.65,17/01/19
17/01/19,19/06/20,155.86,110,518.96,1.421808219,0.35129,0.025657819,50.025,49.7,50.35,50,17/01/19
17/01/19,19/06/20,155.86,115,518.96,1.421808219,0.34391,0.025657819,46.12,45.8,46.44,38.52,17/01/19
17/01/19,19/06/20,155.86,120,518.96,1.421808219,0.33616,0.025657819,42.325,42,42.65,41,17/01/19
17/01/19,19/06/20,155.86,125,518.96,1.421808219,0.33151,0.025657819,38.8,38.5,39.1,38.52,17/01/19
17/01/19,19/06/20,155.86,130,518.96,1.421808219,0.32284,0.025657819,35.25,34.95,35.55,34.1,17/01/19
17/01/19,19/06/20,155.86,135,518.96,1.421808219,0.31726,0.025657819,31.995,31.7,32.29,30.81,17/01/19
17/01/19,19/06/20,155.86,140,518.96,1.421808219,0.31207,0.025657819,28.92,28.65,29.19,28.4,17/01/19
17/01/19,19/06/20,155.86,145,518.96,1.421808219,0.30782,0.025657819,26.045,25.8,26.29,26.2,17/01/19
17/01/19,19/06/20,155.86,150,518.96,1.421808219,0.30384,0.025657819,23.375,23.15,23.6,23.25,17/01/19
17/01/19,19/06/20,155.86,155,518.96,1.421808219,0.29913,0.025657819,20.9,20.65,21.15,20.8,17/01/19
17/01/19,19/06/20,155.86,160,518.96,1.421808219,0.29479,0.025657819,18.585,18.31,18.86,19.6,17/01/19
17/01/19,19/06/20,155.86,165,518.96,1.421808219,0.29136,0.025657819,16.475,16.2,16.75,17.5,17/01/19
17/01/19,19/06/20,155.86,170,518.96,1.421808219,0.2882,0.025657819,14.55,14.3,14.8,14.65,17/01/19
17/01/19,19/06/20,155.86,175,518.96,1.421808219,0.2859,0.025657819,12.845,12.59,13.1,12.65,17/01/19
17/01/19,19/06/20,155.86,180,518.96,1.421808219,0.28238,0.025657819,11.27,11.05,11.49,11,17/01/19
17/01/19,19/06/20,155.86,185,518.96,1.421808219,0.28016,0.025657819,9.87,9.65,10.09,9.45,17/01/19
17/01/19,19/06/20,155.86,190,518.96,1.421808219,0.27777,0.025657819,8.655,8.45,8.86,8.65,17/01/19
17/01/19,19/06/20,155.86,195,518.96,1.421808219,0.27652,0.025657819,7.55,7.35,7.75,7.34,17/01/19
17/01/19,19/06/20,155.86,200,518.96,1.421808219,0.27508,0.025657819,6.6,6.4,6.8,6.6,17/01/19
17/01/19,19/06/20,155.86,205,518.96,1.421808219,0.27359,0.025657819,5.755,5.56,5.95,5.58,17/01/19
17/01/19,19/06/20,155.86,210,518.96,1.421808219,0.27178,0.025657819,4.995,4.8,5.19,4.91,17/01/19
17/01/19,19/06/20,155.86,215,518.96,1.421808219,0.27148,0.025657819,4.35,4.15,4.55,4.39,17/01/19
17/01/19,19/06/20,155.86,220,518.96,1.421808219,0.27012,0.025657819,3.77,3.6,3.94,3.55,17/01/19
17/01/19,19/06/20,155.86,225,518.96,1.421808219,0.27128,0.025657819,3.35,3.2,3.5,3.03,17/01/19
17/01/19,19/06/20,155.86,230,518.96,1.421808219,0.27012,0.025657819,2.905,2.75,3.06,3.1,17/01/19
17/01/19,19/06/20,155.86,235,518.96,1.421808219,0.26601,0.025657819,2.39,2.1,2.68,2.6,17/01/19
17/01/19,19/06/20,155.86,240,518.96,1.421808219,0.26446,0.025657819,2.055,1.79,2.32,2.25,17/01/19
17/01/19,19/06/20,155.86,245,518.96,1.421808219,0.26569,0.025657819,1.82,1.55,2.09,2.06,17/01/19
17/01/19,19/06/20,155.86,250,518.96,1.421808219,0.26838,0.025657819,1.68,1.5,1.86,1.8,17/01/19
17/01/19,19/06/20,155.86,260,518.96,1.421808219,0.27276,0.025657819,1.38,1.3,1.46,1.38,17/01/19
17/01/19,19/06/20,155.86,270,518.96,1.421808219,0.24622,0.025657819,0.595,0,1.19,0.96,17/01/19
17/01/19,19/06/20,155.86,280,518.96,1.421808219,0.27757,0.025657819,0.89,0.8,0.98,0.88,17/01/19
17/01/19,19/06/20,155.86,290,518.96,1.421808219,0.2804,0.025657819,0.75,0.66,0.84,0.71,17/01/19
17/01/19,19/06/20,155.86,300,518.96,1.421808219,0.28665,0.025657819,0.66,0.62,0.7,0.62,17/01/19
17/01/19,19/06/20,155.86,310,518.96,1.421808219,0.28799,0.025657819,0.53,0.45,0.61,0.6,17/01/19
17/01/19,19/06/20,155.86,320,518.96,1.421808219,0.29079,0.025657819,0.445,0.34,0.55,0.45,17/01/19
17/01/19,19/06/20,155.86,330,518.96,1.421808219,0.29522,0.025657819,0.395,0.3,0.49,0.4,17/01/19
17/01/19,19/06/20,155.86,340,518.96,1.421808219,0.30243,0.025657819,0.37,0.3,0.44,0.59,17/01/19
17/01/19,15/01/21,155.86,80,729,1.997260274,0.41293,0.025600274,76.575,75.35,77.8,76,17/01/19
17/01/19,15/01/21,155.86,85,729,1.997260274,0.39335,0.025600274,72.15,70.9,73.4,72.05,17/01/19
17/01/19,15/01/21,155.86,90,729,1.997260274,0.36843,0.025600274,67.505,66.56,68.45,66.74,17/01/19
17/01/19,15/01/21,155.86,95,729,1.997260274,0.35997,0.025600274,63.375,62.4,64.35,61.7,17/01/19
17/01/19,15/01/21,155.86,100,729,1.997260274,0.35109,0.025600274,59.275,58.35,60.2,59.32,17/01/19
17/01/19,15/01/21,155.86,105,729,1.997260274,0.35333,0.025600274,55.75,54.39,57.11,54.63,17/01/19
17/01/19,15/01/21,155.86,110,729,1.997260274,0.35277,0.025600274,52.295,50.6,53.99,53,17/01/19
17/01/19,15/01/21,155.86,115,729,1.997260274,0.34678,0.025600274,48.705,46.91,50.5,47.9,17/01/19
17/01/19,15/01/21,155.86,120,729,1.997260274,0.33481,0.025600274,44.795,43.4,46.19,44.75,17/01/19
17/01/19,15/01/21,155.86,125,729,1.997260274,0.32875,0.025600274,41.37,40.1,42.64,41.24,17/01/19
17/01/19,15/01/21,155.86,130,729,1.997260274,0.3232,0.025600274,38.15,36.75,39.55,38.26,17/01/19
17/01/19,15/01/21,155.86,135,729,1.997260274,0.32795,0.025600274,35.795,35,36.59,35.13,17/01/19
17/01/19,15/01/21,155.86,140,729,1.997260274,0.31937,0.025600274,32.575,32.01,33.14,32.7,17/01/19
17/01/19,15/01/21,155.86,145,729,1.997260274,0.31462,0.025600274,29.805,28.91,30.7,29.4,17/01/19
17/01/19,15/01/21,155.86,150,729,1.997260274,0.30816,0.025600274,27.03,26.56,27.5,26.7,17/01/19
17/01/19,15/01/21,155.86,155,729,1.997260274,0.30292,0.025600274,24.525,24.01,25.04,25.05,17/01/19
17/01/19,15/01/21,155.86,160,729,1.997260274,0.29819,0.025600274,22.195,21.29,23.1,22.5,17/01/19
17/01/19,15/01/21,155.86,165,729,1.997260274,0.30088,0.025600274,20.605,19.66,21.55,20.12,17/01/19
17/01/19,15/01/21,155.86,170,729,1.997260274,0.30154,0.025600274,18.965,18.14,19.79,18.5,17/01/19
17/01/19,15/01/21,155.86,175,729,1.997260274,0.29059,0.025600274,16.57,16.15,16.99,16.25,17/01/19
17/01/19,15/01/21,155.86,180,729,1.997260274,0.29039,0.025600274,15.125,14.75,15.5,15.9,17/01/19
17/01/19,15/01/21,155.86,185,729,1.997260274,0.29006,0.025600274,13.775,13.14,14.41,13.3,17/01/19
17/01/19,15/01/21,155.86,190,729,1.997260274,0.29007,0.025600274,12.63,11.96,13.3,11.95,17/01/19
17/01/19,15/01/21,155.86,195,729,1.997260274,0.28807,0.025600274,11.345,10.49,12.2,10.85,17/01/19
17/01/19,15/01/21,155.86,200,729,1.997260274,0.2835,0.025600274,10.03,9.76,10.3,9.75,17/01/19
17/01/19,15/01/21,155.86,205,729,1.997260274,0.28082,0.025600274,8.905,8.21,9.6,8.6,17/01/19
17/01/19,15/01/21,155.86,210,729,1.997260274,0.28113,0.025600274,8.125,7.55,8.7,7.88,17/01/19
17/01/19,15/01/21,155.86,215,729,1.997260274,0.28374,0.025600274,7.555,7,8.11,7,17/01/19
17/01/19,15/01/21,155.86,220,729,1.997260274,0.27339,0.025600274,6.225,5.85,6.6,6.6,17/01/19
17/01/19,15/01/21,155.86,225,729,1.997260274,0.27227,0.025600274,5.565,5.24,5.89,5.75,17/01/19
17/01/19,15/01/21,155.86,230,729,1.997260274,0.27795,0.025600274,5.38,4.6,6.16,5.7,17/01/19
17/01/19,15/01/21,155.86,235,729,1.997260274,0.27731,0.025600274,4.8,4,5.6,4.7,17/01/19
17/01/19,15/01/21,155.86,240,729,1.997260274,0.27775,0.025600274,4.375,4.05,4.7,4.35,17/01/19
17/01/19,15/01/21,155.86,245,729,1.997260274,0.27741,0.025600274,3.98,3.56,4.4,3.55,17/01/19
17/01/19,15/01/21,155.86,250,729,1.997260274,0.27298,0.025600274,3.4,3.1,3.7,3.42,17/01/19
17/01/19,15/01/21,155.86,255,729,1.997260274,0.27145,0.025600274,2.99,2.08,3.9,3.25,17/01/19
17/01/19,15/01/21,155.86,260,729,1.997260274,0.2778,0.025600274,2.96,2.38,3.54,2.66,17/01/19
17/01/19,15/01/21,155.86,265,729,1.997260274,0.2744,0.025600274,2.55,1.85,3.25,2.5,17/01/19
17/01/19,15/01/21,155.86,270,729,1.997260274,0.27328,0.025600274,2.265,1.75,2.78,2.26,17/01/19
17/01/19,15/01/21,155.86,280,729,1.997260274,0.27519,0.025600274,1.92,1.3,2.54,1.9,17/01/19
17/01/19,15/01/21,155.86,290,729,1.997260274,0.27585,0.025600274,1.61,1.04,2.18,1.6,17/01/19
17/01/19,15/01/21,155.86,300,729,1.997260274,0.28179,0.025600274,1.465,1.3,1.63,1.34,17/01/19
17/01/19,15/01/21,155.86,310,729,1.997260274,0.28566,0.025600274,1.31,1.05,1.57,1.2,17/01/19
17/01/19,15/01/21,155.86,320,729,1.997260274,0.27694,0.025600274,0.915,0.38,1.45,1.2,17/01/19
17/01/19,15/01/21,155.86,330,729,1.997260274,0.27927,0.025600274,0.795,0.31,1.28,0.9,17/01/19
17/01/19,15/01/21,155.86,340,729,1.997260274,0.29314,0.025600274,0.9,0.6,1.2,0.85,17/01/19
17/01/19,15/01/21,155.86,350,729,1.997260274,0.30027,0.025600274,0.875,0.65,1.1,0.9,17/01/19
17/01/19,15/01/21,155.86,360,729,1.997260274,0.29895,0.025600274,0.72,0.41,1.03,0.7,17/01/19
17/01/19,15/01/21,155.86,370,729,1.997260274,0.31013,0.025600274,0.785,0.6,0.97,0.68,17/01/19
17/01/19,15/01/21,155.86,380,729,1.997260274,0.30544,0.025600274,0.605,0.51,0.7,0.58,17/01/19
17/01/19,18/06/21,155.86,75,882.96,2.419068493,0.44172,0.025558093,82.125,80.25,84,0,17/01/19
17/01/19,18/06/21,155.86,80,882.96,2.419068493,0.38682,0.025558093,76.75,74.5,79,0,17/01/19
17/01/19,18/06/21,155.86,85,882.96,2.419068493,0.37412,0.025558093,72.53,70.06,75,0,17/01/19
17/01/19,18/06/21,155.86,90,882.96,2.419068493,0.36128,0.025558093,68.275,66,70.55,0,17/01/19
17/01/19,18/06/21,155.86,95,882.96,2.419068493,0.35356,0.025558093,64.25,62,66.5,0,17/01/19
17/01/19,18/06/21,155.86,100,882.96,2.419068493,0.35173,0.025558093,60.585,58.16,63.01,60.95,17/01/19
17/01/19,18/06/21,155.86,105,882.96,2.419068493,0.34856,0.025558093,57.005,55,59.01,0,17/01/19
17/01/19,18/06/21,155.86,110,882.96,2.419068493,0.33921,0.025558093,53.1,50.7,55.5,55,17/01/19
17/01/19,18/06/21,155.86,115,882.96,2.419068493,0.33315,0.025558093,49.57,47.14,52,50,17/01/19
17/01/19,18/06/21,155.86,120,882.96,2.419068493,0.32897,0.025558093,46.245,44,48.49,47,17/01/19
17/01/19,18/06/21,155.86,125,882.96,2.419068493,0.32477,0.025558093,43.03,40.55,45.51,43.05,17/01/19
17/01/19,18/06/21,155.86,130,882.96,2.419068493,0.32391,0.025558093,40.24,37.99,42.49,40.25,17/01/19
17/01/19,18/06/21,155.86,135,882.96,2.419068493,0.31594,0.025558093,37,34.5,39.5,0,17/01/19
17/01/19,18/06/21,155.86,140,882.96,2.419068493,0.3213,0.025558093,34.975,32.95,37,36,17/01/19
17/01/19,18/06/21,155.86,145,882.96,2.419068493,0.31359,0.025558093,32,29.5,34.5,0,17/01/19
17/01/19,18/06/21,155.86,150,882.96,2.419068493,0.32139,0.025558093,30.525,28.6,32.45,29.2,17/01/19
17/01/19,18/06/21,155.86,155,882.96,2.419068493,0.3168,0.025558093,28.07,26.14,30,27.3,17/01/19
17/01/19,18/06/21,155.86,160,882.96,2.419068493,0.30622,0.025558093,25.25,23,27.5,25.35,17/01/19
17/01/19,18/06/21,155.86,165,882.96,2.419068493,0.3045,0.025558093,23.25,20.99,25.51,22.4,17/01/19
17/01/19,18/06/21,155.86,170,882.96,2.419068493,0.30086,0.025558093,21.245,19,23.49,21.8,17/01/19
17/01/19,18/06/21,155.86,175,882.96,2.419068493,0.29476,0.025558093,19.175,17.55,20.8,19.8,17/01/19
17/01/19,18/06/21,155.86,180,882.96,2.419068493,0.29028,0.025558093,17.33,15.75,18.91,18.25,17/01/19
17/01/19,18/06/21,155.86,185,882.96,2.419068493,0.29016,0.025558093,16.005,13.51,18.5,16.19,17/01/19
17/01/19,18/06/21,155.86,190,882.96,2.419068493,0.2873,0.025558093,14.495,11.99,17,0,17/01/19
17/01/19,18/06/21,155.86,195,882.96,2.419068493,0.28836,0.025558093,13.53,11.06,16,0,17/01/19
17/01/19,18/06/21,155.86,200,882.96,2.419068493,0.29428,0.025558093,13,12,14,12.6,17/01/19
17/01/19,18/06/21,155.86,205,882.96,2.419068493,0.28272,0.025558093,11.025,8.55,13.5,0,17/01/19
17/01/19,18/06/21,155.86,210,882.96,2.419068493,0.28008,0.025558093,9.955,7.5,12.41,10.17,17/01/19
17/01/19,18/06/21,155.86,215,882.96,2.419068493,0.27835,0.025558093,9.02,6.54,11.5,0,17/01/19
17/01/19,18/06/21,155.86,220,882.96,2.419068493,0.28137,0.025558093,8.53,6.06,11,0,17/01/19
17/01/19,18/06/21,155.86,225,882.96,2.419068493,0.27674,0.025558093,7.525,5.05,10,0,17/01/19
17/01/19,18/06/21,155.86,230,882.96,2.419068493,0.27898,0.025558093,7.02,4.55,9.49,6.43,17/01/19
17/01/19,18/06/21,155.86,235,882.96,2.419068493,0.27975,0.025558093,6.52,4.04,9,6.31,17/01/19
17/01/19,18/06/21,155.86,240,882.96,2.419068493,0.27548,0.025558093,5.75,3.5,8,5.92,17/01/19
17/01/19,18/06/21,155.86,245,882.96,2.419068493,0.27588,0.025558093,5.25,3,7.5,0,17/01/19
17/01/19,18/06/21,155.86,250,882.96,2.419068493,0.28625,0.025558093,5.5,3.5,7.5,4.74,17/01/19
17/01/19,18/06/21,155.86,260,882.96,2.419068493,0.28371,0.025558093,4.505,2.51,6.5,3.5,17/01/19
17/01/19,18/06/21,155.86,270,882.96,2.419068493,0.27729,0.025558093,3.5,1,6,0,17/01/19
17/01/19,18/06/21,155.86,280,882.96,2.419068493,0.27825,0.025558093,3,0.5,5.5,0,17/01/19
17/01/19,18/06/21,155.86,290,882.96,2.419068493,0.28912,0.025558093,3.025,1.05,5,0,17/01/19
17/01/19,18/06/21,155.86,300,882.96,2.419068493,0.29881,0.025558093,2.995,1.5,4.49,1.86,17/01/19
18/01/19,18/01/19,156.82,80,0,0,9.21024,0.024,76.85,75.7,78,76.1,18/01/19
18/01/19,18/01/19,156.82,95,0,0,6.30446,0.024,61.9,60.75,63.05,61.5,18/01/19
18/01/19,18/01/19,156.82,119,0,0,3.04531,0.024,37.825,36.65,39,0,18/01/19
18/01/19,18/01/19,156.82,143,0,0,1.05133,0.024,13.93,13.75,14.11,13.16,18/01/19
18/01/19,18/01/19,156.82,145,0,0,0.78752,0.024,11.825,11.75,11.9,11.6,18/01/19
18/01/19,18/01/19,156.82,146,0,0,0.71727,0.024,10.825,10.75,10.9,10,18/01/19
18/01/19,18/01/19,156.82,150,0,0,0.47532,0.024,6.85,6.75,6.95,6.66,18/01/19
18/01/19,18/01/19,156.82,152.5,0,0,0.28029,0.024,4.33,4.26,4.4,4.3,18/01/19
18/01/19,18/01/19,156.82,155,0,0,0.14085,0.024,1.84,1.8,1.88,1.8,18/01/19
18/01/19,18/01/19,156.82,157.5,0,0,0.04612,0.024,0.005,0,0.01,0.02,18/01/19
18/01/19,18/01/19,156.82,160,0,0,0.16663,0.024,0.01,0,0.02,0.01,18/01/19
18/01/19,18/01/19,156.82,162.5,0,0,0.27549,0.024,0.01,0,0.02,0.01,18/01/19
18/01/19,18/01/19,156.82,165,0,0,0.37707,0.024,0.01,0,0.02,0.01,18/01/19
18/01/19,18/01/19,156.82,167.5,0,0,0.47476,0.024,0.005,0,0.01,0.01,18/01/19
18/01/19,18/01/19,156.82,170,0,0,0.5697,0.024,0,0,0,0.01,18/01/19
18/01/19,18/01/19,156.82,172.5,0,0,0.66138,0.024,0.005,0,0.01,0.01,18/01/19
18/01/19,18/01/19,156.82,175,0,0,0.74993,0.024,0.005,0,0.01,0.01,18/01/19
18/01/19,18/01/19,156.82,177.5,0,0,0.83684,0.024,0.005,0,0.01,0.01,18/01/19
18/01/19,18/01/19,156.82,180,0,0,0.92131,0.024,0.005,0,0.01,0.01,18/01/19
18/01/19,18/01/19,156.82,182.5,0,0,1.00329,0.024,0.005,0,0.01,0.01,18/01/19
18/01/19,18/01/19,156.82,185,0,0,1.0842,0.024,0.005,0,0.01,0.01,18/01/19
18/01/19,18/01/19,156.82,190,0,0,1.24136,0.024,0,0,0,0.01,18/01/19
18/01/19,18/01/19,156.82,195,0,0,1.39203,0.024,0.01,0,0.02,0.01,18/01/19
18/01/19,18/01/19,156.82,200,0,0,1.53783,0.024,0.005,0,0.01,0.01,18/01/19
18/01/19,18/01/19,156.82,205,0,0,1.67821,0.024,0.005,0,0.01,0.01,18/01/19
18/01/19,18/01/19,156.82,210,0,0,1.81458,0.024,0.005,0,0.01,0.01,18/01/19
18/01/19,18/01/19,156.82,215,0,0,1.9458,0.024,0.01,0,0.02,0.03,18/01/19
18/01/19,18/01/19,156.82,220,0,0,2.07377,0.024,0.005,0,0.01,0.01,18/01/19
18/01/19,18/01/19,156.82,225,0,0,2.19877,0.024,0.005,0,0.01,0.01,18/01/19
18/01/19,18/01/19,156.82,230,0,0,2.3191,0.024,0.005,0,0.01,0.01,18/01/19
18/01/19,18/01/19,156.82,235,0,0,2.4371,0.024,0.005,0,0.01,0.01,18/01/19
18/01/19,18/01/19,156.82,240,0,0,2.552,0.024,0.005,0,0.01,0.01,18/01/19
18/01/19,18/01/19,156.82,245,0,0,2.6634,0.024,0,0,0,0.01,18/01/19
18/01/19,18/01/19,156.82,250,0,0,2.77233,0.024,0.01,0,0.02,0.01,18/01/19
18/01/19,18/01/19,156.82,255,0,0,2.87817,0.024,0.005,0,0.01,0.01,18/01/19
18/01/19,18/01/19,156.82,260,0,0,2.98219,0.024,0.005,0,0.01,0.01,18/01/19
18/01/19,18/01/19,156.82,265,0,0,3.08377,0.024,0.01,0,0.02,0.01,18/01/19
18/01/19,18/01/19,156.82,270,0,0,3.18278,0.024,0.005,0,0.01,0.01,18/01/19
18/01/19,18/01/19,156.82,275,0,0,3.28075,0.024,0.005,0,0.01,0.01,18/01/19
18/01/19,18/01/19,156.82,280,0,0,3.37542,0.024,0,0,0,0.01,18/01/19
18/01/19,18/01/19,156.82,285,0,0,3.46861,0.024,0.005,0,0.01,0.01,18/01/19
18/01/19,18/01/19,156.82,290,0,0,3.55955,0.024,0.005,0,0.01,0.01,18/01/19
18/01/19,18/01/19,156.82,295,0,0,3.64892,0.024,0.005,0,0.01,0.01,18/01/19
18/01/19,18/01/19,156.82,300,0,0,3.73721,0.024,0.01,0,0.02,0.01,18/01/19
18/01/19,18/01/19,156.82,305,0,0,3.82292,0.024,0.005,0,0.01,0.01,18/01/19
18/01/19,18/01/19,156.82,310,0,0,3.90692,0.024,0.005,0,0.01,0.02,18/01/19
18/01/19,18/01/19,156.82,315,0,0,3.9902,0.024,0.005,0,0.01,0.02,18/01/19
18/01/19,18/01/19,156.82,320,0,0,4.07082,0.024,0.005,0,0.01,0.01,18/01/19
18/01/19,18/01/19,156.82,325,0,0,4.15068,0.024,0.005,0,0.01,0.01,18/01/19
18/01/19,18/01/19,156.82,330,0,0,4.22975,0.024,0.005,0,0.01,0.06,18/01/19
18/01/19,18/01/19,156.82,335,0,0,4.69472,0.024,0.015,0,0.03,0.02,18/01/19
18/01/19,18/01/19,156.82,340,0,0,4.38217,0.024,0,0,0,0.01,18/01/19
18/01/19,18/01/19,156.82,345,0,0,4.45724,0.024,0.01,0,0.02,0.01,18/01/19
18/01/19,18/01/19,156.82,350,0,0,4.52988,0.024,0,0,0,0.01,18/01/19
18/01/19,18/01/19,156.82,355,0,0,4.60231,0.024,0.005,0,0.01,0.02,18/01/19
18/01/19,18/01/19,156.82,360,0,0,8.01047,0.024,0.87,0,1.74,0.03,18/01/19
18/01/19,18/01/19,156.82,365,0,0,5.27429,0.024,0.02,0,0.04,0.02,18/01/19
18/01/19,18/01/19,156.82,370,0,0,5.80087,0.024,0.045,0,0.09,0.01,18/01/19
18/01/19,18/01/19,156.82,375,0,0,5.87864,0.024,0.05,0,0.1,0.01,18/01/19
18/01/19,25/01/19,156.82,137,7,0.019178082,0.32337,0.024,19.83,19.35,20.31,14.5,18/01/19
18/01/19,25/01/19,156.82,147,7,0.019178082,0.29601,0.024,10.025,9.85,10.2,9.4,18/01/19
18/01/19,25/01/19,156.82,148,7,0.019178082,0.27092,0.024,9.025,8.9,9.15,8.8,18/01/19
18/01/19,25/01/19,156.82,149,7,0.019178082,0.25421,0.024,8.05,7.95,8.15,7.95,18/01/19
18/01/19,25/01/19,156.82,150,7,0.019178082,0.25806,0.024,7.175,7.1,7.25,7.1,18/01/19
18/01/19,25/01/19,156.82,152.5,7,0.019178082,0.23311,0.024,4.945,4.9,4.99,4.88,18/01/19
18/01/19,25/01/19,156.82,155,7,0.019178082,0.21873,0.024,3.045,2.99,3.1,3.05,18/01/19
18/01/19,25/01/19,156.82,157.5,7,0.019178082,0.20692,0.024,1.59,1.58,1.6,1.59,18/01/19
18/01/19,25/01/19,156.82,160,7,0.019178082,0.19778,0.024,0.675,0.67,0.68,0.68,18/01/19
18/01/19,25/01/19,156.82,162.5,7,0.019178082,0.19603,0.024,0.24,0.23,0.25,0.24,18/01/19
18/01/19,25/01/19,156.82,165,7,0.019178082,0.20091,0.024,0.085,0.08,0.09,0.08,18/01/19
18/01/19,25/01/19,156.82,167.5,7,0.019178082,0.21353,0.024,0.03,0.03,0.03,0.03,18/01/19
18/01/19,25/01/19,156.82,170,7,0.019178082,0.24226,0.024,0.035,0.03,0.04,0.03,18/01/19
18/01/19,25/01/19,156.82,172.5,7,0.019178082,0.27964,0.024,0.03,0.03,0.03,0.02,18/01/19
18/01/19,25/01/19,156.82,175,7,0.019178082,0.29642,0.024,0.015,0,0.03,0.02,18/01/19
18/01/19,25/01/19,156.82,177.5,7,0.019178082,0.33157,0.024,0.015,0,0.03,0.02,18/01/19
18/01/19,25/01/19,156.82,180,7,0.019178082,0.34807,0.024,0.01,0,0.02,0.02,18/01/19
18/01/19,25/01/19,156.82,182.5,7,0.019178082,0.3792,0.024,0.015,0,0.03,0.02,18/01/19
18/01/19,25/01/19,156.82,185,7,0.019178082,0.38288,0.024,0.005,0,0.01,0.01,18/01/19
18/01/19,25/01/19,156.82,187.5,7,0.019178082,0.41093,0.024,0.005,0,0.01,0.01,18/01/19
18/01/19,25/01/19,156.82,190,7,0.019178082,0.43854,0.024,0.005,0,0.01,0.02,18/01/19
18/01/19,25/01/19,156.82,192.5,7,0.019178082,0.49636,0.024,0.015,0,0.03,0.01,18/01/19
18/01/19,25/01/19,156.82,195,7,0.019178082,0.49186,0.024,0.005,0,0.01,0.01,18/01/19
18/01/19,25/01/19,156.82,197.5,7,0.019178082,0.5529,0.024,0.015,0,0.03,0.01,18/01/19
18/01/19,25/01/19,156.82,200,7,0.019178082,0.54333,0.024,0.005,0,0.01,0.01,18/01/19
18/01/19,25/01/19,156.82,202.5,7,0.019178082,0.56851,0.024,0.005,0,0.01,0.01,18/01/19
18/01/19,25/01/19,156.82,205,7,0.019178082,0.59325,0.024,0.005,0,0.01,0.01,18/01/19
18/01/19,25/01/19,156.82,207.5,7,0.019178082,0.65802,0.024,0.01,0,0.02,0.02,18/01/19
18/01/19,25/01/19,156.82,210,7,0.019178082,0.64156,0.024,0.005,0,0.01,0.02,18/01/19
18/01/19,25/01/19,156.82,212.5,7,0.019178082,0.70582,0.024,0.005,0,0.01,0.16,18/01/19
18/01/19,25/01/19,156.82,215,7,0.019178082,0.73276,0.024,0.015,0,0.03,0.2,18/01/19
18/01/19,25/01/19,156.82,220,7,0.019178082,0.77663,0.024,0.01,0,0.02,0.01,18/01/19
18/01/19,25/01/19,156.82,225,7,0.019178082,0.77677,0.024,0,0,0,0.03,18/01/19
18/01/19,01/02/19,156.82,126,14,0.038356164,0.36419,0.024,30.83,30.41,31.25,0,18/01/19
18/01/19,01/02/19,156.82,127,14,0.038356164,0.35283,0.024,29.82,29.44,30.2,0,18/01/19
18/01/19,01/02/19,156.82,129,14,0.038356164,0.45388,0.024,27.9,27.4,28.4,0,18/01/19
18/01/19,01/02/19,156.82,130,14,0.038356164,0.41627,0.024,26.87,26.5,27.24,25.56,18/01/19
18/01/19,01/02/19,156.82,131,14,0.038356164,0.42271,0.024,25.905,25.5,26.31,0,18/01/19
18/01/19,01/02/19,156.82,132,14,0.038356164,0.43935,0.024,24.945,24.54,25.35,0,18/01/19
18/01/19,01/02/19,156.82,133,14,0.038356164,0.42278,0.024,23.945,23.5,24.39,0,18/01/19
18/01/19,01/02/19,156.82,134,14,0.038356164,0.46834,0.024,23.1,22.6,23.6,19.59,18/01/19
18/01/19,01/02/19,156.82,135,14,0.038356164,0.46659,0.024,22.15,21.6,22.7,20.7,18/01/19
18/01/19,01/02/19,156.82,136,14,0.038356164,0.39613,0.024,21.005,20.61,21.4,14.7,18/01/19
18/01/19,01/02/19,156.82,137,14,0.038356164,0.37926,0.024,20.005,19.61,20.4,12.55,18/01/19
18/01/19,01/02/19,156.82,138,14,0.038356164,0.37154,0.024,19.03,18.66,19.4,13,18/01/19
18/01/19,01/02/19,156.82,139,14,0.038356164,0.43359,0.024,18.32,18.14,18.5,16.5,18/01/19
18/01/19,01/02/19,156.82,140,14,0.038356164,0.40887,0.024,17.305,17.16,17.45,16.8,18/01/19
18/01/19,01/02/19,156.82,141,14,0.038356164,0.41787,0.024,16.45,16.3,16.6,17,18/01/19
18/01/19,01/02/19,156.82,142,14,0.038356164,0.40207,0.024,15.475,15.35,15.6,13.86,18/01/19
18/01/19,01/02/19,156.82,143,14,0.038356164,0.40072,0.024,14.595,14.44,14.75,14.95,18/01/19
18/01/19,01/02/19,156.82,144,14,0.038356164,0.39112,0.024,13.68,13.56,13.8,13.5,18/01/19
18/01/19,01/02/19,156.82,145,14,0.038356164,0.38311,0.024,12.785,12.66,12.91,12.2,18/01/19
18/01/19,01/02/19,156.82,146,14,0.038356164,0.37639,0.024,11.895,11.8,11.99,11.71,18/01/19
18/01/19,01/02/19,156.82,147,14,0.038356164,0.37919,0.024,11.125,11,11.25,11.48,18/01/19
18/01/19,01/02/19,156.82,148,14,0.038356164,0.37666,0.024,10.325,10.2,10.45,9.75,18/01/19
18/01/19,01/02/19,156.82,149,14,0.038356164,0.36903,0.024,9.49,9.39,9.59,9.73,18/01/19
18/01/19,01/02/19,156.82,150,14,0.038356164,0.36255,0.024,8.7,8.6,8.8,8.58,18/01/19
18/01/19,01/02/19,156.82,152.5,14,0.038356164,0.35921,0.024,6.97,6.89,7.05,6.7,18/01/19
18/01/19,01/02/19,156.82,155,14,0.038356164,0.35122,0.024,5.4,5.35,5.45,5.4,18/01/19
18/01/19,01/02/19,156.82,157.5,14,0.038356164,0.3432,0.024,4.03,4,4.06,4.04,18/01/19
18/01/19,01/02/19,156.82,160,14,0.038356164,0.33431,0.024,2.88,2.86,2.9,2.86,18/01/19
18/01/19,01/02/19,156.82,162.5,14,0.038356164,0.32722,0.024,1.985,1.97,2,1.95,18/01/19
18/01/19,01/02/19,156.82,165,14,0.038356164,0.3198,0.024,1.295,1.29,1.3,1.28,18/01/19
18/01/19,01/02/19,156.82,167.5,14,0.038356164,0.31522,0.024,0.82,0.8,0.84,0.81,18/01/19
18/01/19,01/02/19,156.82,170,14,0.038356164,0.31495,0.024,0.51,0.5,0.52,0.5,18/01/19
18/01/19,01/02/19,156.82,172.5,14,0.038356164,0.31636,0.024,0.315,0.3,0.33,0.31,18/01/19
18/01/19,01/02/19,156.82,175,14,0.038356164,0.32622,0.024,0.22,0.21,0.23,0.22,18/01/19
18/01/19,01/02/19,156.82,177.5,14,0.038356164,0.33593,0.024,0.15,0.13,0.17,0.15,18/01/19
18/01/19,01/02/19,156.82,180,14,0.038356164,0.34107,0.024,0.105,0.09,0.12,0.1,18/01/19
18/01/19,01/02/19,156.82,182.5,14,0.038356164,0.357,0.024,0.075,0.07,0.08,0.11,18/01/19
18/01/19,01/02/19,156.82,185,14,0.038356164,0.36868,0.024,0.055,0.05,0.06,0.08,18/01/19
18/01/19,01/02/19,156.82,187.5,14,0.038356164,0.38989,0.024,0.055,0.04,0.07,0.07,18/01/19
18/01/19,01/02/19,156.82,190,14,0.038356164,0.40357,0.024,0.05,0.03,0.07,0.05,18/01/19
18/01/19,01/02/19,156.82,192.5,14,0.038356164,0.41421,0.024,0.035,0.02,0.05,0.05,18/01/19
18/01/19,01/02/19,156.82,195,14,0.038356164,0.43737,0.024,0.04,0.02,0.06,0.04,18/01/19
18/01/19,01/02/19,156.82,197.5,14,0.038356164,0.45932,0.024,0.035,0.01,0.06,0.05,18/01/19
18/01/19,01/02/19,156.82,200,14,0.038356164,0.45256,0.024,0.015,0,0.03,0.04,18/01/19
18/01/19,01/02/19,156.82,202.5,14,0.038356164,0.48421,0.024,0.025,0,0.05,0.02,18/01/19
18/01/19,01/02/19,156.82,205,14,0.038356164,0.4935,0.024,0.02,0,0.04,0.02,18/01/19
18/01/19,01/02/19,156.82,207.5,14,0.038356164,0.51194,0.024,0.015,0,0.03,0.03,18/01/19
18/01/19,08/02/19,156.82,105,21,0.057534247,1.03661,0.024,51.82,51.35,52.29,48.95,18/01/19
18/01/19,08/02/19,156.82,110,21,0.057534247,0.92344,0.024,46.925,46.4,47.45,45.4,18/01/19
18/01/19,08/02/19,156.82,115,21,0.057534247,0.7783,0.024,41.85,41.45,42.25,0,18/01/19
18/01/19,08/02/19,156.82,120,21,0.057534247,0.70808,0.024,37.025,36.5,37.55,37.49,18/01/19
18/01/19,08/02/19,156.82,125,21,0.057534247,0.5787,0.024,31.92,31.54,32.3,33.14,18/01/19
18/01/19,08/02/19,156.82,130,21,0.057534247,0.48891,0.024,26.955,26.55,27.36,26.8,18/01/19
18/01/19,08/02/19,156.82,132,21,0.057534247,0.47107,0.024,25.025,24.65,25.4,18.7,18/01/19
18/01/19,08/02/19,156.82,133,21,0.057534247,0.46555,0.024,24.07,23.65,24.49,17.65,18/01/19
18/01/19,08/02/19,156.82,134,21,0.057534247,0.45819,0.024,23.125,22.65,23.6,21.7,18/01/19
18/01/19,08/02/19,156.82,135,21,0.057534247,0.46334,0.024,22.25,21.7,22.8,17.7,18/01/19
18/01/19,08/02/19,156.82,136,21,0.057534247,0.43736,0.024,21.2,20.75,21.65,19.3,18/01/19
18/01/19,08/02/19,156.82,137,21,0.057534247,0.44841,0.024,20.37,20.2,20.54,16.8,18/01/19
18/01/19,08/02/19,156.82,138,21,0.057534247,0.44831,0.024,19.5,19.29,19.71,13.95,18/01/19
18/01/19,08/02/19,156.82,139,21,0.057534247,0.4372,0.024,18.555,18.4,18.71,14.32,18/01/19
18/01/19,08/02/19,156.82,140,21,0.057534247,0.42792,0.024,17.625,17.45,17.8,18.3,18/01/19
18/01/19,08/02/19,156.82,141,21,0.057534247,0.41234,0.024,16.65,16.5,16.8,11.05,18/01/19
18/01/19,08/02/19,156.82,142,21,0.057534247,0.40764,0.024,15.775,15.66,15.89,14.24,18/01/19
18/01/19,08/02/19,156.82,143,21,0.057534247,0.40163,0.024,14.89,14.74,15.04,12.9,18/01/19
18/01/19,08/02/19,156.82,144,21,0.057534247,0.39203,0.024,14,13.85,14.15,14.05,18/01/19
18/01/19,08/02/19,156.82,145,21,0.057534247,0.38782,0.024,13.175,13.04,13.31,13.58,18/01/19
18/01/19,08/02/19,156.82,146,21,0.057534247,0.38108,0.024,12.32,12.19,12.45,12.34,18/01/19
18/01/19,08/02/19,156.82,147,21,0.057534247,0.37433,0.024,11.495,11.4,11.59,11.35,18/01/19
18/01/19,08/02/19,156.82,148,21,0.057534247,0.37324,0.024,10.75,10.65,10.85,10.41,18/01/19
18/01/19,08/02/19,156.82,149,21,0.057534247,0.36314,0.024,9.92,9.79,10.05,10.15,18/01/19
18/01/19,08/02/19,156.82,150,21,0.057534247,0.35887,0.024,9.165,9.04,9.29,8.8,18/01/19
18/01/19,08/02/19,156.82,152.5,21,0.057534247,0.35068,0.024,7.475,7.4,7.55,7.25,18/01/19
18/01/19,08/02/19,156.82,155,21,0.057534247,0.3396,0.024,5.9,5.8,6,5.9,18/01/19
18/01/19,08/02/19,156.82,157.5,21,0.057534247,0.33021,0.024,4.525,4.45,4.6,4.4,18/01/19
18/01/19,08/02/19,156.82,160,21,0.057534247,0.32026,0.024,3.35,3.3,3.4,3.4,18/01/19
18/01/19,08/02/19,156.82,162.5,21,0.057534247,0.31207,0.024,2.4,2.38,2.42,2.22,18/01/19
18/01/19,08/02/19,156.82,165,21,0.057534247,0.30337,0.024,1.65,1.63,1.67,1.58,18/01/19
18/01/19,08/02/19,156.82,167.5,21,0.057534247,0.29873,0.024,1.115,1.09,1.14,1.02,18/01/19
18/01/19,08/02/19,156.82,170,21,0.057534247,0.29567,0.024,0.725,0.7,0.75,0.7,18/01/19
18/01/19,08/02/19,156.82,172.5,21,0.057534247,0.2947,0.024,0.485,0.46,0.51,0.54,18/01/19
18/01/19,08/02/19,156.82,175,21,0.057534247,0.29891,0.024,0.33,0.32,0.34,0.3,18/01/19
18/01/19,08/02/19,156.82,177.5,21,0.057534247,0.30322,0.024,0.22,0.21,0.23,0.23,18/01/19
18/01/19,08/02/19,156.82,180,21,0.057534247,0.31309,0.024,0.17,0.15,0.19,0.15,18/01/19
18/01/19,08/02/19,156.82,182.5,21,0.057534247,0.32321,0.024,0.13,0.11,0.15,0.13,18/01/19
18/01/19,08/02/19,156.82,185,21,0.057534247,0.33,0.024,0.095,0.09,0.1,0.1,18/01/19
18/01/19,08/02/19,156.82,187.5,21,0.057534247,0.34639,0.024,0.085,0.07,0.1,0.08,18/01/19
18/01/19,08/02/19,156.82,190,21,0.057534247,0.36135,0.024,0.07,0.07,0.07,0.06,18/01/19
18/01/19,08/02/19,156.82,192.5,21,0.057534247,0.37075,0.024,0.06,0.05,0.07,0.07,18/01/19
18/01/19,08/02/19,156.82,195,21,0.057534247,0.38141,0.024,0.055,0.05,0.06,0.09,18/01/19
18/01/19,08/02/19,156.82,200,21,0.057534247,0.41928,0.024,0.05,0.03,0.07,0.04,18/01/19
18/01/19,15/02/19,156.82,50,28,0.076712329,3.84549,0.024,106.925,106.8,107.05,107.9,18/01/19
18/01/19,15/02/19,156.82,55,28,0.076712329,3.3329,0.024,101.9,101.75,102.05,101.66,18/01/19
18/01/19,15/02/19,156.82,60,28,0.076712329,2.8999,0.024,96.855,96.71,97,94.3,18/01/19
18/01/19,15/02/19,156.82,65,28,0.076712329,2.55831,0.024,91.925,91.8,92.05,86.9,18/01/19
18/01/19,15/02/19,156.82,70,28,0.076712329,2.23613,0.024,86.845,86.75,86.94,81.7,18/01/19
18/01/19,15/02/19,156.82,75,28,0.076712329,1.97676,0.024,81.88,81.76,82,92.6,18/01/19
18/01/19,15/02/19,156.82,80,28,0.076712329,1.75451,0.024,76.92,76.79,77.05,71.76,18/01/19
18/01/19,15/02/19,156.82,85,28,0.076712329,1.54961,0.024,71.925,71.8,72.05,68.25,18/01/19
18/01/19,15/02/19,156.82,90,28,0.076712329,1.35787,0.024,66.875,66.75,67,67.05,18/01/19
18/01/19,15/02/19,156.82,95,28,0.076712329,1.20532,0.024,61.925,61.8,62.05,58.66,18/01/19
18/01/19,15/02/19,156.82,100,28,0.076712329,1.05398,0.024,56.9,56.8,57,57.6,18/01/19
18/01/19,15/02/19,156.82,105,28,0.076712329,0.92708,0.024,51.93,51.8,52.06,51.84,18/01/19
18/01/19,15/02/19,156.82,110,28,0.076712329,0.81819,0.024,46.98,46.86,47.1,46.55,18/01/19
18/01/19,15/02/19,156.82,115,28,0.076712329,0.7202,0.024,42.025,41.9,42.15,40.75,18/01/19
18/01/19,15/02/19,156.82,120,28,0.076712329,0.63125,0.024,37.07,36.94,37.2,37,18/01/19
18/01/19,15/02/19,156.82,125,28,0.076712329,0.5508,0.024,32.12,32,32.24,32.6,18/01/19
18/01/19,15/02/19,156.82,130,28,0.076712329,0.48448,0.024,27.225,27.11,27.34,26.84,18/01/19
18/01/19,15/02/19,156.82,135,28,0.076712329,0.42976,0.024,22.4,22.3,22.5,22.6,18/01/19
18/01/19,15/02/19,156.82,140,28,0.076712329,0.39017,0.024,17.745,17.64,17.85,17.45,18/01/19
18/01/19,15/02/19,156.82,145,28,0.076712329,0.3612,0.024,13.43,13.35,13.51,13.33,18/01/19
18/01/19,15/02/19,156.82,150,28,0.076712329,0.33696,0.024,9.53,9.45,9.61,9.43,18/01/19
18/01/19,15/02/19,156.82,155,28,0.076712329,0.31781,0.024,6.24,6.19,6.29,6.17,18/01/19
18/01/19,15/02/19,156.82,160,28,0.076712329,0.30242,0.024,3.725,3.7,3.75,3.67,18/01/19
18/01/19,15/02/19,156.82,165,28,0.076712329,0.28931,0.024,1.985,1.98,1.99,1.97,18/01/19
18/01/19,15/02/19,156.82,170,28,0.076712329,0.28143,0.024,0.96,0.96,0.96,0.95,18/01/19
18/01/19,15/02/19,156.82,175,28,0.076712329,0.28117,0.024,0.445,0.43,0.46,0.44,18/01/19
18/01/19,15/02/19,156.82,180,28,0.076712329,0.28866,0.024,0.225,0.22,0.23,0.21,18/01/19
18/01/19,15/02/19,156.82,185,28,0.076712329,0.30382,0.024,0.125,0.12,0.13,0.14,18/01/19
18/01/19,15/02/19,156.82,190,28,0.076712329,0.32608,0.024,0.09,0.09,0.09,0.09,18/01/19
18/01/19,15/02/19,156.82,195,28,0.076712329,0.34079,0.024,0.065,0.06,0.07,0.07,18/01/19
18/01/19,15/02/19,156.82,200,28,0.076712329,0.36943,0.024,0.06,0.06,0.06,0.06,18/01/19
18/01/19,15/02/19,156.82,205,28,0.076712329,0.38067,0.024,0.03,0.02,0.04,0.03,18/01/19
18/01/19,15/02/19,156.82,210,28,0.076712329,0.39583,0.024,0.02,0.01,0.03,0.02,18/01/19
18/01/19,15/02/19,156.82,215,28,0.076712329,0.40269,0.024,0.015,0.01,0.02,0.02,18/01/19
18/01/19,15/02/19,156.82,220,28,0.076712329,0.41364,0.024,0.01,0,0.02,0.02,18/01/19
18/01/19,15/02/19,156.82,225,28,0.076712329,0.45364,0.024,0.015,0.01,0.02,0.01,18/01/19
18/01/19,15/02/19,156.82,230,28,0.076712329,0.46053,0.024,0.015,0,0.03,0.01,18/01/19
18/01/19,15/02/19,156.82,235,28,0.076712329,0.4563,0.024,0.005,0,0.01,0.02,18/01/19
18/01/19,15/02/19,156.82,240,28,0.076712329,0.47672,0.024,0.005,0,0.01,0.02,18/01/19
18/01/19,15/02/19,156.82,245,28,0.076712329,0.49772,0.024,0.005,0,0.01,0.01,18/01/19
18/01/19,15/02/19,156.82,250,28,0.076712329,0.51858,0.024,0,0,0,0.01,18/01/19
18/01/19,15/02/19,156.82,255,28,0.076712329,0.53749,0.024,0.005,0,0.01,0.02,18/01/19
18/01/19,15/02/19,156.82,260,28,0.076712329,0.55674,0.024,0.01,0,0.02,0.01,18/01/19
18/01/19,15/02/19,156.82,265,28,0.076712329,0.57602,0.024,0.005,0,0.01,0.01,18/01/19
18/01/19,15/02/19,156.82,270,28,0.076712329,0.59449,0.024,0.005,0,0.01,0.03,18/01/19
18/01/19,15/02/19,156.82,275,28,0.076712329,0.61234,0.024,0,0,0,0.01,18/01/19
18/01/19,15/02/19,156.82,280,28,0.076712329,0.63022,0.024,0,0,0,0.01,18/01/19
18/01/19,15/02/19,156.82,285,28,0.076712329,0.64774,0.024,0.005,0,0.01,0.04,18/01/19
18/01/19,15/02/19,156.82,290,28,0.076712329,0.70242,0.024,0.015,0,0.03,0.01,18/01/19
18/01/19,15/02/19,156.82,295,28,0.076712329,0.6812,0.024,0.005,0,0.01,0.01,18/01/19
18/01/19,15/02/19,156.82,300,28,0.076712329,0.73558,0.024,0.01,0,0.02,0.01,18/01/19
18/01/19,15/02/19,156.82,310,28,0.076712329,0.72884,0.024,0.005,0,0.01,0.01,18/01/19
18/01/19,15/02/19,156.82,320,28,0.076712329,0.80044,0.024,0.015,0,0.03,0.02,18/01/19
18/01/19,22/02/19,156.82,90,35,0.095890411,1.22376,0.024,66.875,66.7,67.05,0,18/01/19
18/01/19,22/02/19,156.82,95,35,0.095890411,1.08238,0.024,61.9,61.7,62.1,0,18/01/19
18/01/19,22/02/19,156.82,100,35,0.095890411,0.95076,0.024,56.895,56.69,57.1,57.19,18/01/19
18/01/19,22/02/19,156.82,105,35,0.095890411,0.83277,0.024,51.895,51.7,52.09,0,18/01/19
18/01/19,22/02/19,156.82,110,35,0.095890411,0.7344,0.024,46.955,46.76,47.15,35.76,18/01/19
18/01/19,22/02/19,156.82,115,35,0.095890411,0.64669,0.024,42,41.8,42.2,41,18/01/19
18/01/19,22/02/19,156.82,120,35,0.095890411,0.56329,0.024,37.02,36.85,37.19,36.45,18/01/19
18/01/19,22/02/19,156.82,125,35,0.095890411,0.49513,0.024,32.1,31.9,32.3,32.17,18/01/19
18/01/19,22/02/19,156.82,130,35,0.095890411,0.44818,0.024,27.275,27.1,27.45,24.09,18/01/19
18/01/19,22/02/19,156.82,132,35,0.095890411,0.42551,0.024,25.32,25.15,25.49,0,18/01/19
18/01/19,22/02/19,156.82,133,35,0.095890411,0.41732,0.024,24.38,24.21,24.55,0,18/01/19
18/01/19,22/02/19,156.82,134,35,0.095890411,0.40892,0.024,23.42,23.25,23.59,17.05,18/01/19
18/01/19,22/02/19,156.82,135,35,0.095890411,0.40631,0.024,22.52,22.35,22.69,22.86,18/01/19
18/01/19,22/02/19,156.82,136,35,0.095890411,0.3886,0.024,21.505,21.36,21.65,17.71,18/01/19
18/01/19,22/02/19,156.82,137,35,0.095890411,0.38186,0.024,20.575,20.4,20.75,0,18/01/19
18/01/19,22/02/19,156.82,138,35,0.095890411,0.38013,0.024,19.7,19.56,19.84,0,18/01/19
18/01/19,22/02/19,156.82,139,35,0.095890411,0.36954,0.024,18.75,18.6,18.9,0,18/01/19
18/01/19,22/02/19,156.82,140,35,0.095890411,0.36837,0.024,17.905,17.76,18.05,17.28,18/01/19
18/01/19,22/02/19,156.82,141,35,0.095890411,0.35724,0.024,16.95,16.8,17.1,15.17,18/01/19
18/01/19,22/02/19,156.82,142,35,0.095890411,0.35581,0.024,16.13,15.96,16.3,11.85,18/01/19
18/01/19,22/02/19,156.82,143,35,0.095890411,0.34573,0.024,15.2,15.05,15.35,13.5,18/01/19
18/01/19,22/02/19,156.82,144,35,0.095890411,0.34152,0.024,14.37,14.25,14.49,13.15,18/01/19
18/01/19,22/02/19,156.82,145,35,0.095890411,0.33593,0.024,13.525,13.4,13.65,13,18/01/19
18/01/19,22/02/19,156.82,146,35,0.095890411,0.33683,0.024,12.8,12.65,12.95,12.56,18/01/19
18/01/19,22/02/19,156.82,147,35,0.095890411,0.32797,0.024,11.95,11.8,12.1,11.74,18/01/19
18/01/19,22/02/19,156.82,148,35,0.095890411,0.32529,0.024,11.2,11.1,11.3,10.93,18/01/19
18/01/19,22/02/19,156.82,149,35,0.095890411,0.3225,0.024,10.48,10.36,10.6,10.21,18/01/19
18/01/19,22/02/19,156.82,150,35,0.095890411,0.31923,0.024,9.755,9.65,9.86,9.5,18/01/19
18/01/19,22/02/19,156.82,152.5,35,0.095890411,0.31287,0.024,8.105,8,8.21,7.75,18/01/19
18/01/19,22/02/19,156.82,155,35,0.095890411,0.30219,0.024,6.525,6.45,6.6,6.1,18/01/19
18/01/19,22/02/19,156.82,157.5,35,0.095890411,0.29428,0.024,5.175,5.1,5.25,4.95,18/01/19
18/01/19,22/02/19,156.82,160,35,0.095890411,0.28881,0.024,4.025,3.95,4.1,3.79,18/01/19
18/01/19,22/02/19,156.82,162.5,35,0.095890411,0.28336,0.024,3.05,3,3.1,2.92,18/01/19
18/01/19,22/02/19,156.82,165,35,0.095890411,0.27728,0.024,2.25,2.21,2.29,2.07,18/01/19
18/01/19,22/02/19,156.82,167.5,35,0.095890411,0.27234,0.024,1.61,1.57,1.65,1.5,18/01/19
18/01/19,22/02/19,156.82,170,35,0.095890411,0.26949,0.024,1.135,1.11,1.16,1.07,18/01/19
18/01/19,22/02/19,156.82,172.5,35,0.095890411,0.26787,0.024,0.815,0.79,0.84,0.76,18/01/19
18/01/19,22/02/19,156.82,175,35,0.095890411,0.26683,0.024,0.565,0.54,0.59,0.53,18/01/19
18/01/19,22/02/19,156.82,177.5,35,0.095890411,0.26899,0.024,0.395,0.38,0.41,0.39,18/01/19
18/01/19,22/02/19,156.82,180,35,0.095890411,0.27442,0.024,0.3,0.27,0.33,0.29,18/01/19
18/01/19,22/02/19,156.82,182.5,35,0.095890411,0.27725,0.024,0.215,0.21,0.22,0.19,18/01/19
18/01/19,22/02/19,156.82,185,35,0.095890411,0.28576,0.024,0.17,0.15,0.19,0.2,18/01/19
18/01/19,22/02/19,156.82,187.5,35,0.095890411,0.29318,0.024,0.145,0.11,0.18,0.15,18/01/19
18/01/19,22/02/19,156.82,190,35,0.095890411,0.30346,0.024,0.12,0.09,0.15,0.12,18/01/19
18/01/19,22/02/19,156.82,192.5,35,0.095890411,0.31236,0.024,0.1,0.07,0.13,0.12,18/01/19
18/01/19,22/02/19,156.82,195,35,0.095890411,0.32317,0.024,0.09,0.06,0.12,0.1,18/01/19
18/01/19,22/02/19,156.82,200,35,0.095890411,0.3432,0.024,0.06,0.03,0.09,0.08,18/01/19
18/01/19,01/03/19,156.82,100,42,0.115068493,0.87786,0.024,56.925,56.75,57.1,55.4,18/01/19
18/01/19,01/03/19,156.82,105,42,0.115068493,0.77368,0.024,51.955,51.75,52.16,0,18/01/19
18/01/19,01/03/19,156.82,110,42,0.115068493,0.68393,0.024,47,46.8,47.2,41.3,18/01/19
18/01/19,01/03/19,156.82,115,42,0.115068493,0.59992,0.024,42.025,41.8,42.25,0,18/01/19
18/01/19,01/03/19,156.82,120,42,0.115068493,0.53523,0.024,37.13,36.95,37.31,36.6,18/01/19
18/01/19,01/03/19,156.82,125,42,0.115068493,0.46113,0.024,32.12,31.94,32.3,0,18/01/19
18/01/19,01/03/19,156.82,130,42,0.115068493,0.41393,0.024,27.275,27.1,27.45,0,18/01/19
18/01/19,01/03/19,156.82,135,42,0.115068493,0.37751,0.024,22.555,22.4,22.71,18.79,18/01/19
18/01/19,01/03/19,156.82,138,42,0.115068493,0.36041,0.024,19.795,19.64,19.95,0,18/01/19
18/01/19,01/03/19,156.82,139,42,0.115068493,0.35899,0.024,18.95,18.8,19.1,0,18/01/19
18/01/19,01/03/19,156.82,140,42,0.115068493,0.35162,0.024,18.05,17.91,18.19,17.9,18/01/19
18/01/19,01/03/19,156.82,141,42,0.115068493,0.34463,0.024,17.145,16.99,17.3,0,18/01/19
18/01/19,01/03/19,156.82,142,42,0.115068493,0.34308,0.024,16.325,16.15,16.5,16.46,18/01/19
18/01/19,01/03/19,156.82,143,42,0.115068493,0.33935,0.024,15.5,15.34,15.66,0,18/01/19
18/01/19,01/03/19,156.82,144,42,0.115068493,0.3332,0.024,14.65,14.55,14.75,14.1,18/01/19
18/01/19,01/03/19,156.82,145,42,0.115068493,0.32846,0.024,13.825,13.7,13.95,13.4,18/01/19
18/01/19,01/03/19,156.82,146,42,0.115068493,0.32369,0.024,13.025,12.9,13.15,10.21,18/01/19
18/01/19,01/03/19,156.82,147,42,0.115068493,0.32294,0.024,12.3,12.15,12.45,12.31,18/01/19
18/01/19,01/03/19,156.82,148,42,0.115068493,0.3163,0.024,11.495,11.4,11.59,11.85,18/01/19
18/01/19,01/03/19,156.82,149,42,0.115068493,0.31185,0.024,10.75,10.64,10.86,9.85,18/01/19
18/01/19,01/03/19,156.82,150,42,0.115068493,0.31169,0.024,10.095,9.99,10.2,10,18/01/19
18/01/19,01/03/19,156.82,152.5,42,0.115068493,0.30481,0.024,8.45,8.35,8.55,8.05,18/01/19
18/01/19,01/03/19,156.82,155,42,0.115068493,0.29672,0.024,6.92,6.84,7,6.49,18/01/19
18/01/19,01/03/19,156.82,157.5,42,0.115068493,0.28952,0.024,5.57,5.49,5.65,5.3,18/01/19
18/01/19,01/03/19,156.82,160,42,0.115068493,0.283,0.024,4.4,4.3,4.5,4.2,18/01/19
18/01/19,01/03/19,156.82,162.5,42,0.115068493,0.27739,0.024,3.405,3.36,3.45,3.58,18/01/19
18/01/19,01/03/19,156.82,165,42,0.115068493,0.27474,0.024,2.61,2.58,2.64,2.46,18/01/19
18/01/19,01/03/19,156.82,167.5,42,0.115068493,0.26942,0.024,1.935,1.91,1.96,1.8,18/01/19
18/01/19,01/03/19,156.82,170,42,0.115068493,0.26679,0.024,1.42,1.4,1.44,1.29,18/01/19
18/01/19,01/03/19,156.82,172.5,42,0.115068493,0.26511,0.024,1.035,1,1.07,0.98,18/01/19
18/01/19,01/03/19,156.82,175,42,0.115068493,0.26353,0.024,0.74,0.71,0.77,0.71,18/01/19
18/01/19,01/03/19,156.82,177.5,42,0.115068493,0.26508,0.024,0.54,0.51,0.57,0.55,18/01/19
18/01/19,01/03/19,156.82,180,42,0.115068493,0.26687,0.024,0.395,0.36,0.43,0.4,18/01/19
18/01/19,01/03/19,156.82,182.5,42,0.115068493,0.27003,0.024,0.3,0.28,0.32,0.28,18/01/19
18/01/19,01/03/19,156.82,185,42,0.115068493,0.27474,0.024,0.23,0.21,0.25,0.24,18/01/19
18/01/19,01/03/19,156.82,187.5,42,0.115068493,0.28143,0.024,0.185,0.15,0.22,0.2,18/01/19
18/01/19,01/03/19,156.82,190,42,0.115068493,0.28831,0.024,0.145,0.11,0.18,0.16,18/01/19
18/01/19,01/03/19,156.82,195,42,0.115068493,0.3003,0.024,0.11,0.08,0.14,0.12,18/01/19
18/01/19,01/03/19,156.82,200,42,0.115068493,0.31128,0.024,0.065,0.05,0.08,0.08,18/01/19
18/01/19,01/03/19,156.82,205,42,0.115068493,0.33451,0.024,0.06,0.03,0.09,0.07,18/01/19
18/01/19,01/03/19,156.82,210,42,0.115068493,0.35907,0.024,0.065,0.04,0.09,0.08,18/01/19
18/01/19,15/03/19,156.82,75,55.96,0.153315069,1.40705,0.024,81.825,81.65,82,75.15,18/01/19
18/01/19,15/03/19,156.82,80,55.96,0.153315069,1.24906,0.024,76.875,76.7,77.05,0,18/01/19
18/01/19,15/03/19,156.82,85,55.96,0.153315069,1.10324,0.024,71.865,71.69,72.04,0,18/01/19
18/01/19,15/03/19,156.82,90,55.96,0.153315069,0.97312,0.024,66.87,66.7,67.04,53.9,18/01/19
18/01/19,15/03/19,156.82,95,55.96,0.153315069,0.86059,0.024,61.89,61.69,62.09,0,18/01/19
18/01/19,15/03/19,156.82,100,55.96,0.153315069,0.77856,0.024,57.045,56.89,57.2,54.3,18/01/19
18/01/19,15/03/19,156.82,105,55.96,0.153315069,0.66215,0.024,51.905,51.75,52.06,51.74,18/01/19
18/01/19,15/03/19,156.82,110,55.96,0.153315069,0.59253,0.024,47.01,46.81,47.21,40.43,18/01/19
18/01/19,15/03/19,156.82,115,55.96,0.153315069,0.52552,0.024,42.075,41.9,42.25,39.75,18/01/19
18/01/19,15/03/19,156.82,120,55.96,0.153315069,0.46662,0.024,37.145,37.04,37.25,37.6,18/01/19
18/01/19,15/03/19,156.82,125,55.96,0.153315069,0.41173,0.024,32.225,32.1,32.35,32.75,18/01/19
18/01/19,15/03/19,156.82,130,55.96,0.153315069,0.38664,0.024,27.555,27.45,27.66,27.3,18/01/19
18/01/19,15/03/19,156.82,135,55.96,0.153315069,0.35196,0.024,22.845,22.7,22.99,23.3,18/01/19
18/01/19,15/03/19,156.82,140,55.96,0.153315069,0.33004,0.024,18.45,18.4,18.5,18.35,18/01/19
18/01/19,15/03/19,156.82,145,55.96,0.153315069,0.31386,0.024,14.4,14.35,14.45,13.8,18/01/19
18/01/19,15/03/19,156.82,150,55.96,0.153315069,0.3004,0.024,10.795,10.75,10.84,10.59,18/01/19
18/01/19,15/03/19,156.82,155,55.96,0.153315069,0.28849,0.024,7.695,7.64,7.75,7.4,18/01/19
18/01/19,15/03/19,156.82,160,55.96,0.153315069,0.27703,0.024,5.175,5.15,5.2,5.08,18/01/19
18/01/19,15/03/19,156.82,165,55.96,0.153315069,0.26822,0.024,3.275,3.25,3.3,3.2,18/01/19
18/01/19,15/03/19,156.82,170,55.96,0.153315069,0.26107,0.024,1.94,1.92,1.96,1.93,18/01/19
18/01/19,15/03/19,156.82,175,55.96,0.153315069,0.25712,0.024,1.1,1.1,1.1,1.1,18/01/19
18/01/19,15/03/19,156.82,180,55.96,0.153315069,0.25616,0.024,0.61,0.6,0.62,0.61,18/01/19
18/01/19,15/03/19,156.82,185,55.96,0.153315069,0.26105,0.024,0.365,0.35,0.38,0.36,18/01/19
18/01/19,15/03/19,156.82,190,55.96,0.153315069,0.26721,0.024,0.225,0.22,0.23,0.23,18/01/19
18/01/19,15/03/19,156.82,195,55.96,0.153315069,0.2781,0.024,0.155,0.15,0.16,0.16,18/01/19
18/01/19,15/03/19,156.82,200,55.96,0.153315069,0.2913,0.024,0.12,0.12,0.12,0.12,18/01/19
18/01/19,15/03/19,156.82,205,55.96,0.153315069,0.30258,0.024,0.085,0.08,0.09,0.09,18/01/19
18/01/19,15/03/19,156.82,210,55.96,0.153315069,0.31545,0.024,0.065,0.06,0.07,0.07,18/01/19
18/01/19,15/03/19,156.82,215,55.96,0.153315069,0.32995,0.024,0.065,0.06,0.07,0.05,18/01/19
18/01/19,15/03/19,156.82,220,55.96,0.153315069,0.32169,0.024,0.025,0.01,0.04,0.05,18/01/19
18/01/19,15/03/19,156.82,225,55.96,0.153315069,0.33961,0.024,0.025,0.02,0.03,0.03,18/01/19
18/01/19,15/03/19,156.82,230,55.96,0.153315069,0.35736,0.024,0.025,0.02,0.03,0.04,18/01/19
18/01/19,15/03/19,156.82,235,55.96,0.153315069,0.37577,0.024,0.025,0.02,0.03,0.03,18/01/19
18/01/19,15/03/19,156.82,240,55.96,0.153315069,0.37442,0.024,0.02,0,0.04,0.03,18/01/19
18/01/19,15/03/19,156.82,245,55.96,0.153315069,0.37595,0.024,0.01,0,0.02,0.03,18/01/19
18/01/19,15/03/19,156.82,250,55.96,0.153315069,0.39124,0.024,0.01,0,0.02,0.02,18/01/19
18/01/19,15/03/19,156.82,255,55.96,0.153315069,0.4074,0.024,0.01,0,0.02,0.02,18/01/19
18/01/19,15/03/19,156.82,260,55.96,0.153315069,0.43539,0.024,0.02,0.02,0.02,0.03,18/01/19
18/01/19,15/03/19,156.82,265,55.96,0.153315069,0.43432,0.024,0.01,0,0.02,0.03,18/01/19
18/01/19,15/03/19,156.82,270,55.96,0.153315069,0.4241,0.024,0.005,0,0.01,0.02,18/01/19
18/01/19,15/03/19,156.82,275,55.96,0.153315069,0.49002,0.024,0.025,0,0.05,0.03,18/01/19
18/01/19,15/03/19,156.82,280,55.96,0.153315069,0.47465,0.024,0.015,0,0.03,0.01,18/01/19
18/01/19,15/03/19,156.82,285,55.96,0.153315069,0.51713,0.024,0.02,0,0.04,0.05,18/01/19
18/01/19,15/03/19,156.82,290,55.96,0.153315069,0.53065,0.024,0.02,0,0.04,0.04,18/01/19
18/01/19,15/03/19,156.82,295,55.96,0.153315069,0.54395,0.024,0.02,0,0.04,0.07,18/01/19
18/01/19,15/03/19,156.82,300,55.96,0.153315069,0.55637,0.024,0.02,0,0.04,0.01,18/01/19
18/01/19,18/04/19,156.82,40,89.96,0.246465753,2.94661,0.024095759,116.845,116.65,117.04,104.79,18/01/19
18/01/19,18/04/19,156.82,45,89.96,0.246465753,2.51295,0.024095759,111.875,111.65,112.1,0,18/01/19
18/01/19,18/04/19,156.82,55,89.96,0.246465753,1.87438,0.024095759,101.85,101.65,102.05,98.83,18/01/19
18/01/19,18/04/19,156.82,60,89.96,0.246465753,1.64537,0.024095759,96.925,96.7,97.15,95.21,18/01/19
18/01/19,18/04/19,156.82,65,89.96,0.246465753,1.43427,0.024095759,91.85,91.65,92.05,144.55,18/01/19
18/01/19,18/04/19,156.82,70,89.96,0.246465753,1.26232,0.024095759,86.85,86.65,87.05,0,18/01/19
18/01/19,18/04/19,156.82,75,89.96,0.246465753,1.12031,0.024095759,81.925,81.7,82.15,83.1,18/01/19
18/01/19,18/04/19,156.82,80,89.96,0.246465753,0.9897,0.024095759,76.92,76.75,77.09,0,18/01/19
18/01/19,18/04/19,156.82,85,89.96,0.246465753,0.87394,0.024095759,71.92,71.75,72.09,0,18/01/19
18/01/19,18/04/19,156.82,90,89.96,0.246465753,0.77177,0.024095759,66.92,66.75,67.09,0,18/01/19
18/01/19,18/04/19,156.82,95,89.96,0.246465753,0.68555,0.024095759,61.975,61.8,62.15,124.27,18/01/19
18/01/19,18/04/19,156.82,100,89.96,0.246465753,0.60858,0.024095759,57.025,56.85,57.2,57.3,18/01/19
18/01/19,18/04/19,156.82,105,89.96,0.246465753,0.54059,0.024095759,52.075,51.9,52.25,52.46,18/01/19
18/01/19,18/04/19,156.82,110,89.96,0.246465753,0.48931,0.024095759,47.225,47,47.45,44.83,18/01/19
18/01/19,18/04/19,156.82,115,89.96,0.246465753,0.43884,0.024095759,42.32,42.14,42.5,36,18/01/19
18/01/19,18/04/19,156.82,120,89.96,0.246465753,0.39917,0.024095759,37.505,37.31,37.7,37.78,18/01/19
18/01/19,18/04/19,156.82,125,89.96,0.246465753,0.36736,0.024095759,32.75,32.6,32.9,33,18/01/19
18/01/19,18/04/19,156.82,130,89.96,0.246465753,0.34195,0.024095759,28.12,27.99,28.25,28.25,18/01/19
18/01/19,18/04/19,156.82,135,89.96,0.246465753,0.32722,0.024095759,23.785,23.66,23.91,23.96,18/01/19
18/01/19,18/04/19,156.82,140,89.96,0.246465753,0.3133,0.024095759,19.65,19.5,19.8,19.13,18/01/19
18/01/19,18/04/19,156.82,145,89.96,0.246465753,0.30011,0.024095759,15.8,15.75,15.85,15.36,18/01/19
18/01/19,18/04/19,156.82,150,89.96,0.246465753,0.28812,0.024095759,12.32,12.24,12.4,12,18/01/19
18/01/19,18/04/19,156.82,155,89.96,0.246465753,0.27883,0.024095759,9.32,9.3,9.34,9.15,18/01/19
18/01/19,18/04/19,156.82,160,89.96,0.246465753,0.27033,0.024095759,6.795,6.75,6.84,6.6,18/01/19
18/01/19,18/04/19,156.82,165,89.96,0.246465753,0.26182,0.024095759,4.745,4.69,4.8,4.7,18/01/19
18/01/19,18/04/19,156.82,170,89.96,0.246465753,0.25495,0.024095759,3.175,3.15,3.2,3.15,18/01/19
18/01/19,18/04/19,156.82,175,89.96,0.246465753,0.25043,0.024095759,2.08,2.05,2.11,2.02,18/01/19
18/01/19,18/04/19,156.82,180,89.96,0.246465753,0.248,0.024095759,1.32,1.31,1.33,1.3,18/01/19
18/01/19,18/04/19,156.82,185,89.96,0.246465753,0.24814,0.024095759,0.84,0.82,0.86,0.79,18/01/19
18/01/19,18/04/19,156.82,190,89.96,0.246465753,0.24836,0.024095759,0.53,0.52,0.54,0.5,18/01/19
18/01/19,18/04/19,156.82,195,89.96,0.246465753,0.25341,0.024095759,0.36,0.33,0.39,0.34,18/01/19
18/01/19,18/04/19,156.82,200,89.96,0.246465753,0.2563,0.024095759,0.24,0.23,0.25,0.23,18/01/19
18/01/19,18/04/19,156.82,205,89.96,0.246465753,0.26575,0.024095759,0.185,0.17,0.2,0.18,18/01/19
18/01/19,18/04/19,156.82,210,89.96,0.246465753,0.27372,0.024095759,0.135,0.13,0.14,0.13,18/01/19
18/01/19,18/04/19,156.82,220,89.96,0.246465753,0.29352,0.024095759,0.1,0.09,0.11,0.11,18/01/19
18/01/19,18/04/19,156.82,225,89.96,0.246465753,0.30318,0.024095759,0.07,0.06,0.08,0.08,18/01/19
18/01/19,18/04/19,156.82,230,89.96,0.246465753,0.3105,0.024095759,0.06,0.05,0.07,0.07,18/01/19
18/01/19,18/04/19,156.82,235,89.96,0.246465753,0.31881,0.024095759,0.045,0.03,0.06,0.07,18/01/19
18/01/19,18/04/19,156.82,240,89.96,0.246465753,0.33273,0.024095759,0.045,0.03,0.06,0.06,18/01/19
18/01/19,18/04/19,156.82,245,89.96,0.246465753,0.34306,0.024095759,0.04,0,0.08,0.05,18/01/19
18/01/19,18/04/19,156.82,250,89.96,0.246465753,0.33586,0.024095759,0.02,0.01,0.03,0.04,18/01/19
18/01/19,18/04/19,156.82,255,89.96,0.246465753,0.35468,0.024095759,0.03,0,0.06,0.05,18/01/19
18/01/19,18/04/19,156.82,260,89.96,0.246465753,0.36635,0.024095759,0.025,0,0.05,0.05,18/01/19
18/01/19,18/04/19,156.82,265,89.96,0.246465753,0.38444,0.024095759,0.035,0.01,0.06,0.04,18/01/19
18/01/19,18/04/19,156.82,270,89.96,0.246465753,0.39665,0.024095759,0.035,0.01,0.06,0.04,18/01/19
18/01/19,18/04/19,156.82,275,89.96,0.246465753,0.40234,0.024095759,0.03,0,0.06,0.06,18/01/19
18/01/19,18/04/19,156.82,280,89.96,0.246465753,0.399,0.024095759,0.025,0,0.05,0.04,18/01/19
18/01/19,18/04/19,156.82,285,89.96,0.246465753,0.41797,0.024095759,0.025,0,0.05,0.03,18/01/19
18/01/19,18/04/19,156.82,290,89.96,0.246465753,0.44104,0.024095759,0.03,0.01,0.05,0.02,18/01/19
18/01/19,18/04/19,156.82,295,89.96,0.246465753,0.43797,0.024095759,0.025,0,0.05,0.03,18/01/19
18/01/19,18/04/19,156.82,300,89.96,0.246465753,0.4288,0.024095759,0.01,0,0.02,0.03,18/01/19
18/01/19,18/04/19,156.82,305,89.96,0.246465753,0.46687,0.024095759,0.025,0,0.05,0.02,18/01/19
18/01/19,18/04/19,156.82,310,89.96,0.246465753,0.46874,0.024095759,0.025,0,0.05,0.09,18/01/19
18/01/19,18/04/19,156.82,315,89.96,0.246465753,0.46901,0.024095759,0.02,0,0.04,0.23,18/01/19
18/01/19,18/04/19,156.82,320,89.96,0.246465753,0.47854,0.024095759,0.02,0,0.04,0.03,18/01/19
18/01/19,18/04/19,156.82,325,89.96,0.246465753,0.48803,0.024095759,0.015,0,0.03,0.04,18/01/19
18/01/19,18/04/19,156.82,330,89.96,0.246465753,0.49684,0.024095759,0.02,0,0.04,0.02,18/01/19
18/01/19,18/04/19,156.82,335,89.96,0.246465753,0.50517,0.024095759,0.02,0,0.04,0.06,18/01/19
18/01/19,18/04/19,156.82,340,89.96,0.246465753,0.51378,0.024095759,0.02,0,0.04,0.13,18/01/19
18/01/19,18/04/19,156.82,345,89.96,0.246465753,0.5218,0.024095759,0.02,0,0.04,0.03,18/01/19
18/01/19,18/04/19,156.82,350,89.96,0.246465753,0.52997,0.024095759,0.025,0,0.05,0.12,18/01/19
18/01/19,18/04/19,156.82,355,89.96,0.246465753,0.5389,0.024095759,0.025,0,0.05,0.1,18/01/19
18/01/19,18/04/19,156.82,360,89.96,0.246465753,0.54705,0.024095759,0.025,0,0.05,0.06,18/01/19
18/01/19,18/04/19,156.82,365,89.96,0.246465753,0.55524,0.024095759,0.02,0,0.04,0.1,18/01/19
18/01/19,18/04/19,156.82,370,89.96,0.246465753,0.56263,0.024095759,0.02,0,0.04,0.08,18/01/19
18/01/19,18/04/19,156.82,375,89.96,0.246465753,0.57021,0.024095759,0.025,0,0.05,0.04,18/01/19
18/01/19,18/04/19,156.82,380,89.96,0.246465753,0.57775,0.024095759,0.02,0,0.04,0.01,18/01/19
18/01/19,18/04/19,156.82,385,89.96,0.246465753,0.58518,0.024095759,0.025,0,0.05,0.05,18/01/19
18/01/19,18/04/19,156.82,390,89.96,0.246465753,0.59387,0.024095759,0.02,0,0.04,0.17,18/01/19
18/01/19,18/04/19,156.82,395,89.96,0.246465753,0.59989,0.024095759,0.02,0,0.04,0.1,18/01/19
18/01/19,18/04/19,156.82,400,89.96,0.246465753,0.57671,0.024095759,0.01,0,0.02,0.02,18/01/19
18/01/19,18/04/19,156.82,405,89.96,0.246465753,0.61497,0.024095759,0.025,0,0.05,0.02,18/01/19
18/01/19,18/04/19,156.82,410,89.96,0.246465753,1.13198,0.024095759,2.5,0,5,0.01,18/01/19
18/01/19,18/04/19,156.82,415,89.96,0.246465753,0.62813,0.024095759,0.02,0,0.04,0,18/01/19
18/01/19,18/04/19,156.82,420,89.96,0.246465753,0.63617,0.024095759,0.015,0,0.03,0.02,18/01/19
18/01/19,18/04/19,156.82,425,89.96,0.246465753,0.65354,0.024095759,0.025,0,0.05,0.04,18/01/19
18/01/19,21/06/19,156.82,80,153.96,0.421808219,0.77445,0.02471851,76.94,76.74,77.14,0,18/01/19
18/01/19,21/06/19,156.82,85,153.96,0.421808219,0.68817,0.02471851,71.975,71.8,72.15,85.79,18/01/19
18/01/19,21/06/19,156.82,90,153.96,0.421808219,0.6223,0.02471851,67.13,66.9,67.36,62.7,18/01/19
18/01/19,21/06/19,156.82,95,153.96,0.421808219,0.55385,0.02471851,62.15,61.95,62.35,62.5,18/01/19
18/01/19,21/06/19,156.82,100,153.96,0.421808219,0.50209,0.02471851,57.275,57.1,57.45,57.6,18/01/19
18/01/19,21/06/19,156.82,105,153.96,0.421808219,0.4617,0.02471851,52.485,52.31,52.66,52.76,18/01/19
18/01/19,21/06/19,156.82,110,153.96,0.421808219,0.42499,0.02471851,47.68,47.51,47.85,48.24,18/01/19
18/01/19,21/06/19,156.82,115,153.96,0.421808219,0.3918,0.02471851,42.9,42.75,43.05,43.37,18/01/19
18/01/19,21/06/19,156.82,120,153.96,0.421808219,0.36873,0.02471851,38.28,38.11,38.45,38.47,18/01/19
18/01/19,21/06/19,156.82,125,153.96,0.421808219,0.35044,0.02471851,33.795,33.65,33.94,34.4,18/01/19
18/01/19,21/06/19,156.82,130,153.96,0.421808219,0.33541,0.02471851,29.505,29.36,29.65,30.1,18/01/19
18/01/19,21/06/19,156.82,135,153.96,0.421808219,0.32177,0.02471851,25.38,25.25,25.51,25.1,18/01/19
18/01/19,21/06/19,156.82,140,153.96,0.421808219,0.31164,0.02471851,21.585,21.51,21.66,21.6,18/01/19
18/01/19,21/06/19,156.82,145,153.96,0.421808219,0.30253,0.02471851,18.025,17.95,18.1,17.7,18/01/19
18/01/19,21/06/19,156.82,150,153.96,0.421808219,0.29356,0.02471851,14.795,14.74,14.85,14.7,18/01/19
18/01/19,21/06/19,156.82,155,153.96,0.421808219,0.28603,0.02471851,11.95,11.9,12,11.5,18/01/19
18/01/19,21/06/19,156.82,160,153.96,0.421808219,0.27776,0.02471851,9.405,9.36,9.45,9.3,18/01/19
18/01/19,21/06/19,156.82,165,153.96,0.421808219,0.27125,0.02471851,7.3,7.25,7.35,7,18/01/19
18/01/19,21/06/19,156.82,170,153.96,0.421808219,0.26642,0.02471851,5.55,5.5,5.6,5.45,18/01/19
18/01/19,21/06/19,156.82,175,153.96,0.421808219,0.26117,0.02471851,4.125,4.11,4.14,4,18/01/19
18/01/19,21/06/19,156.82,180,153.96,0.421808219,0.25813,0.02471851,3.05,3,3.1,2.99,18/01/19
18/01/19,21/06/19,156.82,185,153.96,0.421808219,0.25685,0.02471851,2.24,2.22,2.26,2.21,18/01/19
18/01/19,21/06/19,156.82,190,153.96,0.421808219,0.25614,0.02471851,1.63,1.61,1.65,1.64,18/01/19
18/01/19,21/06/19,156.82,195,153.96,0.421808219,0.25516,0.02471851,1.19,1.17,1.21,1.18,18/01/19
18/01/19,21/06/19,156.82,200,153.96,0.421808219,0.25688,0.02471851,0.88,0.86,0.9,0.88,18/01/19
18/01/19,21/06/19,156.82,205,153.96,0.421808219,0.26058,0.02471851,0.67,0.65,0.69,0.62,18/01/19
18/01/19,21/06/19,156.82,210,153.96,0.421808219,0.26385,0.02471851,0.51,0.49,0.53,0.5,18/01/19
18/01/19,21/06/19,156.82,215,153.96,0.421808219,0.26785,0.02471851,0.4,0.38,0.42,0.39,18/01/19
18/01/19,21/06/19,156.82,220,153.96,0.421808219,0.27242,0.02471851,0.32,0.3,0.34,0.29,18/01/19
18/01/19,21/06/19,156.82,225,153.96,0.421808219,0.2781,0.02471851,0.26,0.24,0.28,0.26,18/01/19
18/01/19,21/06/19,156.82,230,153.96,0.421808219,0.28442,0.02471851,0.225,0.21,0.24,0.2,18/01/19
18/01/19,21/06/19,156.82,235,153.96,0.421808219,0.29113,0.02471851,0.2,0.18,0.22,0.19,18/01/19
18/01/19,21/06/19,156.82,240,153.96,0.421808219,0.29668,0.02471851,0.16,0.14,0.18,0.17,18/01/19
18/01/19,21/06/19,156.82,245,153.96,0.421808219,0.30185,0.02471851,0.13,0.12,0.14,0.17,18/01/19
18/01/19,21/06/19,156.82,250,153.96,0.421808219,0.31086,0.02471851,0.135,0.12,0.15,0.12,18/01/19
18/01/19,21/06/19,156.82,255,153.96,0.421808219,0.31639,0.02471851,0.115,0.1,0.13,0.12,18/01/19
18/01/19,21/06/19,156.82,260,153.96,0.421808219,0.32337,0.02471851,0.105,0.1,0.11,0.1,18/01/19
18/01/19,21/06/19,156.82,265,153.96,0.421808219,0.32981,0.02471851,0.095,0.08,0.11,0.1,18/01/19
18/01/19,21/06/19,156.82,270,153.96,0.421808219,0.33764,0.02471851,0.09,0.08,0.1,0.07,18/01/19
18/01/19,21/06/19,156.82,275,153.96,0.421808219,0.34717,0.02471851,0.085,0.05,0.12,0.08,18/01/19
18/01/19,21/06/19,156.82,280,153.96,0.421808219,0.35011,0.02471851,0.075,0.05,0.1,0.08,18/01/19
18/01/19,21/06/19,156.82,285,153.96,0.421808219,0.36146,0.02471851,0.08,0.05,0.11,0.08,18/01/19
18/01/19,21/06/19,156.82,290,153.96,0.421808219,0.3651,0.02471851,0.07,0.04,0.1,0.1,18/01/19
18/01/19,21/06/19,156.82,295,153.96,0.421808219,0.36435,0.02471851,0.055,0.04,0.07,0.06,18/01/19
18/01/19,21/06/19,156.82,300,153.96,0.421808219,0.37876,0.02471851,0.075,0.05,0.1,0.06,18/01/19
18/01/19,21/06/19,156.82,310,153.96,0.421808219,0.39204,0.02471851,0.065,0.03,0.1,0.04,18/01/19
18/01/19,21/06/19,156.82,320,153.96,0.421808219,0.40088,0.02471851,0.05,0.02,0.08,0.03,18/01/19
18/01/19,21/06/19,156.82,330,153.96,0.421808219,0.41466,0.02471851,0.05,0.02,0.08,0.03,18/01/19
18/01/19,21/06/19,156.82,340,153.96,0.421808219,0.42961,0.02471851,0.045,0.02,0.07,0.02,18/01/19
18/01/19,19/07/19,156.82,80,181.96,0.498520548,0.71334,0.024994674,76.95,76.74,77.16,73.25,18/01/19
18/01/19,19/07/19,156.82,85,181.96,0.498520548,0.63579,0.024994674,71.995,71.79,72.2,67.11,18/01/19
18/01/19,19/07/19,156.82,90,181.96,0.498520548,0.56929,0.024994674,67.07,66.9,67.24,62.25,18/01/19
18/01/19,19/07/19,156.82,95,181.96,0.498520548,0.5182,0.024994674,62.255,62.05,62.46,63.1,18/01/19
18/01/19,19/07/19,156.82,100,181.96,0.498520548,0.47177,0.024994674,57.395,57.2,57.59,56.03,18/01/19
18/01/19,19/07/19,156.82,105,181.96,0.498520548,0.43031,0.024994674,52.555,52.36,52.75,50.28,18/01/19
18/01/19,19/07/19,156.82,110,181.96,0.498520548,0.3999,0.024994674,47.795,47.6,47.99,37.5,18/01/19
18/01/19,19/07/19,156.82,115,181.96,0.498520548,0.37455,0.024994674,43.125,42.95,43.3,43.4,18/01/19
18/01/19,19/07/19,156.82,120,181.96,0.498520548,0.35741,0.024994674,38.625,38.45,38.8,38.9,18/01/19
18/01/19,19/07/19,156.82,125,181.96,0.498520548,0.34036,0.024994674,34.195,34.05,34.34,32.43,18/01/19
18/01/19,19/07/19,156.82,130,181.96,0.498520548,0.32802,0.024994674,29.995,29.84,30.15,29.6,18/01/19
18/01/19,19/07/19,156.82,135,181.96,0.498520548,0.31624,0.024994674,26,25.85,26.15,26.35,18/01/19
18/01/19,19/07/19,156.82,140,181.96,0.498520548,0.30551,0.024994674,22.22,22.1,22.34,21.87,18/01/19
18/01/19,19/07/19,156.82,145,181.96,0.498520548,0.29792,0.024994674,18.795,18.69,18.9,19.06,18/01/19
18/01/19,19/07/19,156.82,150,181.96,0.498520548,0.2896,0.024994674,15.6,15.5,15.7,15.46,18/01/19
18/01/19,19/07/19,156.82,155,181.96,0.498520548,0.28151,0.024994674,12.75,12.65,12.85,12.52,18/01/19
18/01/19,19/07/19,156.82,160,181.96,0.498520548,0.27457,0.024994674,10.25,10.15,10.35,9.95,18/01/19
18/01/19,19/07/19,156.82,165,181.96,0.498520548,0.26944,0.024994674,8.12,8.04,8.2,7.8,18/01/19
18/01/19,19/07/19,156.82,170,181.96,0.498520548,0.26356,0.024994674,6.305,6.25,6.36,6.1,18/01/19
18/01/19,19/07/19,156.82,175,181.96,0.498520548,0.25948,0.024994674,4.83,4.76,4.9,4.75,18/01/19
18/01/19,19/07/19,156.82,180,181.96,0.498520548,0.25648,0.024994674,3.655,3.61,3.7,3.55,18/01/19
18/01/19,19/07/19,156.82,185,181.96,0.498520548,0.25293,0.024994674,2.72,2.69,2.75,2.59,18/01/19
18/01/19,19/07/19,156.82,190,181.96,0.498520548,0.25182,0.024994674,2.04,1.99,2.09,1.89,18/01/19
18/01/19,19/07/19,156.82,195,181.96,0.498520548,0.25171,0.024994674,1.525,1.49,1.56,1.44,18/01/19
18/01/19,19/07/19,156.82,200,181.96,0.498520548,0.25127,0.024994674,1.13,1.09,1.17,1.06,18/01/19
18/01/19,19/07/19,156.82,205,181.96,0.498520548,0.25181,0.024994674,0.85,0.83,0.87,0.78,18/01/19
18/01/19,19/07/19,156.82,210,181.96,0.498520548,0.25481,0.024994674,0.66,0.63,0.69,0.58,18/01/19
18/01/19,19/07/19,156.82,215,181.96,0.498520548,0.25791,0.024994674,0.52,0.49,0.55,0.48,18/01/19
18/01/19,19/07/19,156.82,220,181.96,0.498520548,0.26034,0.024994674,0.405,0.38,0.43,0.39,18/01/19
18/01/19,19/07/19,156.82,225,181.96,0.498520548,0.26436,0.024994674,0.32,0.3,0.34,0.3,18/01/19
18/01/19,19/07/19,156.82,230,181.96,0.498520548,0.27037,0.024994674,0.28,0.25,0.31,0.26,18/01/19
18/01/19,19/07/19,156.82,235,181.96,0.498520548,0.2761,0.024994674,0.235,0.21,0.26,0.27,18/01/19
18/01/19,19/07/19,156.82,240,181.96,0.498520548,0.27932,0.024994674,0.2,0.18,0.22,0.17,18/01/19
18/01/19,19/07/19,156.82,245,181.96,0.498520548,0.2877,0.024994674,0.175,0.15,0.2,0.19,18/01/19
18/01/19,19/07/19,156.82,250,181.96,0.498520548,0.29245,0.024994674,0.155,0.14,0.17,0.14,18/01/19
18/01/19,19/07/19,156.82,255,181.96,0.498520548,0.2975,0.024994674,0.145,0.12,0.17,0.2,18/01/19
18/01/19,19/07/19,156.82,260,181.96,0.498520548,0.30454,0.024994674,0.12,0.1,0.14,0.15,18/01/19
18/01/19,19/07/19,156.82,265,181.96,0.498520548,0.31227,0.024994674,0.12,0.09,0.15,0.47,18/01/19
18/01/19,19/07/19,156.82,270,181.96,0.498520548,0.31705,0.024994674,0.11,0.09,0.13,0.11,18/01/19
18/01/19,19/07/19,156.82,275,181.96,0.498520548,0.32141,0.024994674,0.09,0.07,0.11,0.14,18/01/19
18/01/19,19/07/19,156.82,280,181.96,0.498520548,0.33436,0.024994674,0.11,0.09,0.13,0.1,18/01/19
18/01/19,19/07/19,156.82,285,181.96,0.498520548,0.33455,0.024994674,0.075,0.05,0.1,0.09,18/01/19
18/01/19,19/07/19,156.82,290,181.96,0.498520548,0.34078,0.024994674,0.08,0.05,0.11,0.07,18/01/19
18/01/19,17/01/20,156.82,50,364,0.997260274,1.10088,0.025994521,106.82,106.64,107,104.91,18/01/19
18/01/19,17/01/20,156.82,55,364,0.997260274,0.96158,0.025994521,101.875,101.7,102.05,98.39,18/01/19
18/01/19,17/01/20,156.82,60,364,0.997260274,0.8463,0.025994521,96.95,96.75,97.15,94.84,18/01/19
18/01/19,17/01/20,156.82,65,364,0.997260274,0.74313,0.025994521,91.905,91.7,92.11,103.4,18/01/19
18/01/19,17/01/20,156.82,70,364,0.997260274,0.65838,0.025994521,86.93,86.75,87.11,80,18/01/19
18/01/19,17/01/20,156.82,75,364,0.997260274,0.58793,0.025994521,82,81.8,82.2,72.35,18/01/19
18/01/19,17/01/20,156.82,80,364,0.997260274,0.52897,0.025994521,77.125,76.95,77.3,76.05,18/01/19
18/01/19,17/01/20,156.82,85,364,0.997260274,0.48428,0.025994521,72.35,72.15,72.55,69.75,18/01/19
18/01/19,17/01/20,156.82,90,364,0.997260274,0.44875,0.025994521,67.65,67.45,67.85,65.6,18/01/19
18/01/19,17/01/20,156.82,95,364,0.997260274,0.41884,0.025994521,62.985,62.81,63.16,57.58,18/01/19
18/01/19,17/01/20,156.82,100,364,0.997260274,0.39722,0.025994521,58.42,58.25,58.59,57.95,18/01/19
18/01/19,17/01/20,156.82,105,364,0.997260274,0.38043,0.025994521,53.975,53.8,54.15,54.22,18/01/19
18/01/19,17/01/20,156.82,110,364,0.997260274,0.36627,0.025994521,49.65,49.5,49.8,50.15,18/01/19
18/01/19,17/01/20,156.82,115,364,0.997260274,0.3532,0.025994521,45.38,45.2,45.56,45.8,18/01/19
18/01/19,17/01/20,156.82,120,364,0.997260274,0.34338,0.025994521,41.325,41.15,41.5,40.71,18/01/19
18/01/19,17/01/20,156.82,125,364,0.997260274,0.33343,0.025994521,37.38,37.26,37.5,36.95,18/01/19
18/01/19,17/01/20,156.82,130,364,0.997260274,0.32482,0.025994521,33.63,33.51,33.75,33,18/01/19
18/01/19,17/01/20,156.82,135,364,0.997260274,0.31795,0.025994521,30.075,30,30.15,29.49,18/01/19
18/01/19,17/01/20,156.82,140,364,0.997260274,0.31064,0.025994521,26.7,26.6,26.8,26.16,18/01/19
18/01/19,17/01/20,156.82,145,364,0.997260274,0.30376,0.025994521,23.575,23.5,23.65,23.1,18/01/19
18/01/19,17/01/20,156.82,150,364,0.997260274,0.29698,0.025994521,20.625,20.55,20.7,20.2,18/01/19
18/01/19,17/01/20,156.82,155,364,0.997260274,0.29234,0.025994521,17.975,17.9,18.05,17.57,18/01/19
18/01/19,17/01/20,156.82,160,364,0.997260274,0.28614,0.025994521,15.475,15.4,15.55,15.4,18/01/19
18/01/19,17/01/20,156.82,165,364,0.997260274,0.28075,0.025994521,13.27,13.19,13.35,13.14,18/01/19
18/01/19,17/01/20,156.82,170,364,0.997260274,0.27584,0.025994521,11.295,11.19,11.4,11.1,18/01/19
18/01/19,17/01/20,156.82,175,364,0.997260274,0.2723,0.025994521,9.57,9.49,9.65,9.46,18/01/19
18/01/19,17/01/20,156.82,180,364,0.997260274,0.2685,0.025994521,8.05,8,8.1,7.8,18/01/19
18/01/19,17/01/20,156.82,185,364,0.997260274,0.26604,0.025994521,6.72,6.64,6.8,6.5,18/01/19
18/01/19,17/01/20,156.82,190,364,0.997260274,0.26355,0.025994521,5.63,5.56,5.7,5.51,18/01/19
18/01/19,17/01/20,156.82,195,364,0.997260274,0.26089,0.025994521,4.67,4.59,4.75,4.46,18/01/19
18/01/19,17/01/20,156.82,200,364,0.997260274,0.25901,0.025994521,3.85,3.8,3.9,3.75,18/01/19
18/01/19,17/01/20,156.82,205,364,0.997260274,0.25752,0.025994521,3.195,3.15,3.24,3.05,18/01/19
18/01/19,17/01/20,156.82,210,364,0.997260274,0.25664,0.025994521,2.62,2.6,2.64,2.61,18/01/19
18/01/19,17/01/20,156.82,215,364,0.997260274,0.25539,0.025994521,2.175,2.14,2.21,2.15,18/01/19
18/01/19,17/01/20,156.82,220,364,0.997260274,0.25628,0.025994521,1.83,1.78,1.88,1.75,18/01/19
18/01/19,17/01/20,156.82,225,364,0.997260274,0.25541,0.025994521,1.515,1.48,1.55,1.5,18/01/19
18/01/19,17/01/20,156.82,230,364,0.997260274,0.25693,0.025994521,1.28,1.24,1.32,1.2,18/01/19
18/01/19,17/01/20,156.82,235,364,0.997260274,0.25669,0.025994521,1.065,1.04,1.09,1,18/01/19
18/01/19,17/01/20,156.82,240,364,0.997260274,0.25847,0.025994521,0.92,0.89,0.95,0.84,18/01/19
18/01/19,17/01/20,156.82,245,364,0.997260274,0.25959,0.025994521,0.78,0.75,0.81,0.75,18/01/19
18/01/19,17/01/20,156.82,250,364,0.997260274,0.26183,0.025994521,0.675,0.65,0.7,0.64,18/01/19
18/01/19,17/01/20,156.82,255,364,0.997260274,0.26424,0.025994521,0.585,0.55,0.62,0.53,18/01/19
18/01/19,17/01/20,156.82,260,364,0.997260274,0.2654,0.025994521,0.51,0.49,0.53,0.47,18/01/19
18/01/19,17/01/20,156.82,270,364,0.997260274,0.27038,0.025994521,0.395,0.37,0.42,0.38,18/01/19
18/01/19,17/01/20,156.82,280,364,0.997260274,0.27539,0.025994521,0.325,0.31,0.34,0.3,18/01/19
18/01/19,17/01/20,156.82,290,364,0.997260274,0.28186,0.025994521,0.265,0.25,0.28,0.26,18/01/19
18/01/19,17/01/20,156.82,300,364,0.997260274,0.28801,0.025994521,0.225,0.21,0.24,0.22,18/01/19
18/01/19,17/01/20,156.82,310,364,0.997260274,0.29524,0.025994521,0.205,0.2,0.21,0.2,18/01/19
18/01/19,17/01/20,156.82,320,364,0.997260274,0.29994,0.025994521,0.17,0.16,0.18,0.17,18/01/19
18/01/19,17/01/20,156.82,330,364,0.997260274,0.30744,0.025994521,0.155,0.14,0.17,0.19,18/01/19
18/01/19,17/01/20,156.82,340,364,0.997260274,0.31258,0.025994521,0.13,0.11,0.15,0.16,18/01/19
18/01/19,19/06/20,156.82,75,517.96,1.419068493,0.50975,0.026083814,82.12,81.25,82.99,80.65,18/01/19
18/01/19,19/06/20,156.82,80,517.96,1.419068493,0.46026,0.026083814,77.23,76.35,78.11,75.25,18/01/19
18/01/19,19/06/20,156.82,85,517.96,1.419068493,0.42889,0.026083814,72.605,71.71,73.5,67.75,18/01/19
18/01/19,19/06/20,156.82,90,517.96,1.419068493,0.40751,0.026083814,68.13,67.86,68.4,66.09,18/01/19
18/01/19,19/06/20,156.82,95,517.96,1.419068493,0.3903,0.026083814,63.695,63.45,63.94,55.59,18/01/19
18/01/19,19/06/20,156.82,100,517.96,1.419068493,0.37675,0.026083814,59.4,59.15,59.65,59.72,18/01/19
18/01/19,19/06/20,156.82,105,517.96,1.419068493,0.36411,0.026083814,55.155,54.9,55.41,53.65,18/01/19
18/01/19,19/06/20,156.82,110,517.96,1.419068493,0.35435,0.026083814,51.05,50.8,51.3,50.7,18/01/19
18/01/19,19/06/20,156.82,115,517.96,1.419068493,0.34692,0.026083814,47.115,46.84,47.39,38.52,18/01/19
18/01/19,19/06/20,156.82,120,517.96,1.419068493,0.33675,0.026083814,43.2,43,43.4,43.5,18/01/19
18/01/19,19/06/20,156.82,125,517.96,1.419068493,0.32956,0.026083814,39.53,39.3,39.76,40.05,18/01/19
18/01/19,19/06/20,156.82,130,517.96,1.419068493,0.32258,0.026083814,36.025,35.81,36.24,36.25,18/01/19
18/01/19,19/06/20,156.82,135,517.96,1.419068493,0.31683,0.026083814,32.695,32.49,32.9,32.34,18/01/19
18/01/19,19/06/20,156.82,140,517.96,1.419068493,0.31156,0.026083814,29.625,29.39,29.86,29.35,18/01/19
18/01/19,19/06/20,156.82,145,517.96,1.419068493,0.30826,0.026083814,26.755,26.5,27.01,26.15,18/01/19
18/01/19,19/06/20,156.82,150,517.96,1.419068493,0.30229,0.026083814,23.97,23.75,24.19,23.53,18/01/19
18/01/19,19/06/20,156.82,155,517.96,1.419068493,0.29839,0.026083814,21.395,21.2,21.59,21.3,18/01/19
18/01/19,19/06/20,156.82,160,517.96,1.419068493,0.29503,0.026083814,19.125,18.9,19.35,18.76,18/01/19
18/01/19,19/06/20,156.82,165,517.96,1.419068493,0.29042,0.026083814,16.95,16.74,17.16,16.59,18/01/19
18/01/19,19/06/20,156.82,170,517.96,1.419068493,0.28787,0.026083814,15.005,14.81,15.2,15.05,18/01/19
18/01/19,19/06/20,156.82,175,517.96,1.419068493,0.28485,0.026083814,13.25,13.04,13.46,12.96,18/01/19
18/01/19,19/06/20,156.82,180,517.96,1.419068493,0.28111,0.026083814,11.62,11.45,11.79,11.45,18/01/19
18/01/19,19/06/20,156.82,185,517.96,1.419068493,0.27941,0.026083814,10.22,10.04,10.4,9.45,18/01/19
18/01/19,19/06/20,156.82,190,517.96,1.419068493,0.27696,0.026083814,8.925,8.74,9.11,8.85,18/01/19
18/01/19,19/06/20,156.82,195,517.96,1.419068493,0.27521,0.026083814,7.805,7.65,7.96,7.65,18/01/19
18/01/19,19/06/20,156.82,200,517.96,1.419068493,0.27404,0.026083814,6.825,6.7,6.95,6.62,18/01/19
18/01/19,19/06/20,156.82,205,517.96,1.419068493,0.27306,0.026083814,5.965,5.79,6.14,5.92,18/01/19
18/01/19,19/06/20,156.82,210,517.96,1.419068493,0.27237,0.026083814,5.225,5.05,5.4,5.14,18/01/19
18/01/19,19/06/20,156.82,215,517.96,1.419068493,0.27079,0.026083814,4.55,4.4,4.7,4.5,18/01/19
18/01/19,19/06/20,156.82,220,517.96,1.419068493,0.27012,0.026083814,3.945,3.79,4.1,3.9,18/01/19
18/01/19,19/06/20,156.82,225,517.96,1.419068493,0.27026,0.026083814,3.475,3.35,3.6,3.4,18/01/19
18/01/19,19/06/20,156.82,230,517.96,1.419068493,0.26951,0.026083814,3.02,2.9,3.14,2.99,18/01/19
18/01/19,19/06/20,156.82,235,517.96,1.419068493,0.26935,0.026083814,2.655,2.55,2.76,2.55,18/01/19
18/01/19,19/06/20,156.82,240,517.96,1.419068493,0.26776,0.026083814,2.285,2.24,2.33,2.25,18/01/19
18/01/19,19/06/20,156.82,245,517.96,1.419068493,0.27011,0.026083814,2.06,1.96,2.16,2,18/01/19
18/01/19,19/06/20,156.82,250,517.96,1.419068493,0.26884,0.026083814,1.77,1.74,1.8,1.78,18/01/19
18/01/19,19/06/20,156.82,260,517.96,1.419068493,0.27209,0.026083814,1.44,1.34,1.54,1.38,18/01/19
18/01/19,19/06/20,156.82,270,517.96,1.419068493,0.27416,0.026083814,1.145,1.05,1.24,0.96,18/01/19
18/01/19,19/06/20,156.82,280,517.96,1.419068493,0.27654,0.026083814,0.935,0.83,1.04,0.88,18/01/19
18/01/19,19/06/20,156.82,290,517.96,1.419068493,0.27941,0.026083814,0.765,0.67,0.86,0.77,18/01/19
18/01/19,19/06/20,156.82,300,517.96,1.419068493,0.28235,0.026083814,0.64,0.54,0.74,0.68,18/01/19
18/01/19,19/06/20,156.82,310,517.96,1.419068493,0.28518,0.026083814,0.54,0.45,0.63,0.58,18/01/19
18/01/19,19/06/20,156.82,320,517.96,1.419068493,0.2894,0.026083814,0.455,0.36,0.55,0.46,18/01/19
18/01/19,19/06/20,156.82,330,517.96,1.419068493,0.29142,0.026083814,0.385,0.31,0.46,0.4,18/01/19
18/01/19,19/06/20,156.82,340,517.96,1.419068493,0.29995,0.026083814,0.37,0.3,0.44,0.33,18/01/19
18/01/19,15/01/21,156.82,75,728,1.994520548,0.42625,0.026198904,81.855,79.7,84.01,81.88,18/01/19
18/01/19,15/01/21,156.82,80,728,1.994520548,0.39876,0.026198904,77.295,75.1,79.49,78.23,18/01/19
18/01/19,15/01/21,156.82,85,728,1.994520548,0.38533,0.026198904,73.03,72.11,73.95,72.05,18/01/19
18/01/19,15/01/21,156.82,90,728,1.994520548,0.37201,0.026198904,68.745,67.89,69.6,69,18/01/19
18/01/19,15/01/21,156.82,95,728,1.994520548,0.36188,0.026198904,64.605,63.7,65.51,61.7,18/01/19
18/01/19,15/01/21,156.82,100,728,1.994520548,0.35158,0.026198904,60.445,59.64,61.25,60,18/01/19
18/01/19,15/01/21,156.82,105,728,1.994520548,0.34502,0.026198904,56.55,55.6,57.5,54.63,18/01/19
18/01/19,15/01/21,156.82,110,728,1.994520548,0.34104,0.026198904,52.825,51.8,53.85,53.65,18/01/19
18/01/19,15/01/21,156.82,115,728,1.994520548,0.3338,0.026198904,49.075,48.05,50.1,47.9,18/01/19
18/01/19,15/01/21,156.82,120,728,1.994520548,0.33038,0.026198904,45.65,44.95,46.35,46.25,18/01/19
18/01/19,15/01/21,156.82,125,728,1.994520548,0.32341,0.026198904,42.18,41.6,42.76,42.32,18/01/19
18/01/19,15/01/21,156.82,130,728,1.994520548,0.32327,0.026198904,39.23,38.85,39.61,38.73,18/01/19
18/01/19,15/01/21,156.82,135,728,1.994520548,0.32051,0.026198904,36.3,35.75,36.85,35.91,18/01/19
18/01/19,15/01/21,156.82,140,728,1.994520548,0.31293,0.026198904,33.095,32.8,33.39,32.65,18/01/19
18/01/19,15/01/21,156.82,145,728,1.994520548,0.31046,0.026198904,30.47,29.95,30.99,30,18/01/19
18/01/19,15/01/21,156.82,150,728,1.994520548,0.30438,0.026198904,27.75,27.45,28.05,27.5,18/01/19
18/01/19,15/01/21,156.82,155,728,1.994520548,0.30153,0.026198904,25.355,25,25.71,25,18/01/19
18/01/19,15/01/21,156.82,160,728,1.994520548,0.29985,0.026198904,23.17,22.69,23.65,23,18/01/19
18/01/19,15/01/21,156.82,165,728,1.994520548,0.29439,0.026198904,20.925,20.61,21.24,20.4,18/01/19
18/01/19,15/01/21,156.82,170,728,1.994520548,0.29057,0.026198904,18.85,18.4,19.3,18.45,18/01/19
18/01/19,15/01/21,156.82,175,728,1.994520548,0.28842,0.026198904,17.125,16.85,17.4,16.8,18/01/19
18/01/19,15/01/21,156.82,180,728,1.994520548,0.28556,0.026198904,15.4,15.2,15.6,15.2,18/01/19
18/01/19,15/01/21,156.82,185,728,1.994520548,0.28347,0.026198904,13.905,13.55,14.26,13.8,18/01/19
18/01/19,15/01/21,156.82,190,728,1.994520548,0.28066,0.026198904,12.48,12.21,12.75,12.69,18/01/19
18/01/19,15/01/21,156.82,195,728,1.994520548,0.27871,0.026198904,11.225,11,11.45,10.85,18/01/19
18/01/19,15/01/21,156.82,200,728,1.994520548,0.27829,0.026198904,10.175,9.95,10.4,9.9,18/01/19
18/01/19,15/01/21,156.82,205,728,1.994520548,0.27751,0.026198904,9.145,8.94,9.35,9.15,18/01/19
18/01/19,15/01/21,156.82,210,728,1.994520548,0.276,0.026198904,8.205,8.05,8.36,8.1,18/01/19
18/01/19,15/01/21,156.82,215,728,1.994520548,0.27477,0.026198904,7.4,7.2,7.6,7.06,18/01/19
18/01/19,15/01/21,156.82,220,728,1.994520548,0.2733,0.026198904,6.6,6.45,6.75,6.4,18/01/19
18/01/19,15/01/21,156.82,225,728,1.994520548,0.27241,0.026198904,5.945,5.79,6.1,5.7,18/01/19
18/01/19,15/01/21,156.82,230,728,1.994520548,0.27073,0.026198904,5.25,5,5.5,5.15,18/01/19
18/01/19,15/01/21,156.82,235,728,1.994520548,0.27162,0.026198904,4.8,4.65,4.95,4.6,18/01/19
18/01/19,15/01/21,156.82,240,728,1.994520548,0.27255,0.026198904,4.37,4.1,4.64,4.21,18/01/19
18/01/19,15/01/21,156.82,245,728,1.994520548,0.2715,0.026198904,3.945,3.7,4.19,3.79,18/01/19
18/01/19,15/01/21,156.82,250,728,1.994520548,0.27115,0.026198904,3.525,3.4,3.65,3.5,18/01/19
18/01/19,15/01/21,156.82,255,728,1.994520548,0.26965,0.026198904,3.125,2.79,3.46,3.25,18/01/19
18/01/19,15/01/21,156.82,260,728,1.994520548,0.26925,0.026198904,2.83,2.61,3.05,2.66,18/01/19
18/01/19,15/01/21,156.82,265,728,1.994520548,0.26839,0.026198904,2.52,2.26,2.78,2.54,18/01/19
18/01/19,15/01/21,156.82,270,728,1.994520548,0.27089,0.026198904,2.365,2.18,2.55,2.35,18/01/19
18/01/19,15/01/21,156.82,280,728,1.994520548,0.27295,0.026198904,1.995,1.78,2.21,1.9,18/01/19
18/01/19,15/01/21,156.82,290,728,1.994520548,0.27541,0.026198904,1.7,1.49,1.91,1.63,18/01/19
18/01/19,15/01/21,156.82,300,728,1.994520548,0.27568,0.026198904,1.43,1.3,1.56,1.4,18/01/19
18/01/19,15/01/21,156.82,310,728,1.994520548,0.27649,0.026198904,1.175,1.05,1.3,1.25,18/01/19
18/01/19,15/01/21,156.82,320,728,1.994520548,0.27773,0.026198904,0.995,0.87,1.12,1.2,18/01/19
18/01/19,15/01/21,156.82,330,728,1.994520548,0.27816,0.026198904,0.835,0.67,1,0.9,18/01/19
18/01/19,15/01/21,156.82,340,728,1.994520548,0.28275,0.026198904,0.77,0.64,0.9,0.8,18/01/19
18/01/19,15/01/21,156.82,350,728,1.994520548,0.28762,0.026198904,0.72,0.64,0.8,0.67,18/01/19
18/01/19,15/01/21,156.82,360,728,1.994520548,0.28536,0.026198904,0.57,0.44,0.7,0.7,18/01/19
18/01/19,15/01/21,156.82,370,728,1.994520548,0.29789,0.026198904,0.645,0.59,0.7,0.51,18/01/19
18/01/19,15/01/21,156.82,380,728,1.994520548,0.29709,0.026198904,0.54,0.51,0.57,0.52,18/01/19
18/01/19,18/06/21,156.82,75,881.96,2.416328767,0.47005,0.026116734,83.755,82.01,85.5,84.18,18/01/19
18/01/19,18/06/21,156.82,80,881.96,2.416328767,0.38631,0.026116734,77.525,75.05,80,78.65,18/01/19
18/01/19,18/06/21,156.82,85,881.96,2.416328767,0.36573,0.026116734,73.025,70.55,75.5,0,18/01/19
18/01/19,18/06/21,156.82,90,881.96,2.416328767,0.3618,0.026116734,69.015,66.54,71.49,0,18/01/19
18/01/19,18/06/21,156.82,95,881.96,2.416328767,0.35497,0.026116734,65.025,62.55,67.5,65.65,18/01/19
18/01/19,18/06/21,156.82,100,881.96,2.416328767,0.35531,0.026116734,61.47,59,63.94,61.9,18/01/19
18/01/19,18/06/21,156.82,105,881.96,2.416328767,0.34615,0.026116734,57.53,55.05,60.01,0,18/01/19
18/01/19,18/06/21,156.82,110,881.96,2.416328767,0.33904,0.026116734,53.745,51.5,55.99,55,18/01/19
18/01/19,18/06/21,156.82,115,881.96,2.416328767,0.33394,0.026116734,50.25,48,52.5,50,18/01/19
18/01/19,18/06/21,156.82,120,881.96,2.416328767,0.33892,0.026116734,47.5,45.5,49.5,48.9,18/01/19
18/01/19,18/06/21,156.82,125,881.96,2.416328767,0.32711,0.026116734,43.75,41.5,46,45,18/01/19
18/01/19,18/06/21,156.82,130,881.96,2.416328767,0.32082,0.026116734,40.53,38.05,43.01,40.35,18/01/19
18/01/19,18/06/21,156.82,135,881.96,2.416328767,0.33271,0.026116734,38.855,37.21,40.5,37.81,18/01/19
18/01/19,18/06/21,156.82,140,881.96,2.416328767,0.31604,0.026116734,35.015,32.54,37.49,35.5,18/01/19
18/01/19,18/06/21,156.82,145,881.96,2.416328767,0.31569,0.026116734,32.625,30.25,35,0,18/01/19
18/01/19,18/06/21,156.82,150,881.96,2.416328767,0.31579,0.026116734,30.495,30,30.99,31,18/01/19
18/01/19,18/06/21,156.82,155,881.96,2.416328767,0.31405,0.026116734,28.275,27.5,29.05,28.56,18/01/19
18/01/19,18/06/21,156.82,160,881.96,2.416328767,0.29713,0.026116734,24.755,22.51,27,26,18/01/19
18/01/19,18/06/21,156.82,165,881.96,2.416328767,0.30678,0.026116734,23.87,21.75,25.99,22.4,18/01/19
18/01/19,18/06/21,156.82,170,881.96,2.416328767,0.30584,0.026116734,22.1,20.2,24,21.96,18/01/19
18/01/19,18/06/21,156.82,175,881.96,2.416328767,0.29204,0.026116734,19.23,17.55,20.91,20,18/01/19
18/01/19,18/06/21,156.82,180,881.96,2.416328767,0.28625,0.026116734,17.255,15.76,18.75,18.75,18/01/19
18/01/19,18/06/21,156.82,185,881.96,2.416328767,0.29299,0.026116734,16.52,14.04,19,16.19,18/01/19
18/01/19,18/06/21,156.82,190,881.96,2.416328767,0.28969,0.026116734,15.025,12.55,17.5,0,18/01/19
18/01/19,18/06/21,156.82,195,881.96,2.416328767,0.29425,0.026116734,14.305,12.11,16.5,14,18/01/19
18/01/19,18/06/21,156.82,200,881.96,2.416328767,0.29035,0.026116734,12.905,11.91,13.9,12.95,18/01/19
18/01/19,18/06/21,156.82,205,881.96,2.416328767,0.28622,0.026116734,11.525,9.05,14,0,18/01/19
18/01/19,18/06/21,156.82,210,881.96,2.416328767,0.28574,0.026116734,10.62,8.25,12.99,11.16,18/01/19
18/01/19,18/06/21,156.82,215,881.96,2.416328767,0.28233,0.026116734,9.525,7.05,12,0,18/01/19
18/01/19,18/06/21,156.82,220,881.96,2.416328767,0.27889,0.026116734,8.52,6.05,10.99,8.55,18/01/19
18/01/19,18/06/21,156.82,225,881.96,2.416328767,0.28129,0.026116734,8.025,5.55,10.5,0,18/01/19
18/01/19,18/06/21,156.82,230,881.96,2.416328767,0.29442,0.026116734,8.295,7.15,9.44,7.25,18/01/19
18/01/19,18/06/21,156.82,235,881.96,2.416328767,0.27776,0.026116734,6.55,4.1,9,6.31,18/01/19
18/01/19,18/06/21,156.82,240,881.96,2.416328767,0.29178,0.026116734,6.95,5.65,8.25,5.9,18/01/19
18/01/19,18/06/21,156.82,245,881.96,2.416328767,0.27902,0.026116734,5.6,3.2,8,0,18/01/19
18/01/19,18/06/21,156.82,250,881.96,2.416328767,0.28442,0.026116734,5.505,4.5,6.51,5.28,18/01/19
18/01/19,18/06/21,156.82,260,881.96,2.416328767,0.29424,0.026116734,5.245,3.49,7,3.95,18/01/19
18/01/19,18/06/21,156.82,270,881.96,2.416328767,0.2974,0.026116734,4.705,3.01,6.4,0,18/01/19
18/01/19,18/06/21,156.82,280,881.96,2.416328767,0.29871,0.026116734,4.095,2.5,5.69,2.75,18/01/19
18/01/19,18/06/21,156.82,290,881.96,2.416328767,0.29835,0.026116734,3.525,2,5.05,2.35,18/01/19
18/01/19,18/06/21,156.82,300,881.96,2.416328767,0.31517,0.026116734,3.83,2.1,5.56,2.1,18/01/19
22/01/19,25/01/19,153.68,148,3,0.008219178,0.25184,0.0238,5.825,5.75,5.9,5.55,22/01/19
22/01/19,25/01/19,153.68,149,3,0.008219178,0.2669,0.0238,4.98,4.9,5.06,5,22/01/19
22/01/19,25/01/19,153.68,150,3,0.008219178,0.29164,0.0238,4.255,4.21,4.3,4.2,22/01/19
22/01/19,25/01/19,153.68,152.5,3,0.008219178,0.28655,0.0238,2.48,2.42,2.54,2.53,22/01/19
22/01/19,25/01/19,153.68,155,3,0.008219178,0.27818,0.0238,1.21,1.19,1.23,1.23,22/01/19
22/01/19,25/01/19,153.68,157.5,3,0.008219178,0.27331,0.0238,0.48,0.47,0.49,0.48,22/01/19
22/01/19,25/01/19,153.68,160,3,0.008219178,0.27054,0.0238,0.16,0.16,0.16,0.15,22/01/19
22/01/19,25/01/19,153.68,162.5,3,0.008219178,0.28418,0.0238,0.06,0.05,0.07,0.05,22/01/19
22/01/19,25/01/19,153.68,165,3,0.008219178,0.3087,0.0238,0.025,0.02,0.03,0.02,22/01/19
22/01/19,25/01/19,153.68,167.5,3,0.008219178,0.34173,0.0238,0.02,0.02,0.02,0.02,22/01/19
22/01/19,25/01/19,153.68,170,3,0.008219178,0.34819,0.0238,0.005,0,0.01,0.01,22/01/19
22/01/19,25/01/19,153.68,172.5,3,0.008219178,0.39278,0.0238,0,0,0,0.01,22/01/19
